Visages et émotions	😀	grinning face
Visages et émotions	😃	grinning face with big eyes
Visages et émotions	😄	grinning face with smiling eyes
Visages et émotions	😁	beaming face with smiling eyes
Visages et émotions	😆	grinning squinting face
Visages et émotions	😅	grinning face with sweat
Visages et émotions	🤣	rolling on the floor laughing
Visages et émotions	😂	face with tears of joy
Visages et émotions	🙂	slightly smiling face
Visages et émotions	🙃	upside-down face
Visages et émotions	🫠	melting face
Visages et émotions	😉	winking face
Visages et émotions	😊	smiling face with smiling eyes
Visages et émotions	😇	smiling face with halo
Visages et émotions	🥰	smiling face with hearts
Visages et émotions	😍	smiling face with heart-eyes
Visages et émotions	🤩	star-struck
Visages et émotions	😘	face blowing a kiss
Visages et émotions	😗	kissing face
Visages et émotions	☺️	smiling face
Visages et émotions	😚	kissing face with closed eyes
Visages et émotions	😙	kissing face with smiling eyes
Visages et émotions	🥲	smiling face with tear
Visages et émotions	😋	face savoring food
Visages et émotions	😛	face with tongue
Visages et émotions	😜	winking face with tongue
Visages et émotions	🤪	zany face
Visages et émotions	😝	squinting face with tongue
Visages et émotions	🤑	money-mouth face
Visages et émotions	🤗	smiling face with open hands
Visages et émotions	🤭	face with hand over mouth
Visages et émotions	🫢	face with open eyes and hand over mouth
Visages et émotions	🫣	face with peeking eye
Visages et émotions	🤫	shushing face
Visages et émotions	🤔	thinking face
Visages et émotions	🫡	saluting face
Visages et émotions	🤐	zipper-mouth face
Visages et émotions	🤨	face with raised eyebrow
Visages et émotions	😐	neutral face
Visages et émotions	😑	expressionless face
Visages et émotions	😶	face without mouth
Visages et émotions	🫥	dotted line face
Visages et émotions	😶‍🌫️	face in clouds
Visages et émotions	😏	smirking face
Visages et émotions	😒	unamused face
Visages et émotions	🙄	face with rolling eyes
Visages et émotions	😬	grimacing face
Visages et émotions	😮‍💨	face exhaling
Visages et émotions	🤥	lying face
Visages et émotions	🫨	shaking face
Visages et émotions	🙂‍↔️	head shaking horizontally
Visages et émotions	🙂‍↕️	head shaking vertically
Visages et émotions	😌	relieved face
Visages et émotions	😔	pensive face
Visages et émotions	😪	sleepy face
Visages et émotions	🤤	drooling face
Visages et émotions	😴	sleeping face
Visages et émotions	🫩	face with bags under eyes
Visages et émotions	😷	face with medical mask
Visages et émotions	🤒	face with thermometer
Visages et émotions	🤕	face with head-bandage
Visages et émotions	🤢	nauseated face
Visages et émotions	🤮	face vomiting
Visages et émotions	🤧	sneezing face
Visages et émotions	🥵	hot face
Visages et émotions	🥶	cold face
Visages et émotions	🥴	woozy face
Visages et émotions	😵	face with crossed-out eyes
Visages et émotions	😵‍💫	face with spiral eyes
Visages et émotions	🤯	exploding head
Visages et émotions	🤠	cowboy hat face
Visages et émotions	🥳	partying face
Visages et émotions	🥸	disguised face
Visages et émotions	😎	smiling face with sunglasses
Visages et émotions	🤓	nerd face
Visages et émotions	🧐	face with monocle
Visages et émotions	😕	confused face
Visages et émotions	🫤	face with diagonal mouth
Visages et émotions	😟	worried face
Visages et émotions	🙁	slightly frowning face
Visages et émotions	☹️	frowning face
Visages et émotions	😮	face with open mouth
Visages et émotions	😯	hushed face
Visages et émotions	😲	astonished face
Visages et émotions	😳	flushed face
Visages et émotions	🫪	distorted face
Visages et émotions	🥺	pleading face
Visages et émotions	🥹	face holding back tears
Visages et émotions	😦	frowning face with open mouth
Visages et émotions	😧	anguished face
Visages et émotions	😨	fearful face
Visages et émotions	😰	anxious face with sweat
Visages et émotions	😥	sad but relieved face
Visages et émotions	😢	crying face
Visages et émotions	😭	loudly crying face
Visages et émotions	😱	face screaming in fear
Visages et émotions	😖	confounded face
Visages et émotions	😣	persevering face
Visages et émotions	😞	disappointed face
Visages et émotions	😓	downcast face with sweat
Visages et émotions	😩	weary face
Visages et émotions	😫	tired face
Visages et émotions	🥱	yawning face
Visages et émotions	😤	face with steam from nose
Visages et émotions	😡	enraged face
Visages et émotions	😠	angry face
Visages et émotions	🤬	face with symbols on mouth
Visages et émotions	😈	smiling face with horns
Visages et émotions	👿	angry face with horns
Visages et émotions	💀	skull
Visages et émotions	☠️	skull and crossbones
Visages et émotions	💩	pile of poo
Visages et émotions	🤡	clown face
Visages et émotions	👹	ogre
Visages et émotions	👺	goblin
Visages et émotions	👻	ghost
Visages et émotions	👽	alien
Visages et émotions	👾	alien monster
Visages et émotions	🤖	robot
Visages et émotions	😺	grinning cat
Visages et émotions	😸	grinning cat with smiling eyes
Visages et émotions	😹	cat with tears of joy
Visages et émotions	😻	smiling cat with heart-eyes
Visages et émotions	😼	cat with wry smile
Visages et émotions	😽	kissing cat
Visages et émotions	🙀	weary cat
Visages et émotions	😿	crying cat
Visages et émotions	😾	pouting cat
Visages et émotions	🙈	see-no-evil monkey
Visages et émotions	🙉	hear-no-evil monkey
Visages et émotions	🙊	speak-no-evil monkey
Visages et émotions	💌	love letter
Visages et émotions	💘	heart with arrow
Visages et émotions	💝	heart with ribbon
Visages et émotions	💖	sparkling heart
Visages et émotions	💗	growing heart
Visages et émotions	💓	beating heart
Visages et émotions	💞	revolving hearts
Visages et émotions	💕	two hearts
Visages et émotions	💟	heart decoration
Visages et émotions	❣️	heart exclamation
Visages et émotions	💔	broken heart
Visages et émotions	❤️‍🔥	heart on fire
Visages et émotions	❤️‍🩹	mending heart
Visages et émotions	❤️	red heart
Visages et émotions	🩷	pink heart
Visages et émotions	🧡	orange heart
Visages et émotions	💛	yellow heart
Visages et émotions	💚	green heart
Visages et émotions	💙	blue heart
Visages et émotions	🩵	light blue heart
Visages et émotions	💜	purple heart
Visages et émotions	🤎	brown heart
Visages et émotions	🖤	black heart
Visages et émotions	🩶	grey heart
Visages et émotions	🤍	white heart
Visages et émotions	💋	kiss mark
Visages et émotions	💯	hundred points
Visages et émotions	💢	anger symbol
Visages et émotions	🫯	fight cloud
Visages et émotions	💥	collision
Visages et émotions	💫	dizzy
Visages et émotions	💦	sweat droplets
Visages et émotions	💨	dashing away
Visages et émotions	🕳️	hole
Visages et émotions	💬	speech balloon
Visages et émotions	👁️‍🗨️	eye in speech bubble
Visages et émotions	🗨️	left speech bubble
Visages et émotions	🗯️	right anger bubble
Visages et émotions	💭	thought balloon
Visages et émotions	💤	ZZZ
Personnes et corps	👋	waving hand
Personnes et corps	👋🏻	waving hand: light skin tone
Personnes et corps	👋🏼	waving hand: medium-light skin tone
Personnes et corps	👋🏽	waving hand: medium skin tone
Personnes et corps	👋🏾	waving hand: medium-dark skin tone
Personnes et corps	👋🏿	waving hand: dark skin tone
Personnes et corps	🤚	raised back of hand
Personnes et corps	🤚🏻	raised back of hand: light skin tone
Personnes et corps	🤚🏼	raised back of hand: medium-light skin tone
Personnes et corps	🤚🏽	raised back of hand: medium skin tone
Personnes et corps	🤚🏾	raised back of hand: medium-dark skin tone
Personnes et corps	🤚🏿	raised back of hand: dark skin tone
Personnes et corps	🖐️	hand with fingers splayed
Personnes et corps	🖐🏻	hand with fingers splayed: light skin tone
Personnes et corps	🖐🏼	hand with fingers splayed: medium-light skin tone
Personnes et corps	🖐🏽	hand with fingers splayed: medium skin tone
Personnes et corps	🖐🏾	hand with fingers splayed: medium-dark skin tone
Personnes et corps	🖐🏿	hand with fingers splayed: dark skin tone
Personnes et corps	✋	raised hand
Personnes et corps	✋🏻	raised hand: light skin tone
Personnes et corps	✋🏼	raised hand: medium-light skin tone
Personnes et corps	✋🏽	raised hand: medium skin tone
Personnes et corps	✋🏾	raised hand: medium-dark skin tone
Personnes et corps	✋🏿	raised hand: dark skin tone
Personnes et corps	🖖	vulcan salute
Personnes et corps	🖖🏻	vulcan salute: light skin tone
Personnes et corps	🖖🏼	vulcan salute: medium-light skin tone
Personnes et corps	🖖🏽	vulcan salute: medium skin tone
Personnes et corps	🖖🏾	vulcan salute: medium-dark skin tone
Personnes et corps	🖖🏿	vulcan salute: dark skin tone
Personnes et corps	🫱	rightwards hand
Personnes et corps	🫱🏻	rightwards hand: light skin tone
Personnes et corps	🫱🏼	rightwards hand: medium-light skin tone
Personnes et corps	🫱🏽	rightwards hand: medium skin tone
Personnes et corps	🫱🏾	rightwards hand: medium-dark skin tone
Personnes et corps	🫱🏿	rightwards hand: dark skin tone
Personnes et corps	🫲	leftwards hand
Personnes et corps	🫲🏻	leftwards hand: light skin tone
Personnes et corps	🫲🏼	leftwards hand: medium-light skin tone
Personnes et corps	🫲🏽	leftwards hand: medium skin tone
Personnes et corps	🫲🏾	leftwards hand: medium-dark skin tone
Personnes et corps	🫲🏿	leftwards hand: dark skin tone
Personnes et corps	🫳	palm down hand
Personnes et corps	🫳🏻	palm down hand: light skin tone
Personnes et corps	🫳🏼	palm down hand: medium-light skin tone
Personnes et corps	🫳🏽	palm down hand: medium skin tone
Personnes et corps	🫳🏾	palm down hand: medium-dark skin tone
Personnes et corps	🫳🏿	palm down hand: dark skin tone
Personnes et corps	🫴	palm up hand
Personnes et corps	🫴🏻	palm up hand: light skin tone
Personnes et corps	🫴🏼	palm up hand: medium-light skin tone
Personnes et corps	🫴🏽	palm up hand: medium skin tone
Personnes et corps	🫴🏾	palm up hand: medium-dark skin tone
Personnes et corps	🫴🏿	palm up hand: dark skin tone
Personnes et corps	🫷	leftwards pushing hand
Personnes et corps	🫷🏻	leftwards pushing hand: light skin tone
Personnes et corps	🫷🏼	leftwards pushing hand: medium-light skin tone
Personnes et corps	🫷🏽	leftwards pushing hand: medium skin tone
Personnes et corps	🫷🏾	leftwards pushing hand: medium-dark skin tone
Personnes et corps	🫷🏿	leftwards pushing hand: dark skin tone
Personnes et corps	🫸	rightwards pushing hand
Personnes et corps	🫸🏻	rightwards pushing hand: light skin tone
Personnes et corps	🫸🏼	rightwards pushing hand: medium-light skin tone
Personnes et corps	🫸🏽	rightwards pushing hand: medium skin tone
Personnes et corps	🫸🏾	rightwards pushing hand: medium-dark skin tone
Personnes et corps	🫸🏿	rightwards pushing hand: dark skin tone
Personnes et corps	👌	OK hand
Personnes et corps	👌🏻	OK hand: light skin tone
Personnes et corps	👌🏼	OK hand: medium-light skin tone
Personnes et corps	👌🏽	OK hand: medium skin tone
Personnes et corps	👌🏾	OK hand: medium-dark skin tone
Personnes et corps	👌🏿	OK hand: dark skin tone
Personnes et corps	🤌	pinched fingers
Personnes et corps	🤌🏻	pinched fingers: light skin tone
Personnes et corps	🤌🏼	pinched fingers: medium-light skin tone
Personnes et corps	🤌🏽	pinched fingers: medium skin tone
Personnes et corps	🤌🏾	pinched fingers: medium-dark skin tone
Personnes et corps	🤌🏿	pinched fingers: dark skin tone
Personnes et corps	🤏	pinching hand
Personnes et corps	🤏🏻	pinching hand: light skin tone
Personnes et corps	🤏🏼	pinching hand: medium-light skin tone
Personnes et corps	🤏🏽	pinching hand: medium skin tone
Personnes et corps	🤏🏾	pinching hand: medium-dark skin tone
Personnes et corps	🤏🏿	pinching hand: dark skin tone
Personnes et corps	✌️	victory hand
Personnes et corps	✌🏻	victory hand: light skin tone
Personnes et corps	✌🏼	victory hand: medium-light skin tone
Personnes et corps	✌🏽	victory hand: medium skin tone
Personnes et corps	✌🏾	victory hand: medium-dark skin tone
Personnes et corps	✌🏿	victory hand: dark skin tone
Personnes et corps	🤞	crossed fingers
Personnes et corps	🤞🏻	crossed fingers: light skin tone
Personnes et corps	🤞🏼	crossed fingers: medium-light skin tone
Personnes et corps	🤞🏽	crossed fingers: medium skin tone
Personnes et corps	🤞🏾	crossed fingers: medium-dark skin tone
Personnes et corps	🤞🏿	crossed fingers: dark skin tone
Personnes et corps	🫰	hand with index finger and thumb crossed
Personnes et corps	🫰🏻	hand with index finger and thumb crossed: light skin tone
Personnes et corps	🫰🏼	hand with index finger and thumb crossed: medium-light skin tone
Personnes et corps	🫰🏽	hand with index finger and thumb crossed: medium skin tone
Personnes et corps	🫰🏾	hand with index finger and thumb crossed: medium-dark skin tone
Personnes et corps	🫰🏿	hand with index finger and thumb crossed: dark skin tone
Personnes et corps	🤟	love-you gesture
Personnes et corps	🤟🏻	love-you gesture: light skin tone
Personnes et corps	🤟🏼	love-you gesture: medium-light skin tone
Personnes et corps	🤟🏽	love-you gesture: medium skin tone
Personnes et corps	🤟🏾	love-you gesture: medium-dark skin tone
Personnes et corps	🤟🏿	love-you gesture: dark skin tone
Personnes et corps	🤘	sign of the horns
Personnes et corps	🤘🏻	sign of the horns: light skin tone
Personnes et corps	🤘🏼	sign of the horns: medium-light skin tone
Personnes et corps	🤘🏽	sign of the horns: medium skin tone
Personnes et corps	🤘🏾	sign of the horns: medium-dark skin tone
Personnes et corps	🤘🏿	sign of the horns: dark skin tone
Personnes et corps	🤙	call me hand
Personnes et corps	🤙🏻	call me hand: light skin tone
Personnes et corps	🤙🏼	call me hand: medium-light skin tone
Personnes et corps	🤙🏽	call me hand: medium skin tone
Personnes et corps	🤙🏾	call me hand: medium-dark skin tone
Personnes et corps	🤙🏿	call me hand: dark skin tone
Personnes et corps	👈	backhand index pointing left
Personnes et corps	👈🏻	backhand index pointing left: light skin tone
Personnes et corps	👈🏼	backhand index pointing left: medium-light skin tone
Personnes et corps	👈🏽	backhand index pointing left: medium skin tone
Personnes et corps	👈🏾	backhand index pointing left: medium-dark skin tone
Personnes et corps	👈🏿	backhand index pointing left: dark skin tone
Personnes et corps	👉	backhand index pointing right
Personnes et corps	👉🏻	backhand index pointing right: light skin tone
Personnes et corps	👉🏼	backhand index pointing right: medium-light skin tone
Personnes et corps	👉🏽	backhand index pointing right: medium skin tone
Personnes et corps	👉🏾	backhand index pointing right: medium-dark skin tone
Personnes et corps	👉🏿	backhand index pointing right: dark skin tone
Personnes et corps	👆	backhand index pointing up
Personnes et corps	👆🏻	backhand index pointing up: light skin tone
Personnes et corps	👆🏼	backhand index pointing up: medium-light skin tone
Personnes et corps	👆🏽	backhand index pointing up: medium skin tone
Personnes et corps	👆🏾	backhand index pointing up: medium-dark skin tone
Personnes et corps	👆🏿	backhand index pointing up: dark skin tone
Personnes et corps	🖕	middle finger
Personnes et corps	🖕🏻	middle finger: light skin tone
Personnes et corps	🖕🏼	middle finger: medium-light skin tone
Personnes et corps	🖕🏽	middle finger: medium skin tone
Personnes et corps	🖕🏾	middle finger: medium-dark skin tone
Personnes et corps	🖕🏿	middle finger: dark skin tone
Personnes et corps	👇	backhand index pointing down
Personnes et corps	👇🏻	backhand index pointing down: light skin tone
Personnes et corps	👇🏼	backhand index pointing down: medium-light skin tone
Personnes et corps	👇🏽	backhand index pointing down: medium skin tone
Personnes et corps	👇🏾	backhand index pointing down: medium-dark skin tone
Personnes et corps	👇🏿	backhand index pointing down: dark skin tone
Personnes et corps	☝️	index pointing up
Personnes et corps	☝🏻	index pointing up: light skin tone
Personnes et corps	☝🏼	index pointing up: medium-light skin tone
Personnes et corps	☝🏽	index pointing up: medium skin tone
Personnes et corps	☝🏾	index pointing up: medium-dark skin tone
Personnes et corps	☝🏿	index pointing up: dark skin tone
Personnes et corps	🫵	index pointing at the viewer
Personnes et corps	🫵🏻	index pointing at the viewer: light skin tone
Personnes et corps	🫵🏼	index pointing at the viewer: medium-light skin tone
Personnes et corps	🫵🏽	index pointing at the viewer: medium skin tone
Personnes et corps	🫵🏾	index pointing at the viewer: medium-dark skin tone
Personnes et corps	🫵🏿	index pointing at the viewer: dark skin tone
Personnes et corps	👍	thumbs up
Personnes et corps	👍🏻	thumbs up: light skin tone
Personnes et corps	👍🏼	thumbs up: medium-light skin tone
Personnes et corps	👍🏽	thumbs up: medium skin tone
Personnes et corps	👍🏾	thumbs up: medium-dark skin tone
Personnes et corps	👍🏿	thumbs up: dark skin tone
Personnes et corps	👎	thumbs down
Personnes et corps	👎🏻	thumbs down: light skin tone
Personnes et corps	👎🏼	thumbs down: medium-light skin tone
Personnes et corps	👎🏽	thumbs down: medium skin tone
Personnes et corps	👎🏾	thumbs down: medium-dark skin tone
Personnes et corps	👎🏿	thumbs down: dark skin tone
Personnes et corps	✊	raised fist
Personnes et corps	✊🏻	raised fist: light skin tone
Personnes et corps	✊🏼	raised fist: medium-light skin tone
Personnes et corps	✊🏽	raised fist: medium skin tone
Personnes et corps	✊🏾	raised fist: medium-dark skin tone
Personnes et corps	✊🏿	raised fist: dark skin tone
Personnes et corps	👊	oncoming fist
Personnes et corps	👊🏻	oncoming fist: light skin tone
Personnes et corps	👊🏼	oncoming fist: medium-light skin tone
Personnes et corps	👊🏽	oncoming fist: medium skin tone
Personnes et corps	👊🏾	oncoming fist: medium-dark skin tone
Personnes et corps	👊🏿	oncoming fist: dark skin tone
Personnes et corps	🤛	left-facing fist
Personnes et corps	🤛🏻	left-facing fist: light skin tone
Personnes et corps	🤛🏼	left-facing fist: medium-light skin tone
Personnes et corps	🤛🏽	left-facing fist: medium skin tone
Personnes et corps	🤛🏾	left-facing fist: medium-dark skin tone
Personnes et corps	🤛🏿	left-facing fist: dark skin tone
Personnes et corps	🤜	right-facing fist
Personnes et corps	🤜🏻	right-facing fist: light skin tone
Personnes et corps	🤜🏼	right-facing fist: medium-light skin tone
Personnes et corps	🤜🏽	right-facing fist: medium skin tone
Personnes et corps	🤜🏾	right-facing fist: medium-dark skin tone
Personnes et corps	🤜🏿	right-facing fist: dark skin tone
Personnes et corps	👏	clapping hands
Personnes et corps	👏🏻	clapping hands: light skin tone
Personnes et corps	👏🏼	clapping hands: medium-light skin tone
Personnes et corps	👏🏽	clapping hands: medium skin tone
Personnes et corps	👏🏾	clapping hands: medium-dark skin tone
Personnes et corps	👏🏿	clapping hands: dark skin tone
Personnes et corps	🙌	raising hands
Personnes et corps	🙌🏻	raising hands: light skin tone
Personnes et corps	🙌🏼	raising hands: medium-light skin tone
Personnes et corps	🙌🏽	raising hands: medium skin tone
Personnes et corps	🙌🏾	raising hands: medium-dark skin tone
Personnes et corps	🙌🏿	raising hands: dark skin tone
Personnes et corps	🫶	heart hands
Personnes et corps	🫶🏻	heart hands: light skin tone
Personnes et corps	🫶🏼	heart hands: medium-light skin tone
Personnes et corps	🫶🏽	heart hands: medium skin tone
Personnes et corps	🫶🏾	heart hands: medium-dark skin tone
Personnes et corps	🫶🏿	heart hands: dark skin tone
Personnes et corps	👐	open hands
Personnes et corps	👐🏻	open hands: light skin tone
Personnes et corps	👐🏼	open hands: medium-light skin tone
Personnes et corps	👐🏽	open hands: medium skin tone
Personnes et corps	👐🏾	open hands: medium-dark skin tone
Personnes et corps	👐🏿	open hands: dark skin tone
Personnes et corps	🤲	palms up together
Personnes et corps	🤲🏻	palms up together: light skin tone
Personnes et corps	🤲🏼	palms up together: medium-light skin tone
Personnes et corps	🤲🏽	palms up together: medium skin tone
Personnes et corps	🤲🏾	palms up together: medium-dark skin tone
Personnes et corps	🤲🏿	palms up together: dark skin tone
Personnes et corps	🤝	handshake
Personnes et corps	🤝🏻	handshake: light skin tone
Personnes et corps	🤝🏼	handshake: medium-light skin tone
Personnes et corps	🤝🏽	handshake: medium skin tone
Personnes et corps	🤝🏾	handshake: medium-dark skin tone
Personnes et corps	🤝🏿	handshake: dark skin tone
Personnes et corps	🫱🏻‍🫲🏼	handshake: light skin tone, medium-light skin tone
Personnes et corps	🫱🏻‍🫲🏽	handshake: light skin tone, medium skin tone
Personnes et corps	🫱🏻‍🫲🏾	handshake: light skin tone, medium-dark skin tone
Personnes et corps	🫱🏻‍🫲🏿	handshake: light skin tone, dark skin tone
Personnes et corps	🫱🏼‍🫲🏻	handshake: medium-light skin tone, light skin tone
Personnes et corps	🫱🏼‍🫲🏽	handshake: medium-light skin tone, medium skin tone
Personnes et corps	🫱🏼‍🫲🏾	handshake: medium-light skin tone, medium-dark skin tone
Personnes et corps	🫱🏼‍🫲🏿	handshake: medium-light skin tone, dark skin tone
Personnes et corps	🫱🏽‍🫲🏻	handshake: medium skin tone, light skin tone
Personnes et corps	🫱🏽‍🫲🏼	handshake: medium skin tone, medium-light skin tone
Personnes et corps	🫱🏽‍🫲🏾	handshake: medium skin tone, medium-dark skin tone
Personnes et corps	🫱🏽‍🫲🏿	handshake: medium skin tone, dark skin tone
Personnes et corps	🫱🏾‍🫲🏻	handshake: medium-dark skin tone, light skin tone
Personnes et corps	🫱🏾‍🫲🏼	handshake: medium-dark skin tone, medium-light skin tone
Personnes et corps	🫱🏾‍🫲🏽	handshake: medium-dark skin tone, medium skin tone
Personnes et corps	🫱🏾‍🫲🏿	handshake: medium-dark skin tone, dark skin tone
Personnes et corps	🫱🏿‍🫲🏻	handshake: dark skin tone, light skin tone
Personnes et corps	🫱🏿‍🫲🏼	handshake: dark skin tone, medium-light skin tone
Personnes et corps	🫱🏿‍🫲🏽	handshake: dark skin tone, medium skin tone
Personnes et corps	🫱🏿‍🫲🏾	handshake: dark skin tone, medium-dark skin tone
Personnes et corps	🙏	folded hands
Personnes et corps	🙏🏻	folded hands: light skin tone
Personnes et corps	🙏🏼	folded hands: medium-light skin tone
Personnes et corps	🙏🏽	folded hands: medium skin tone
Personnes et corps	🙏🏾	folded hands: medium-dark skin tone
Personnes et corps	🙏🏿	folded hands: dark skin tone
Personnes et corps	✍️	writing hand
Personnes et corps	✍🏻	writing hand: light skin tone
Personnes et corps	✍🏼	writing hand: medium-light skin tone
Personnes et corps	✍🏽	writing hand: medium skin tone
Personnes et corps	✍🏾	writing hand: medium-dark skin tone
Personnes et corps	✍🏿	writing hand: dark skin tone
Personnes et corps	💅	nail polish
Personnes et corps	💅🏻	nail polish: light skin tone
Personnes et corps	💅🏼	nail polish: medium-light skin tone
Personnes et corps	💅🏽	nail polish: medium skin tone
Personnes et corps	💅🏾	nail polish: medium-dark skin tone
Personnes et corps	💅🏿	nail polish: dark skin tone
Personnes et corps	🤳	selfie
Personnes et corps	🤳🏻	selfie: light skin tone
Personnes et corps	🤳🏼	selfie: medium-light skin tone
Personnes et corps	🤳🏽	selfie: medium skin tone
Personnes et corps	🤳🏾	selfie: medium-dark skin tone
Personnes et corps	🤳🏿	selfie: dark skin tone
Personnes et corps	💪	flexed biceps
Personnes et corps	💪🏻	flexed biceps: light skin tone
Personnes et corps	💪🏼	flexed biceps: medium-light skin tone
Personnes et corps	💪🏽	flexed biceps: medium skin tone
Personnes et corps	💪🏾	flexed biceps: medium-dark skin tone
Personnes et corps	💪🏿	flexed biceps: dark skin tone
Personnes et corps	🦾	mechanical arm
Personnes et corps	🦿	mechanical leg
Personnes et corps	🦵	leg
Personnes et corps	🦵🏻	leg: light skin tone
Personnes et corps	🦵🏼	leg: medium-light skin tone
Personnes et corps	🦵🏽	leg: medium skin tone
Personnes et corps	🦵🏾	leg: medium-dark skin tone
Personnes et corps	🦵🏿	leg: dark skin tone
Personnes et corps	🦶	foot
Personnes et corps	🦶🏻	foot: light skin tone
Personnes et corps	🦶🏼	foot: medium-light skin tone
Personnes et corps	🦶🏽	foot: medium skin tone
Personnes et corps	🦶🏾	foot: medium-dark skin tone
Personnes et corps	🦶🏿	foot: dark skin tone
Personnes et corps	👂	ear
Personnes et corps	👂🏻	ear: light skin tone
Personnes et corps	👂🏼	ear: medium-light skin tone
Personnes et corps	👂🏽	ear: medium skin tone
Personnes et corps	👂🏾	ear: medium-dark skin tone
Personnes et corps	👂🏿	ear: dark skin tone
Personnes et corps	🦻	ear with hearing aid
Personnes et corps	🦻🏻	ear with hearing aid: light skin tone
Personnes et corps	🦻🏼	ear with hearing aid: medium-light skin tone
Personnes et corps	🦻🏽	ear with hearing aid: medium skin tone
Personnes et corps	🦻🏾	ear with hearing aid: medium-dark skin tone
Personnes et corps	🦻🏿	ear with hearing aid: dark skin tone
Personnes et corps	👃	nose
Personnes et corps	👃🏻	nose: light skin tone
Personnes et corps	👃🏼	nose: medium-light skin tone
Personnes et corps	👃🏽	nose: medium skin tone
Personnes et corps	👃🏾	nose: medium-dark skin tone
Personnes et corps	👃🏿	nose: dark skin tone
Personnes et corps	🧠	brain
Personnes et corps	🫀	anatomical heart
Personnes et corps	🫁	lungs
Personnes et corps	🦷	tooth
Personnes et corps	🦴	bone
Personnes et corps	👀	eyes
Personnes et corps	👁️	eye
Personnes et corps	👅	tongue
Personnes et corps	👄	mouth
Personnes et corps	🫦	biting lip
Personnes et corps	👶	baby
Personnes et corps	👶🏻	baby: light skin tone
Personnes et corps	👶🏼	baby: medium-light skin tone
Personnes et corps	👶🏽	baby: medium skin tone
Personnes et corps	👶🏾	baby: medium-dark skin tone
Personnes et corps	👶🏿	baby: dark skin tone
Personnes et corps	🧒	child
Personnes et corps	🧒🏻	child: light skin tone
Personnes et corps	🧒🏼	child: medium-light skin tone
Personnes et corps	🧒🏽	child: medium skin tone
Personnes et corps	🧒🏾	child: medium-dark skin tone
Personnes et corps	🧒🏿	child: dark skin tone
Personnes et corps	👦	boy
Personnes et corps	👦🏻	boy: light skin tone
Personnes et corps	👦🏼	boy: medium-light skin tone
Personnes et corps	👦🏽	boy: medium skin tone
Personnes et corps	👦🏾	boy: medium-dark skin tone
Personnes et corps	👦🏿	boy: dark skin tone
Personnes et corps	👧	girl
Personnes et corps	👧🏻	girl: light skin tone
Personnes et corps	👧🏼	girl: medium-light skin tone
Personnes et corps	👧🏽	girl: medium skin tone
Personnes et corps	👧🏾	girl: medium-dark skin tone
Personnes et corps	👧🏿	girl: dark skin tone
Personnes et corps	🧑	person
Personnes et corps	🧑🏻	person: light skin tone
Personnes et corps	🧑🏼	person: medium-light skin tone
Personnes et corps	🧑🏽	person: medium skin tone
Personnes et corps	🧑🏾	person: medium-dark skin tone
Personnes et corps	🧑🏿	person: dark skin tone
Personnes et corps	👱	person: blond hair
Personnes et corps	👱🏻	person: light skin tone, blond hair
Personnes et corps	👱🏼	person: medium-light skin tone, blond hair
Personnes et corps	👱🏽	person: medium skin tone, blond hair
Personnes et corps	👱🏾	person: medium-dark skin tone, blond hair
Personnes et corps	👱🏿	person: dark skin tone, blond hair
Personnes et corps	👨	man
Personnes et corps	👨🏻	man: light skin tone
Personnes et corps	👨🏼	man: medium-light skin tone
Personnes et corps	👨🏽	man: medium skin tone
Personnes et corps	👨🏾	man: medium-dark skin tone
Personnes et corps	👨🏿	man: dark skin tone
Personnes et corps	🧔	person: beard
Personnes et corps	🧔🏻	person: light skin tone, beard
Personnes et corps	🧔🏼	person: medium-light skin tone, beard
Personnes et corps	🧔🏽	person: medium skin tone, beard
Personnes et corps	🧔🏾	person: medium-dark skin tone, beard
Personnes et corps	🧔🏿	person: dark skin tone, beard
Personnes et corps	🧔‍♂️	man: beard
Personnes et corps	🧔🏻‍♂️	man: light skin tone, beard
Personnes et corps	🧔🏼‍♂️	man: medium-light skin tone, beard
Personnes et corps	🧔🏽‍♂️	man: medium skin tone, beard
Personnes et corps	🧔🏾‍♂️	man: medium-dark skin tone, beard
Personnes et corps	🧔🏿‍♂️	man: dark skin tone, beard
Personnes et corps	🧔‍♀️	woman: beard
Personnes et corps	🧔🏻‍♀️	woman: light skin tone, beard
Personnes et corps	🧔🏼‍♀️	woman: medium-light skin tone, beard
Personnes et corps	🧔🏽‍♀️	woman: medium skin tone, beard
Personnes et corps	🧔🏾‍♀️	woman: medium-dark skin tone, beard
Personnes et corps	🧔🏿‍♀️	woman: dark skin tone, beard
Personnes et corps	👨‍🦰	man: red hair
Personnes et corps	👨🏻‍🦰	man: light skin tone, red hair
Personnes et corps	👨🏼‍🦰	man: medium-light skin tone, red hair
Personnes et corps	👨🏽‍🦰	man: medium skin tone, red hair
Personnes et corps	👨🏾‍🦰	man: medium-dark skin tone, red hair
Personnes et corps	👨🏿‍🦰	man: dark skin tone, red hair
Personnes et corps	👨‍🦱	man: curly hair
Personnes et corps	👨🏻‍🦱	man: light skin tone, curly hair
Personnes et corps	👨🏼‍🦱	man: medium-light skin tone, curly hair
Personnes et corps	👨🏽‍🦱	man: medium skin tone, curly hair
Personnes et corps	👨🏾‍🦱	man: medium-dark skin tone, curly hair
Personnes et corps	👨🏿‍🦱	man: dark skin tone, curly hair
Personnes et corps	👨‍🦳	man: white hair
Personnes et corps	👨🏻‍🦳	man: light skin tone, white hair
Personnes et corps	👨🏼‍🦳	man: medium-light skin tone, white hair
Personnes et corps	👨🏽‍🦳	man: medium skin tone, white hair
Personnes et corps	👨🏾‍🦳	man: medium-dark skin tone, white hair
Personnes et corps	👨🏿‍🦳	man: dark skin tone, white hair
Personnes et corps	👨‍🦲	man: bald
Personnes et corps	👨🏻‍🦲	man: light skin tone, bald
Personnes et corps	👨🏼‍🦲	man: medium-light skin tone, bald
Personnes et corps	👨🏽‍🦲	man: medium skin tone, bald
Personnes et corps	👨🏾‍🦲	man: medium-dark skin tone, bald
Personnes et corps	👨🏿‍🦲	man: dark skin tone, bald
Personnes et corps	👩	woman
Personnes et corps	👩🏻	woman: light skin tone
Personnes et corps	👩🏼	woman: medium-light skin tone
Personnes et corps	👩🏽	woman: medium skin tone
Personnes et corps	👩🏾	woman: medium-dark skin tone
Personnes et corps	👩🏿	woman: dark skin tone
Personnes et corps	👩‍🦰	woman: red hair
Personnes et corps	👩🏻‍🦰	woman: light skin tone, red hair
Personnes et corps	👩🏼‍🦰	woman: medium-light skin tone, red hair
Personnes et corps	👩🏽‍🦰	woman: medium skin tone, red hair
Personnes et corps	👩🏾‍🦰	woman: medium-dark skin tone, red hair
Personnes et corps	👩🏿‍🦰	woman: dark skin tone, red hair
Personnes et corps	🧑‍🦰	person: red hair
Personnes et corps	🧑🏻‍🦰	person: light skin tone, red hair
Personnes et corps	🧑🏼‍🦰	person: medium-light skin tone, red hair
Personnes et corps	🧑🏽‍🦰	person: medium skin tone, red hair
Personnes et corps	🧑🏾‍🦰	person: medium-dark skin tone, red hair
Personnes et corps	🧑🏿‍🦰	person: dark skin tone, red hair
Personnes et corps	👩‍🦱	woman: curly hair
Personnes et corps	👩🏻‍🦱	woman: light skin tone, curly hair
Personnes et corps	👩🏼‍🦱	woman: medium-light skin tone, curly hair
Personnes et corps	👩🏽‍🦱	woman: medium skin tone, curly hair
Personnes et corps	👩🏾‍🦱	woman: medium-dark skin tone, curly hair
Personnes et corps	👩🏿‍🦱	woman: dark skin tone, curly hair
Personnes et corps	🧑‍🦱	person: curly hair
Personnes et corps	🧑🏻‍🦱	person: light skin tone, curly hair
Personnes et corps	🧑🏼‍🦱	person: medium-light skin tone, curly hair
Personnes et corps	🧑🏽‍🦱	person: medium skin tone, curly hair
Personnes et corps	🧑🏾‍🦱	person: medium-dark skin tone, curly hair
Personnes et corps	🧑🏿‍🦱	person: dark skin tone, curly hair
Personnes et corps	👩‍🦳	woman: white hair
Personnes et corps	👩🏻‍🦳	woman: light skin tone, white hair
Personnes et corps	👩🏼‍🦳	woman: medium-light skin tone, white hair
Personnes et corps	👩🏽‍🦳	woman: medium skin tone, white hair
Personnes et corps	👩🏾‍🦳	woman: medium-dark skin tone, white hair
Personnes et corps	👩🏿‍🦳	woman: dark skin tone, white hair
Personnes et corps	🧑‍🦳	person: white hair
Personnes et corps	🧑🏻‍🦳	person: light skin tone, white hair
Personnes et corps	🧑🏼‍🦳	person: medium-light skin tone, white hair
Personnes et corps	🧑🏽‍🦳	person: medium skin tone, white hair
Personnes et corps	🧑🏾‍🦳	person: medium-dark skin tone, white hair
Personnes et corps	🧑🏿‍🦳	person: dark skin tone, white hair
Personnes et corps	👩‍🦲	woman: bald
Personnes et corps	👩🏻‍🦲	woman: light skin tone, bald
Personnes et corps	👩🏼‍🦲	woman: medium-light skin tone, bald
Personnes et corps	👩🏽‍🦲	woman: medium skin tone, bald
Personnes et corps	👩🏾‍🦲	woman: medium-dark skin tone, bald
Personnes et corps	👩🏿‍🦲	woman: dark skin tone, bald
Personnes et corps	🧑‍🦲	person: bald
Personnes et corps	🧑🏻‍🦲	person: light skin tone, bald
Personnes et corps	🧑🏼‍🦲	person: medium-light skin tone, bald
Personnes et corps	🧑🏽‍🦲	person: medium skin tone, bald
Personnes et corps	🧑🏾‍🦲	person: medium-dark skin tone, bald
Personnes et corps	🧑🏿‍🦲	person: dark skin tone, bald
Personnes et corps	👱‍♀️	woman: blond hair
Personnes et corps	👱🏻‍♀️	woman: light skin tone, blond hair
Personnes et corps	👱🏼‍♀️	woman: medium-light skin tone, blond hair
Personnes et corps	👱🏽‍♀️	woman: medium skin tone, blond hair
Personnes et corps	👱🏾‍♀️	woman: medium-dark skin tone, blond hair
Personnes et corps	👱🏿‍♀️	woman: dark skin tone, blond hair
Personnes et corps	👱‍♂️	man: blond hair
Personnes et corps	👱🏻‍♂️	man: light skin tone, blond hair
Personnes et corps	👱🏼‍♂️	man: medium-light skin tone, blond hair
Personnes et corps	👱🏽‍♂️	man: medium skin tone, blond hair
Personnes et corps	👱🏾‍♂️	man: medium-dark skin tone, blond hair
Personnes et corps	👱🏿‍♂️	man: dark skin tone, blond hair
Personnes et corps	🧓	older person
Personnes et corps	🧓🏻	older person: light skin tone
Personnes et corps	🧓🏼	older person: medium-light skin tone
Personnes et corps	🧓🏽	older person: medium skin tone
Personnes et corps	🧓🏾	older person: medium-dark skin tone
Personnes et corps	🧓🏿	older person: dark skin tone
Personnes et corps	👴	old man
Personnes et corps	👴🏻	old man: light skin tone
Personnes et corps	👴🏼	old man: medium-light skin tone
Personnes et corps	👴🏽	old man: medium skin tone
Personnes et corps	👴🏾	old man: medium-dark skin tone
Personnes et corps	👴🏿	old man: dark skin tone
Personnes et corps	👵	old woman
Personnes et corps	👵🏻	old woman: light skin tone
Personnes et corps	👵🏼	old woman: medium-light skin tone
Personnes et corps	👵🏽	old woman: medium skin tone
Personnes et corps	👵🏾	old woman: medium-dark skin tone
Personnes et corps	👵🏿	old woman: dark skin tone
Personnes et corps	🙍	person frowning
Personnes et corps	🙍🏻	person frowning: light skin tone
Personnes et corps	🙍🏼	person frowning: medium-light skin tone
Personnes et corps	🙍🏽	person frowning: medium skin tone
Personnes et corps	🙍🏾	person frowning: medium-dark skin tone
Personnes et corps	🙍🏿	person frowning: dark skin tone
Personnes et corps	🙍‍♂️	man frowning
Personnes et corps	🙍🏻‍♂️	man frowning: light skin tone
Personnes et corps	🙍🏼‍♂️	man frowning: medium-light skin tone
Personnes et corps	🙍🏽‍♂️	man frowning: medium skin tone
Personnes et corps	🙍🏾‍♂️	man frowning: medium-dark skin tone
Personnes et corps	🙍🏿‍♂️	man frowning: dark skin tone
Personnes et corps	🙍‍♀️	woman frowning
Personnes et corps	🙍🏻‍♀️	woman frowning: light skin tone
Personnes et corps	🙍🏼‍♀️	woman frowning: medium-light skin tone
Personnes et corps	🙍🏽‍♀️	woman frowning: medium skin tone
Personnes et corps	🙍🏾‍♀️	woman frowning: medium-dark skin tone
Personnes et corps	🙍🏿‍♀️	woman frowning: dark skin tone
Personnes et corps	🙎	person pouting
Personnes et corps	🙎🏻	person pouting: light skin tone
Personnes et corps	🙎🏼	person pouting: medium-light skin tone
Personnes et corps	🙎🏽	person pouting: medium skin tone
Personnes et corps	🙎🏾	person pouting: medium-dark skin tone
Personnes et corps	🙎🏿	person pouting: dark skin tone
Personnes et corps	🙎‍♂️	man pouting
Personnes et corps	🙎🏻‍♂️	man pouting: light skin tone
Personnes et corps	🙎🏼‍♂️	man pouting: medium-light skin tone
Personnes et corps	🙎🏽‍♂️	man pouting: medium skin tone
Personnes et corps	🙎🏾‍♂️	man pouting: medium-dark skin tone
Personnes et corps	🙎🏿‍♂️	man pouting: dark skin tone
Personnes et corps	🙎‍♀️	woman pouting
Personnes et corps	🙎🏻‍♀️	woman pouting: light skin tone
Personnes et corps	🙎🏼‍♀️	woman pouting: medium-light skin tone
Personnes et corps	🙎🏽‍♀️	woman pouting: medium skin tone
Personnes et corps	🙎🏾‍♀️	woman pouting: medium-dark skin tone
Personnes et corps	🙎🏿‍♀️	woman pouting: dark skin tone
Personnes et corps	🙅	person gesturing NO
Personnes et corps	🙅🏻	person gesturing NO: light skin tone
Personnes et corps	🙅🏼	person gesturing NO: medium-light skin tone
Personnes et corps	🙅🏽	person gesturing NO: medium skin tone
Personnes et corps	🙅🏾	person gesturing NO: medium-dark skin tone
Personnes et corps	🙅🏿	person gesturing NO: dark skin tone
Personnes et corps	🙅‍♂️	man gesturing NO
Personnes et corps	🙅🏻‍♂️	man gesturing NO: light skin tone
Personnes et corps	🙅🏼‍♂️	man gesturing NO: medium-light skin tone
Personnes et corps	🙅🏽‍♂️	man gesturing NO: medium skin tone
Personnes et corps	🙅🏾‍♂️	man gesturing NO: medium-dark skin tone
Personnes et corps	🙅🏿‍♂️	man gesturing NO: dark skin tone
Personnes et corps	🙅‍♀️	woman gesturing NO
Personnes et corps	🙅🏻‍♀️	woman gesturing NO: light skin tone
Personnes et corps	🙅🏼‍♀️	woman gesturing NO: medium-light skin tone
Personnes et corps	🙅🏽‍♀️	woman gesturing NO: medium skin tone
Personnes et corps	🙅🏾‍♀️	woman gesturing NO: medium-dark skin tone
Personnes et corps	🙅🏿‍♀️	woman gesturing NO: dark skin tone
Personnes et corps	🙆	person gesturing OK
Personnes et corps	🙆🏻	person gesturing OK: light skin tone
Personnes et corps	🙆🏼	person gesturing OK: medium-light skin tone
Personnes et corps	🙆🏽	person gesturing OK: medium skin tone
Personnes et corps	🙆🏾	person gesturing OK: medium-dark skin tone
Personnes et corps	🙆🏿	person gesturing OK: dark skin tone
Personnes et corps	🙆‍♂️	man gesturing OK
Personnes et corps	🙆🏻‍♂️	man gesturing OK: light skin tone
Personnes et corps	🙆🏼‍♂️	man gesturing OK: medium-light skin tone
Personnes et corps	🙆🏽‍♂️	man gesturing OK: medium skin tone
Personnes et corps	🙆🏾‍♂️	man gesturing OK: medium-dark skin tone
Personnes et corps	🙆🏿‍♂️	man gesturing OK: dark skin tone
Personnes et corps	🙆‍♀️	woman gesturing OK
Personnes et corps	🙆🏻‍♀️	woman gesturing OK: light skin tone
Personnes et corps	🙆🏼‍♀️	woman gesturing OK: medium-light skin tone
Personnes et corps	🙆🏽‍♀️	woman gesturing OK: medium skin tone
Personnes et corps	🙆🏾‍♀️	woman gesturing OK: medium-dark skin tone
Personnes et corps	🙆🏿‍♀️	woman gesturing OK: dark skin tone
Personnes et corps	💁	person tipping hand
Personnes et corps	💁🏻	person tipping hand: light skin tone
Personnes et corps	💁🏼	person tipping hand: medium-light skin tone
Personnes et corps	💁🏽	person tipping hand: medium skin tone
Personnes et corps	💁🏾	person tipping hand: medium-dark skin tone
Personnes et corps	💁🏿	person tipping hand: dark skin tone
Personnes et corps	💁‍♂️	man tipping hand
Personnes et corps	💁🏻‍♂️	man tipping hand: light skin tone
Personnes et corps	💁🏼‍♂️	man tipping hand: medium-light skin tone
Personnes et corps	💁🏽‍♂️	man tipping hand: medium skin tone
Personnes et corps	💁🏾‍♂️	man tipping hand: medium-dark skin tone
Personnes et corps	💁🏿‍♂️	man tipping hand: dark skin tone
Personnes et corps	💁‍♀️	woman tipping hand
Personnes et corps	💁🏻‍♀️	woman tipping hand: light skin tone
Personnes et corps	💁🏼‍♀️	woman tipping hand: medium-light skin tone
Personnes et corps	💁🏽‍♀️	woman tipping hand: medium skin tone
Personnes et corps	💁🏾‍♀️	woman tipping hand: medium-dark skin tone
Personnes et corps	💁🏿‍♀️	woman tipping hand: dark skin tone
Personnes et corps	🙋	person raising hand
Personnes et corps	🙋🏻	person raising hand: light skin tone
Personnes et corps	🙋🏼	person raising hand: medium-light skin tone
Personnes et corps	🙋🏽	person raising hand: medium skin tone
Personnes et corps	🙋🏾	person raising hand: medium-dark skin tone
Personnes et corps	🙋🏿	person raising hand: dark skin tone
Personnes et corps	🙋‍♂️	man raising hand
Personnes et corps	🙋🏻‍♂️	man raising hand: light skin tone
Personnes et corps	🙋🏼‍♂️	man raising hand: medium-light skin tone
Personnes et corps	🙋🏽‍♂️	man raising hand: medium skin tone
Personnes et corps	🙋🏾‍♂️	man raising hand: medium-dark skin tone
Personnes et corps	🙋🏿‍♂️	man raising hand: dark skin tone
Personnes et corps	🙋‍♀️	woman raising hand
Personnes et corps	🙋🏻‍♀️	woman raising hand: light skin tone
Personnes et corps	🙋🏼‍♀️	woman raising hand: medium-light skin tone
Personnes et corps	🙋🏽‍♀️	woman raising hand: medium skin tone
Personnes et corps	🙋🏾‍♀️	woman raising hand: medium-dark skin tone
Personnes et corps	🙋🏿‍♀️	woman raising hand: dark skin tone
Personnes et corps	🧏	deaf person
Personnes et corps	🧏🏻	deaf person: light skin tone
Personnes et corps	🧏🏼	deaf person: medium-light skin tone
Personnes et corps	🧏🏽	deaf person: medium skin tone
Personnes et corps	🧏🏾	deaf person: medium-dark skin tone
Personnes et corps	🧏🏿	deaf person: dark skin tone
Personnes et corps	🧏‍♂️	deaf man
Personnes et corps	🧏🏻‍♂️	deaf man: light skin tone
Personnes et corps	🧏🏼‍♂️	deaf man: medium-light skin tone
Personnes et corps	🧏🏽‍♂️	deaf man: medium skin tone
Personnes et corps	🧏🏾‍♂️	deaf man: medium-dark skin tone
Personnes et corps	🧏🏿‍♂️	deaf man: dark skin tone
Personnes et corps	🧏‍♀️	deaf woman
Personnes et corps	🧏🏻‍♀️	deaf woman: light skin tone
Personnes et corps	🧏🏼‍♀️	deaf woman: medium-light skin tone
Personnes et corps	🧏🏽‍♀️	deaf woman: medium skin tone
Personnes et corps	🧏🏾‍♀️	deaf woman: medium-dark skin tone
Personnes et corps	🧏🏿‍♀️	deaf woman: dark skin tone
Personnes et corps	🙇	person bowing
Personnes et corps	🙇🏻	person bowing: light skin tone
Personnes et corps	🙇🏼	person bowing: medium-light skin tone
Personnes et corps	🙇🏽	person bowing: medium skin tone
Personnes et corps	🙇🏾	person bowing: medium-dark skin tone
Personnes et corps	🙇🏿	person bowing: dark skin tone
Personnes et corps	🙇‍♂️	man bowing
Personnes et corps	🙇🏻‍♂️	man bowing: light skin tone
Personnes et corps	🙇🏼‍♂️	man bowing: medium-light skin tone
Personnes et corps	🙇🏽‍♂️	man bowing: medium skin tone
Personnes et corps	🙇🏾‍♂️	man bowing: medium-dark skin tone
Personnes et corps	🙇🏿‍♂️	man bowing: dark skin tone
Personnes et corps	🙇‍♀️	woman bowing
Personnes et corps	🙇🏻‍♀️	woman bowing: light skin tone
Personnes et corps	🙇🏼‍♀️	woman bowing: medium-light skin tone
Personnes et corps	🙇🏽‍♀️	woman bowing: medium skin tone
Personnes et corps	🙇🏾‍♀️	woman bowing: medium-dark skin tone
Personnes et corps	🙇🏿‍♀️	woman bowing: dark skin tone
Personnes et corps	🤦	person facepalming
Personnes et corps	🤦🏻	person facepalming: light skin tone
Personnes et corps	🤦🏼	person facepalming: medium-light skin tone
Personnes et corps	🤦🏽	person facepalming: medium skin tone
Personnes et corps	🤦🏾	person facepalming: medium-dark skin tone
Personnes et corps	🤦🏿	person facepalming: dark skin tone
Personnes et corps	🤦‍♂️	man facepalming
Personnes et corps	🤦🏻‍♂️	man facepalming: light skin tone
Personnes et corps	🤦🏼‍♂️	man facepalming: medium-light skin tone
Personnes et corps	🤦🏽‍♂️	man facepalming: medium skin tone
Personnes et corps	🤦🏾‍♂️	man facepalming: medium-dark skin tone
Personnes et corps	🤦🏿‍♂️	man facepalming: dark skin tone
Personnes et corps	🤦‍♀️	woman facepalming
Personnes et corps	🤦🏻‍♀️	woman facepalming: light skin tone
Personnes et corps	🤦🏼‍♀️	woman facepalming: medium-light skin tone
Personnes et corps	🤦🏽‍♀️	woman facepalming: medium skin tone
Personnes et corps	🤦🏾‍♀️	woman facepalming: medium-dark skin tone
Personnes et corps	🤦🏿‍♀️	woman facepalming: dark skin tone
Personnes et corps	🤷	person shrugging
Personnes et corps	🤷🏻	person shrugging: light skin tone
Personnes et corps	🤷🏼	person shrugging: medium-light skin tone
Personnes et corps	🤷🏽	person shrugging: medium skin tone
Personnes et corps	🤷🏾	person shrugging: medium-dark skin tone
Personnes et corps	🤷🏿	person shrugging: dark skin tone
Personnes et corps	🤷‍♂️	man shrugging
Personnes et corps	🤷🏻‍♂️	man shrugging: light skin tone
Personnes et corps	🤷🏼‍♂️	man shrugging: medium-light skin tone
Personnes et corps	🤷🏽‍♂️	man shrugging: medium skin tone
Personnes et corps	🤷🏾‍♂️	man shrugging: medium-dark skin tone
Personnes et corps	🤷🏿‍♂️	man shrugging: dark skin tone
Personnes et corps	🤷‍♀️	woman shrugging
Personnes et corps	🤷🏻‍♀️	woman shrugging: light skin tone
Personnes et corps	🤷🏼‍♀️	woman shrugging: medium-light skin tone
Personnes et corps	🤷🏽‍♀️	woman shrugging: medium skin tone
Personnes et corps	🤷🏾‍♀️	woman shrugging: medium-dark skin tone
Personnes et corps	🤷🏿‍♀️	woman shrugging: dark skin tone
Personnes et corps	🧑‍⚕️	health worker
Personnes et corps	🧑🏻‍⚕️	health worker: light skin tone
Personnes et corps	🧑🏼‍⚕️	health worker: medium-light skin tone
Personnes et corps	🧑🏽‍⚕️	health worker: medium skin tone
Personnes et corps	🧑🏾‍⚕️	health worker: medium-dark skin tone
Personnes et corps	🧑🏿‍⚕️	health worker: dark skin tone
Personnes et corps	👨‍⚕️	man health worker
Personnes et corps	👨🏻‍⚕️	man health worker: light skin tone
Personnes et corps	👨🏼‍⚕️	man health worker: medium-light skin tone
Personnes et corps	👨🏽‍⚕️	man health worker: medium skin tone
Personnes et corps	👨🏾‍⚕️	man health worker: medium-dark skin tone
Personnes et corps	👨🏿‍⚕️	man health worker: dark skin tone
Personnes et corps	👩‍⚕️	woman health worker
Personnes et corps	👩🏻‍⚕️	woman health worker: light skin tone
Personnes et corps	👩🏼‍⚕️	woman health worker: medium-light skin tone
Personnes et corps	👩🏽‍⚕️	woman health worker: medium skin tone
Personnes et corps	👩🏾‍⚕️	woman health worker: medium-dark skin tone
Personnes et corps	👩🏿‍⚕️	woman health worker: dark skin tone
Personnes et corps	🧑‍🎓	student
Personnes et corps	🧑🏻‍🎓	student: light skin tone
Personnes et corps	🧑🏼‍🎓	student: medium-light skin tone
Personnes et corps	🧑🏽‍🎓	student: medium skin tone
Personnes et corps	🧑🏾‍🎓	student: medium-dark skin tone
Personnes et corps	🧑🏿‍🎓	student: dark skin tone
Personnes et corps	👨‍🎓	man student
Personnes et corps	👨🏻‍🎓	man student: light skin tone
Personnes et corps	👨🏼‍🎓	man student: medium-light skin tone
Personnes et corps	👨🏽‍🎓	man student: medium skin tone
Personnes et corps	👨🏾‍🎓	man student: medium-dark skin tone
Personnes et corps	👨🏿‍🎓	man student: dark skin tone
Personnes et corps	👩‍🎓	woman student
Personnes et corps	👩🏻‍🎓	woman student: light skin tone
Personnes et corps	👩🏼‍🎓	woman student: medium-light skin tone
Personnes et corps	👩🏽‍🎓	woman student: medium skin tone
Personnes et corps	👩🏾‍🎓	woman student: medium-dark skin tone
Personnes et corps	👩🏿‍🎓	woman student: dark skin tone
Personnes et corps	🧑‍🏫	teacher
Personnes et corps	🧑🏻‍🏫	teacher: light skin tone
Personnes et corps	🧑🏼‍🏫	teacher: medium-light skin tone
Personnes et corps	🧑🏽‍🏫	teacher: medium skin tone
Personnes et corps	🧑🏾‍🏫	teacher: medium-dark skin tone
Personnes et corps	🧑🏿‍🏫	teacher: dark skin tone
Personnes et corps	👨‍🏫	man teacher
Personnes et corps	👨🏻‍🏫	man teacher: light skin tone
Personnes et corps	👨🏼‍🏫	man teacher: medium-light skin tone
Personnes et corps	👨🏽‍🏫	man teacher: medium skin tone
Personnes et corps	👨🏾‍🏫	man teacher: medium-dark skin tone
Personnes et corps	👨🏿‍🏫	man teacher: dark skin tone
Personnes et corps	👩‍🏫	woman teacher
Personnes et corps	👩🏻‍🏫	woman teacher: light skin tone
Personnes et corps	👩🏼‍🏫	woman teacher: medium-light skin tone
Personnes et corps	👩🏽‍🏫	woman teacher: medium skin tone
Personnes et corps	👩🏾‍🏫	woman teacher: medium-dark skin tone
Personnes et corps	👩🏿‍🏫	woman teacher: dark skin tone
Personnes et corps	🧑‍⚖️	judge
Personnes et corps	🧑🏻‍⚖️	judge: light skin tone
Personnes et corps	🧑🏼‍⚖️	judge: medium-light skin tone
Personnes et corps	🧑🏽‍⚖️	judge: medium skin tone
Personnes et corps	🧑🏾‍⚖️	judge: medium-dark skin tone
Personnes et corps	🧑🏿‍⚖️	judge: dark skin tone
Personnes et corps	👨‍⚖️	man judge
Personnes et corps	👨🏻‍⚖️	man judge: light skin tone
Personnes et corps	👨🏼‍⚖️	man judge: medium-light skin tone
Personnes et corps	👨🏽‍⚖️	man judge: medium skin tone
Personnes et corps	👨🏾‍⚖️	man judge: medium-dark skin tone
Personnes et corps	👨🏿‍⚖️	man judge: dark skin tone
Personnes et corps	👩‍⚖️	woman judge
Personnes et corps	👩🏻‍⚖️	woman judge: light skin tone
Personnes et corps	👩🏼‍⚖️	woman judge: medium-light skin tone
Personnes et corps	👩🏽‍⚖️	woman judge: medium skin tone
Personnes et corps	👩🏾‍⚖️	woman judge: medium-dark skin tone
Personnes et corps	👩🏿‍⚖️	woman judge: dark skin tone
Personnes et corps	🧑‍🌾	farmer
Personnes et corps	🧑🏻‍🌾	farmer: light skin tone
Personnes et corps	🧑🏼‍🌾	farmer: medium-light skin tone
Personnes et corps	🧑🏽‍🌾	farmer: medium skin tone
Personnes et corps	🧑🏾‍🌾	farmer: medium-dark skin tone
Personnes et corps	🧑🏿‍🌾	farmer: dark skin tone
Personnes et corps	👨‍🌾	man farmer
Personnes et corps	👨🏻‍🌾	man farmer: light skin tone
Personnes et corps	👨🏼‍🌾	man farmer: medium-light skin tone
Personnes et corps	👨🏽‍🌾	man farmer: medium skin tone
Personnes et corps	👨🏾‍🌾	man farmer: medium-dark skin tone
Personnes et corps	👨🏿‍🌾	man farmer: dark skin tone
Personnes et corps	👩‍🌾	woman farmer
Personnes et corps	👩🏻‍🌾	woman farmer: light skin tone
Personnes et corps	👩🏼‍🌾	woman farmer: medium-light skin tone
Personnes et corps	👩🏽‍🌾	woman farmer: medium skin tone
Personnes et corps	👩🏾‍🌾	woman farmer: medium-dark skin tone
Personnes et corps	👩🏿‍🌾	woman farmer: dark skin tone
Personnes et corps	🧑‍🍳	cook
Personnes et corps	🧑🏻‍🍳	cook: light skin tone
Personnes et corps	🧑🏼‍🍳	cook: medium-light skin tone
Personnes et corps	🧑🏽‍🍳	cook: medium skin tone
Personnes et corps	🧑🏾‍🍳	cook: medium-dark skin tone
Personnes et corps	🧑🏿‍🍳	cook: dark skin tone
Personnes et corps	👨‍🍳	man cook
Personnes et corps	👨🏻‍🍳	man cook: light skin tone
Personnes et corps	👨🏼‍🍳	man cook: medium-light skin tone
Personnes et corps	👨🏽‍🍳	man cook: medium skin tone
Personnes et corps	👨🏾‍🍳	man cook: medium-dark skin tone
Personnes et corps	👨🏿‍🍳	man cook: dark skin tone
Personnes et corps	👩‍🍳	woman cook
Personnes et corps	👩🏻‍🍳	woman cook: light skin tone
Personnes et corps	👩🏼‍🍳	woman cook: medium-light skin tone
Personnes et corps	👩🏽‍🍳	woman cook: medium skin tone
Personnes et corps	👩🏾‍🍳	woman cook: medium-dark skin tone
Personnes et corps	👩🏿‍🍳	woman cook: dark skin tone
Personnes et corps	🧑‍🔧	mechanic
Personnes et corps	🧑🏻‍🔧	mechanic: light skin tone
Personnes et corps	🧑🏼‍🔧	mechanic: medium-light skin tone
Personnes et corps	🧑🏽‍🔧	mechanic: medium skin tone
Personnes et corps	🧑🏾‍🔧	mechanic: medium-dark skin tone
Personnes et corps	🧑🏿‍🔧	mechanic: dark skin tone
Personnes et corps	👨‍🔧	man mechanic
Personnes et corps	👨🏻‍🔧	man mechanic: light skin tone
Personnes et corps	👨🏼‍🔧	man mechanic: medium-light skin tone
Personnes et corps	👨🏽‍🔧	man mechanic: medium skin tone
Personnes et corps	👨🏾‍🔧	man mechanic: medium-dark skin tone
Personnes et corps	👨🏿‍🔧	man mechanic: dark skin tone
Personnes et corps	👩‍🔧	woman mechanic
Personnes et corps	👩🏻‍🔧	woman mechanic: light skin tone
Personnes et corps	👩🏼‍🔧	woman mechanic: medium-light skin tone
Personnes et corps	👩🏽‍🔧	woman mechanic: medium skin tone
Personnes et corps	👩🏾‍🔧	woman mechanic: medium-dark skin tone
Personnes et corps	👩🏿‍🔧	woman mechanic: dark skin tone
Personnes et corps	🧑‍🏭	factory worker
Personnes et corps	🧑🏻‍🏭	factory worker: light skin tone
Personnes et corps	🧑🏼‍🏭	factory worker: medium-light skin tone
Personnes et corps	🧑🏽‍🏭	factory worker: medium skin tone
Personnes et corps	🧑🏾‍🏭	factory worker: medium-dark skin tone
Personnes et corps	🧑🏿‍🏭	factory worker: dark skin tone
Personnes et corps	👨‍🏭	man factory worker
Personnes et corps	👨🏻‍🏭	man factory worker: light skin tone
Personnes et corps	👨🏼‍🏭	man factory worker: medium-light skin tone
Personnes et corps	👨🏽‍🏭	man factory worker: medium skin tone
Personnes et corps	👨🏾‍🏭	man factory worker: medium-dark skin tone
Personnes et corps	👨🏿‍🏭	man factory worker: dark skin tone
Personnes et corps	👩‍🏭	woman factory worker
Personnes et corps	👩🏻‍🏭	woman factory worker: light skin tone
Personnes et corps	👩🏼‍🏭	woman factory worker: medium-light skin tone
Personnes et corps	👩🏽‍🏭	woman factory worker: medium skin tone
Personnes et corps	👩🏾‍🏭	woman factory worker: medium-dark skin tone
Personnes et corps	👩🏿‍🏭	woman factory worker: dark skin tone
Personnes et corps	🧑‍💼	office worker
Personnes et corps	🧑🏻‍💼	office worker: light skin tone
Personnes et corps	🧑🏼‍💼	office worker: medium-light skin tone
Personnes et corps	🧑🏽‍💼	office worker: medium skin tone
Personnes et corps	🧑🏾‍💼	office worker: medium-dark skin tone
Personnes et corps	🧑🏿‍💼	office worker: dark skin tone
Personnes et corps	👨‍💼	man office worker
Personnes et corps	👨🏻‍💼	man office worker: light skin tone
Personnes et corps	👨🏼‍💼	man office worker: medium-light skin tone
Personnes et corps	👨🏽‍💼	man office worker: medium skin tone
Personnes et corps	👨🏾‍💼	man office worker: medium-dark skin tone
Personnes et corps	👨🏿‍💼	man office worker: dark skin tone
Personnes et corps	👩‍💼	woman office worker
Personnes et corps	👩🏻‍💼	woman office worker: light skin tone
Personnes et corps	👩🏼‍💼	woman office worker: medium-light skin tone
Personnes et corps	👩🏽‍💼	woman office worker: medium skin tone
Personnes et corps	👩🏾‍💼	woman office worker: medium-dark skin tone
Personnes et corps	👩🏿‍💼	woman office worker: dark skin tone
Personnes et corps	🧑‍🔬	scientist
Personnes et corps	🧑🏻‍🔬	scientist: light skin tone
Personnes et corps	🧑🏼‍🔬	scientist: medium-light skin tone
Personnes et corps	🧑🏽‍🔬	scientist: medium skin tone
Personnes et corps	🧑🏾‍🔬	scientist: medium-dark skin tone
Personnes et corps	🧑🏿‍🔬	scientist: dark skin tone
Personnes et corps	👨‍🔬	man scientist
Personnes et corps	👨🏻‍🔬	man scientist: light skin tone
Personnes et corps	👨🏼‍🔬	man scientist: medium-light skin tone
Personnes et corps	👨🏽‍🔬	man scientist: medium skin tone
Personnes et corps	👨🏾‍🔬	man scientist: medium-dark skin tone
Personnes et corps	👨🏿‍🔬	man scientist: dark skin tone
Personnes et corps	👩‍🔬	woman scientist
Personnes et corps	👩🏻‍🔬	woman scientist: light skin tone
Personnes et corps	👩🏼‍🔬	woman scientist: medium-light skin tone
Personnes et corps	👩🏽‍🔬	woman scientist: medium skin tone
Personnes et corps	👩🏾‍🔬	woman scientist: medium-dark skin tone
Personnes et corps	👩🏿‍🔬	woman scientist: dark skin tone
Personnes et corps	🧑‍💻	technologist
Personnes et corps	🧑🏻‍💻	technologist: light skin tone
Personnes et corps	🧑🏼‍💻	technologist: medium-light skin tone
Personnes et corps	🧑🏽‍💻	technologist: medium skin tone
Personnes et corps	🧑🏾‍💻	technologist: medium-dark skin tone
Personnes et corps	🧑🏿‍💻	technologist: dark skin tone
Personnes et corps	👨‍💻	man technologist
Personnes et corps	👨🏻‍💻	man technologist: light skin tone
Personnes et corps	👨🏼‍💻	man technologist: medium-light skin tone
Personnes et corps	👨🏽‍💻	man technologist: medium skin tone
Personnes et corps	👨🏾‍💻	man technologist: medium-dark skin tone
Personnes et corps	👨🏿‍💻	man technologist: dark skin tone
Personnes et corps	👩‍💻	woman technologist
Personnes et corps	👩🏻‍💻	woman technologist: light skin tone
Personnes et corps	👩🏼‍💻	woman technologist: medium-light skin tone
Personnes et corps	👩🏽‍💻	woman technologist: medium skin tone
Personnes et corps	👩🏾‍💻	woman technologist: medium-dark skin tone
Personnes et corps	👩🏿‍💻	woman technologist: dark skin tone
Personnes et corps	🧑‍🎤	singer
Personnes et corps	🧑🏻‍🎤	singer: light skin tone
Personnes et corps	🧑🏼‍🎤	singer: medium-light skin tone
Personnes et corps	🧑🏽‍🎤	singer: medium skin tone
Personnes et corps	🧑🏾‍🎤	singer: medium-dark skin tone
Personnes et corps	🧑🏿‍🎤	singer: dark skin tone
Personnes et corps	👨‍🎤	man singer
Personnes et corps	👨🏻‍🎤	man singer: light skin tone
Personnes et corps	👨🏼‍🎤	man singer: medium-light skin tone
Personnes et corps	👨🏽‍🎤	man singer: medium skin tone
Personnes et corps	👨🏾‍🎤	man singer: medium-dark skin tone
Personnes et corps	👨🏿‍🎤	man singer: dark skin tone
Personnes et corps	👩‍🎤	woman singer
Personnes et corps	👩🏻‍🎤	woman singer: light skin tone
Personnes et corps	👩🏼‍🎤	woman singer: medium-light skin tone
Personnes et corps	👩🏽‍🎤	woman singer: medium skin tone
Personnes et corps	👩🏾‍🎤	woman singer: medium-dark skin tone
Personnes et corps	👩🏿‍🎤	woman singer: dark skin tone
Personnes et corps	🧑‍🎨	artist
Personnes et corps	🧑🏻‍🎨	artist: light skin tone
Personnes et corps	🧑🏼‍🎨	artist: medium-light skin tone
Personnes et corps	🧑🏽‍🎨	artist: medium skin tone
Personnes et corps	🧑🏾‍🎨	artist: medium-dark skin tone
Personnes et corps	🧑🏿‍🎨	artist: dark skin tone
Personnes et corps	👨‍🎨	man artist
Personnes et corps	👨🏻‍🎨	man artist: light skin tone
Personnes et corps	👨🏼‍🎨	man artist: medium-light skin tone
Personnes et corps	👨🏽‍🎨	man artist: medium skin tone
Personnes et corps	👨🏾‍🎨	man artist: medium-dark skin tone
Personnes et corps	👨🏿‍🎨	man artist: dark skin tone
Personnes et corps	👩‍🎨	woman artist
Personnes et corps	👩🏻‍🎨	woman artist: light skin tone
Personnes et corps	👩🏼‍🎨	woman artist: medium-light skin tone
Personnes et corps	👩🏽‍🎨	woman artist: medium skin tone
Personnes et corps	👩🏾‍🎨	woman artist: medium-dark skin tone
Personnes et corps	👩🏿‍🎨	woman artist: dark skin tone
Personnes et corps	🧑‍✈️	pilot
Personnes et corps	🧑🏻‍✈️	pilot: light skin tone
Personnes et corps	🧑🏼‍✈️	pilot: medium-light skin tone
Personnes et corps	🧑🏽‍✈️	pilot: medium skin tone
Personnes et corps	🧑🏾‍✈️	pilot: medium-dark skin tone
Personnes et corps	🧑🏿‍✈️	pilot: dark skin tone
Personnes et corps	👨‍✈️	man pilot
Personnes et corps	👨🏻‍✈️	man pilot: light skin tone
Personnes et corps	👨🏼‍✈️	man pilot: medium-light skin tone
Personnes et corps	👨🏽‍✈️	man pilot: medium skin tone
Personnes et corps	👨🏾‍✈️	man pilot: medium-dark skin tone
Personnes et corps	👨🏿‍✈️	man pilot: dark skin tone
Personnes et corps	👩‍✈️	woman pilot
Personnes et corps	👩🏻‍✈️	woman pilot: light skin tone
Personnes et corps	👩🏼‍✈️	woman pilot: medium-light skin tone
Personnes et corps	👩🏽‍✈️	woman pilot: medium skin tone
Personnes et corps	👩🏾‍✈️	woman pilot: medium-dark skin tone
Personnes et corps	👩🏿‍✈️	woman pilot: dark skin tone
Personnes et corps	🧑‍🚀	astronaut
Personnes et corps	🧑🏻‍🚀	astronaut: light skin tone
Personnes et corps	🧑🏼‍🚀	astronaut: medium-light skin tone
Personnes et corps	🧑🏽‍🚀	astronaut: medium skin tone
Personnes et corps	🧑🏾‍🚀	astronaut: medium-dark skin tone
Personnes et corps	🧑🏿‍🚀	astronaut: dark skin tone
Personnes et corps	👨‍🚀	man astronaut
Personnes et corps	👨🏻‍🚀	man astronaut: light skin tone
Personnes et corps	👨🏼‍🚀	man astronaut: medium-light skin tone
Personnes et corps	👨🏽‍🚀	man astronaut: medium skin tone
Personnes et corps	👨🏾‍🚀	man astronaut: medium-dark skin tone
Personnes et corps	👨🏿‍🚀	man astronaut: dark skin tone
Personnes et corps	👩‍🚀	woman astronaut
Personnes et corps	👩🏻‍🚀	woman astronaut: light skin tone
Personnes et corps	👩🏼‍🚀	woman astronaut: medium-light skin tone
Personnes et corps	👩🏽‍🚀	woman astronaut: medium skin tone
Personnes et corps	👩🏾‍🚀	woman astronaut: medium-dark skin tone
Personnes et corps	👩🏿‍🚀	woman astronaut: dark skin tone
Personnes et corps	🧑‍🚒	firefighter
Personnes et corps	🧑🏻‍🚒	firefighter: light skin tone
Personnes et corps	🧑🏼‍🚒	firefighter: medium-light skin tone
Personnes et corps	🧑🏽‍🚒	firefighter: medium skin tone
Personnes et corps	🧑🏾‍🚒	firefighter: medium-dark skin tone
Personnes et corps	🧑🏿‍🚒	firefighter: dark skin tone
Personnes et corps	👨‍🚒	man firefighter
Personnes et corps	👨🏻‍🚒	man firefighter: light skin tone
Personnes et corps	👨🏼‍🚒	man firefighter: medium-light skin tone
Personnes et corps	👨🏽‍🚒	man firefighter: medium skin tone
Personnes et corps	👨🏾‍🚒	man firefighter: medium-dark skin tone
Personnes et corps	👨🏿‍🚒	man firefighter: dark skin tone
Personnes et corps	👩‍🚒	woman firefighter
Personnes et corps	👩🏻‍🚒	woman firefighter: light skin tone
Personnes et corps	👩🏼‍🚒	woman firefighter: medium-light skin tone
Personnes et corps	👩🏽‍🚒	woman firefighter: medium skin tone
Personnes et corps	👩🏾‍🚒	woman firefighter: medium-dark skin tone
Personnes et corps	👩🏿‍🚒	woman firefighter: dark skin tone
Personnes et corps	👮	police officer
Personnes et corps	👮🏻	police officer: light skin tone
Personnes et corps	👮🏼	police officer: medium-light skin tone
Personnes et corps	👮🏽	police officer: medium skin tone
Personnes et corps	👮🏾	police officer: medium-dark skin tone
Personnes et corps	👮🏿	police officer: dark skin tone
Personnes et corps	👮‍♂️	man police officer
Personnes et corps	👮🏻‍♂️	man police officer: light skin tone
Personnes et corps	👮🏼‍♂️	man police officer: medium-light skin tone
Personnes et corps	👮🏽‍♂️	man police officer: medium skin tone
Personnes et corps	👮🏾‍♂️	man police officer: medium-dark skin tone
Personnes et corps	👮🏿‍♂️	man police officer: dark skin tone
Personnes et corps	👮‍♀️	woman police officer
Personnes et corps	👮🏻‍♀️	woman police officer: light skin tone
Personnes et corps	👮🏼‍♀️	woman police officer: medium-light skin tone
Personnes et corps	👮🏽‍♀️	woman police officer: medium skin tone
Personnes et corps	👮🏾‍♀️	woman police officer: medium-dark skin tone
Personnes et corps	👮🏿‍♀️	woman police officer: dark skin tone
Personnes et corps	🕵️	detective
Personnes et corps	🕵🏻	detective: light skin tone
Personnes et corps	🕵🏼	detective: medium-light skin tone
Personnes et corps	🕵🏽	detective: medium skin tone
Personnes et corps	🕵🏾	detective: medium-dark skin tone
Personnes et corps	🕵🏿	detective: dark skin tone
Personnes et corps	🕵️‍♂️	man detective
Personnes et corps	🕵🏻‍♂️	man detective: light skin tone
Personnes et corps	🕵🏼‍♂️	man detective: medium-light skin tone
Personnes et corps	🕵🏽‍♂️	man detective: medium skin tone
Personnes et corps	🕵🏾‍♂️	man detective: medium-dark skin tone
Personnes et corps	🕵🏿‍♂️	man detective: dark skin tone
Personnes et corps	🕵️‍♀️	woman detective
Personnes et corps	🕵🏻‍♀️	woman detective: light skin tone
Personnes et corps	🕵🏼‍♀️	woman detective: medium-light skin tone
Personnes et corps	🕵🏽‍♀️	woman detective: medium skin tone
Personnes et corps	🕵🏾‍♀️	woman detective: medium-dark skin tone
Personnes et corps	🕵🏿‍♀️	woman detective: dark skin tone
Personnes et corps	💂	guard
Personnes et corps	💂🏻	guard: light skin tone
Personnes et corps	💂🏼	guard: medium-light skin tone
Personnes et corps	💂🏽	guard: medium skin tone
Personnes et corps	💂🏾	guard: medium-dark skin tone
Personnes et corps	💂🏿	guard: dark skin tone
Personnes et corps	💂‍♂️	man guard
Personnes et corps	💂🏻‍♂️	man guard: light skin tone
Personnes et corps	💂🏼‍♂️	man guard: medium-light skin tone
Personnes et corps	💂🏽‍♂️	man guard: medium skin tone
Personnes et corps	💂🏾‍♂️	man guard: medium-dark skin tone
Personnes et corps	💂🏿‍♂️	man guard: dark skin tone
Personnes et corps	💂‍♀️	woman guard
Personnes et corps	💂🏻‍♀️	woman guard: light skin tone
Personnes et corps	💂🏼‍♀️	woman guard: medium-light skin tone
Personnes et corps	💂🏽‍♀️	woman guard: medium skin tone
Personnes et corps	💂🏾‍♀️	woman guard: medium-dark skin tone
Personnes et corps	💂🏿‍♀️	woman guard: dark skin tone
Personnes et corps	🥷	ninja
Personnes et corps	🥷🏻	ninja: light skin tone
Personnes et corps	🥷🏼	ninja: medium-light skin tone
Personnes et corps	🥷🏽	ninja: medium skin tone
Personnes et corps	🥷🏾	ninja: medium-dark skin tone
Personnes et corps	🥷🏿	ninja: dark skin tone
Personnes et corps	👷	construction worker
Personnes et corps	👷🏻	construction worker: light skin tone
Personnes et corps	👷🏼	construction worker: medium-light skin tone
Personnes et corps	👷🏽	construction worker: medium skin tone
Personnes et corps	👷🏾	construction worker: medium-dark skin tone
Personnes et corps	👷🏿	construction worker: dark skin tone
Personnes et corps	👷‍♂️	man construction worker
Personnes et corps	👷🏻‍♂️	man construction worker: light skin tone
Personnes et corps	👷🏼‍♂️	man construction worker: medium-light skin tone
Personnes et corps	👷🏽‍♂️	man construction worker: medium skin tone
Personnes et corps	👷🏾‍♂️	man construction worker: medium-dark skin tone
Personnes et corps	👷🏿‍♂️	man construction worker: dark skin tone
Personnes et corps	👷‍♀️	woman construction worker
Personnes et corps	👷🏻‍♀️	woman construction worker: light skin tone
Personnes et corps	👷🏼‍♀️	woman construction worker: medium-light skin tone
Personnes et corps	👷🏽‍♀️	woman construction worker: medium skin tone
Personnes et corps	👷🏾‍♀️	woman construction worker: medium-dark skin tone
Personnes et corps	👷🏿‍♀️	woman construction worker: dark skin tone
Personnes et corps	🫅	person with crown
Personnes et corps	🫅🏻	person with crown: light skin tone
Personnes et corps	🫅🏼	person with crown: medium-light skin tone
Personnes et corps	🫅🏽	person with crown: medium skin tone
Personnes et corps	🫅🏾	person with crown: medium-dark skin tone
Personnes et corps	🫅🏿	person with crown: dark skin tone
Personnes et corps	🤴	prince
Personnes et corps	🤴🏻	prince: light skin tone
Personnes et corps	🤴🏼	prince: medium-light skin tone
Personnes et corps	🤴🏽	prince: medium skin tone
Personnes et corps	🤴🏾	prince: medium-dark skin tone
Personnes et corps	🤴🏿	prince: dark skin tone
Personnes et corps	👸	princess
Personnes et corps	👸🏻	princess: light skin tone
Personnes et corps	👸🏼	princess: medium-light skin tone
Personnes et corps	👸🏽	princess: medium skin tone
Personnes et corps	👸🏾	princess: medium-dark skin tone
Personnes et corps	👸🏿	princess: dark skin tone
Personnes et corps	👳	person wearing turban
Personnes et corps	👳🏻	person wearing turban: light skin tone
Personnes et corps	👳🏼	person wearing turban: medium-light skin tone
Personnes et corps	👳🏽	person wearing turban: medium skin tone
Personnes et corps	👳🏾	person wearing turban: medium-dark skin tone
Personnes et corps	👳🏿	person wearing turban: dark skin tone
Personnes et corps	👳‍♂️	man wearing turban
Personnes et corps	👳🏻‍♂️	man wearing turban: light skin tone
Personnes et corps	👳🏼‍♂️	man wearing turban: medium-light skin tone
Personnes et corps	👳🏽‍♂️	man wearing turban: medium skin tone
Personnes et corps	👳🏾‍♂️	man wearing turban: medium-dark skin tone
Personnes et corps	👳🏿‍♂️	man wearing turban: dark skin tone
Personnes et corps	👳‍♀️	woman wearing turban
Personnes et corps	👳🏻‍♀️	woman wearing turban: light skin tone
Personnes et corps	👳🏼‍♀️	woman wearing turban: medium-light skin tone
Personnes et corps	👳🏽‍♀️	woman wearing turban: medium skin tone
Personnes et corps	👳🏾‍♀️	woman wearing turban: medium-dark skin tone
Personnes et corps	👳🏿‍♀️	woman wearing turban: dark skin tone
Personnes et corps	👲	person with skullcap
Personnes et corps	👲🏻	person with skullcap: light skin tone
Personnes et corps	👲🏼	person with skullcap: medium-light skin tone
Personnes et corps	👲🏽	person with skullcap: medium skin tone
Personnes et corps	👲🏾	person with skullcap: medium-dark skin tone
Personnes et corps	👲🏿	person with skullcap: dark skin tone
Personnes et corps	🧕	woman with headscarf
Personnes et corps	🧕🏻	woman with headscarf: light skin tone
Personnes et corps	🧕🏼	woman with headscarf: medium-light skin tone
Personnes et corps	🧕🏽	woman with headscarf: medium skin tone
Personnes et corps	🧕🏾	woman with headscarf: medium-dark skin tone
Personnes et corps	🧕🏿	woman with headscarf: dark skin tone
Personnes et corps	🤵	person in tuxedo
Personnes et corps	🤵🏻	person in tuxedo: light skin tone
Personnes et corps	🤵🏼	person in tuxedo: medium-light skin tone
Personnes et corps	🤵🏽	person in tuxedo: medium skin tone
Personnes et corps	🤵🏾	person in tuxedo: medium-dark skin tone
Personnes et corps	🤵🏿	person in tuxedo: dark skin tone
Personnes et corps	🤵‍♂️	man in tuxedo
Personnes et corps	🤵🏻‍♂️	man in tuxedo: light skin tone
Personnes et corps	🤵🏼‍♂️	man in tuxedo: medium-light skin tone
Personnes et corps	🤵🏽‍♂️	man in tuxedo: medium skin tone
Personnes et corps	🤵🏾‍♂️	man in tuxedo: medium-dark skin tone
Personnes et corps	🤵🏿‍♂️	man in tuxedo: dark skin tone
Personnes et corps	🤵‍♀️	woman in tuxedo
Personnes et corps	🤵🏻‍♀️	woman in tuxedo: light skin tone
Personnes et corps	🤵🏼‍♀️	woman in tuxedo: medium-light skin tone
Personnes et corps	🤵🏽‍♀️	woman in tuxedo: medium skin tone
Personnes et corps	🤵🏾‍♀️	woman in tuxedo: medium-dark skin tone
Personnes et corps	🤵🏿‍♀️	woman in tuxedo: dark skin tone
Personnes et corps	👰	person with veil
Personnes et corps	👰🏻	person with veil: light skin tone
Personnes et corps	👰🏼	person with veil: medium-light skin tone
Personnes et corps	👰🏽	person with veil: medium skin tone
Personnes et corps	👰🏾	person with veil: medium-dark skin tone
Personnes et corps	👰🏿	person with veil: dark skin tone
Personnes et corps	👰‍♂️	man with veil
Personnes et corps	👰🏻‍♂️	man with veil: light skin tone
Personnes et corps	👰🏼‍♂️	man with veil: medium-light skin tone
Personnes et corps	👰🏽‍♂️	man with veil: medium skin tone
Personnes et corps	👰🏾‍♂️	man with veil: medium-dark skin tone
Personnes et corps	👰🏿‍♂️	man with veil: dark skin tone
Personnes et corps	👰‍♀️	woman with veil
Personnes et corps	👰🏻‍♀️	woman with veil: light skin tone
Personnes et corps	👰🏼‍♀️	woman with veil: medium-light skin tone
Personnes et corps	👰🏽‍♀️	woman with veil: medium skin tone
Personnes et corps	👰🏾‍♀️	woman with veil: medium-dark skin tone
Personnes et corps	👰🏿‍♀️	woman with veil: dark skin tone
Personnes et corps	🤰	pregnant woman
Personnes et corps	🤰🏻	pregnant woman: light skin tone
Personnes et corps	🤰🏼	pregnant woman: medium-light skin tone
Personnes et corps	🤰🏽	pregnant woman: medium skin tone
Personnes et corps	🤰🏾	pregnant woman: medium-dark skin tone
Personnes et corps	🤰🏿	pregnant woman: dark skin tone
Personnes et corps	🫃	pregnant man
Personnes et corps	🫃🏻	pregnant man: light skin tone
Personnes et corps	🫃🏼	pregnant man: medium-light skin tone
Personnes et corps	🫃🏽	pregnant man: medium skin tone
Personnes et corps	🫃🏾	pregnant man: medium-dark skin tone
Personnes et corps	🫃🏿	pregnant man: dark skin tone
Personnes et corps	🫄	pregnant person
Personnes et corps	🫄🏻	pregnant person: light skin tone
Personnes et corps	🫄🏼	pregnant person: medium-light skin tone
Personnes et corps	🫄🏽	pregnant person: medium skin tone
Personnes et corps	🫄🏾	pregnant person: medium-dark skin tone
Personnes et corps	🫄🏿	pregnant person: dark skin tone
Personnes et corps	🤱	breast-feeding
Personnes et corps	🤱🏻	breast-feeding: light skin tone
Personnes et corps	🤱🏼	breast-feeding: medium-light skin tone
Personnes et corps	🤱🏽	breast-feeding: medium skin tone
Personnes et corps	🤱🏾	breast-feeding: medium-dark skin tone
Personnes et corps	🤱🏿	breast-feeding: dark skin tone
Personnes et corps	👩‍🍼	woman feeding baby
Personnes et corps	👩🏻‍🍼	woman feeding baby: light skin tone
Personnes et corps	👩🏼‍🍼	woman feeding baby: medium-light skin tone
Personnes et corps	👩🏽‍🍼	woman feeding baby: medium skin tone
Personnes et corps	👩🏾‍🍼	woman feeding baby: medium-dark skin tone
Personnes et corps	👩🏿‍🍼	woman feeding baby: dark skin tone
Personnes et corps	👨‍🍼	man feeding baby
Personnes et corps	👨🏻‍🍼	man feeding baby: light skin tone
Personnes et corps	👨🏼‍🍼	man feeding baby: medium-light skin tone
Personnes et corps	👨🏽‍🍼	man feeding baby: medium skin tone
Personnes et corps	👨🏾‍🍼	man feeding baby: medium-dark skin tone
Personnes et corps	👨🏿‍🍼	man feeding baby: dark skin tone
Personnes et corps	🧑‍🍼	person feeding baby
Personnes et corps	🧑🏻‍🍼	person feeding baby: light skin tone
Personnes et corps	🧑🏼‍🍼	person feeding baby: medium-light skin tone
Personnes et corps	🧑🏽‍🍼	person feeding baby: medium skin tone
Personnes et corps	🧑🏾‍🍼	person feeding baby: medium-dark skin tone
Personnes et corps	🧑🏿‍🍼	person feeding baby: dark skin tone
Personnes et corps	👼	baby angel
Personnes et corps	👼🏻	baby angel: light skin tone
Personnes et corps	👼🏼	baby angel: medium-light skin tone
Personnes et corps	👼🏽	baby angel: medium skin tone
Personnes et corps	👼🏾	baby angel: medium-dark skin tone
Personnes et corps	👼🏿	baby angel: dark skin tone
Personnes et corps	🎅	Santa Claus
Personnes et corps	🎅🏻	Santa Claus: light skin tone
Personnes et corps	🎅🏼	Santa Claus: medium-light skin tone
Personnes et corps	🎅🏽	Santa Claus: medium skin tone
Personnes et corps	🎅🏾	Santa Claus: medium-dark skin tone
Personnes et corps	🎅🏿	Santa Claus: dark skin tone
Personnes et corps	🤶	Mrs. Claus
Personnes et corps	🤶🏻	Mrs. Claus: light skin tone
Personnes et corps	🤶🏼	Mrs. Claus: medium-light skin tone
Personnes et corps	🤶🏽	Mrs. Claus: medium skin tone
Personnes et corps	🤶🏾	Mrs. Claus: medium-dark skin tone
Personnes et corps	🤶🏿	Mrs. Claus: dark skin tone
Personnes et corps	🧑‍🎄	Mx Claus
Personnes et corps	🧑🏻‍🎄	Mx Claus: light skin tone
Personnes et corps	🧑🏼‍🎄	Mx Claus: medium-light skin tone
Personnes et corps	🧑🏽‍🎄	Mx Claus: medium skin tone
Personnes et corps	🧑🏾‍🎄	Mx Claus: medium-dark skin tone
Personnes et corps	🧑🏿‍🎄	Mx Claus: dark skin tone
Personnes et corps	🦸	superhero
Personnes et corps	🦸🏻	superhero: light skin tone
Personnes et corps	🦸🏼	superhero: medium-light skin tone
Personnes et corps	🦸🏽	superhero: medium skin tone
Personnes et corps	🦸🏾	superhero: medium-dark skin tone
Personnes et corps	🦸🏿	superhero: dark skin tone
Personnes et corps	🦸‍♂️	man superhero
Personnes et corps	🦸🏻‍♂️	man superhero: light skin tone
Personnes et corps	🦸🏼‍♂️	man superhero: medium-light skin tone
Personnes et corps	🦸🏽‍♂️	man superhero: medium skin tone
Personnes et corps	🦸🏾‍♂️	man superhero: medium-dark skin tone
Personnes et corps	🦸🏿‍♂️	man superhero: dark skin tone
Personnes et corps	🦸‍♀️	woman superhero
Personnes et corps	🦸🏻‍♀️	woman superhero: light skin tone
Personnes et corps	🦸🏼‍♀️	woman superhero: medium-light skin tone
Personnes et corps	🦸🏽‍♀️	woman superhero: medium skin tone
Personnes et corps	🦸🏾‍♀️	woman superhero: medium-dark skin tone
Personnes et corps	🦸🏿‍♀️	woman superhero: dark skin tone
Personnes et corps	🦹	supervillain
Personnes et corps	🦹🏻	supervillain: light skin tone
Personnes et corps	🦹🏼	supervillain: medium-light skin tone
Personnes et corps	🦹🏽	supervillain: medium skin tone
Personnes et corps	🦹🏾	supervillain: medium-dark skin tone
Personnes et corps	🦹🏿	supervillain: dark skin tone
Personnes et corps	🦹‍♂️	man supervillain
Personnes et corps	🦹🏻‍♂️	man supervillain: light skin tone
Personnes et corps	🦹🏼‍♂️	man supervillain: medium-light skin tone
Personnes et corps	🦹🏽‍♂️	man supervillain: medium skin tone
Personnes et corps	🦹🏾‍♂️	man supervillain: medium-dark skin tone
Personnes et corps	🦹🏿‍♂️	man supervillain: dark skin tone
Personnes et corps	🦹‍♀️	woman supervillain
Personnes et corps	🦹🏻‍♀️	woman supervillain: light skin tone
Personnes et corps	🦹🏼‍♀️	woman supervillain: medium-light skin tone
Personnes et corps	🦹🏽‍♀️	woman supervillain: medium skin tone
Personnes et corps	🦹🏾‍♀️	woman supervillain: medium-dark skin tone
Personnes et corps	🦹🏿‍♀️	woman supervillain: dark skin tone
Personnes et corps	🧙	mage
Personnes et corps	🧙🏻	mage: light skin tone
Personnes et corps	🧙🏼	mage: medium-light skin tone
Personnes et corps	🧙🏽	mage: medium skin tone
Personnes et corps	🧙🏾	mage: medium-dark skin tone
Personnes et corps	🧙🏿	mage: dark skin tone
Personnes et corps	🧙‍♂️	man mage
Personnes et corps	🧙🏻‍♂️	man mage: light skin tone
Personnes et corps	🧙🏼‍♂️	man mage: medium-light skin tone
Personnes et corps	🧙🏽‍♂️	man mage: medium skin tone
Personnes et corps	🧙🏾‍♂️	man mage: medium-dark skin tone
Personnes et corps	🧙🏿‍♂️	man mage: dark skin tone
Personnes et corps	🧙‍♀️	woman mage
Personnes et corps	🧙🏻‍♀️	woman mage: light skin tone
Personnes et corps	🧙🏼‍♀️	woman mage: medium-light skin tone
Personnes et corps	🧙🏽‍♀️	woman mage: medium skin tone
Personnes et corps	🧙🏾‍♀️	woman mage: medium-dark skin tone
Personnes et corps	🧙🏿‍♀️	woman mage: dark skin tone
Personnes et corps	🧚	fairy
Personnes et corps	🧚🏻	fairy: light skin tone
Personnes et corps	🧚🏼	fairy: medium-light skin tone
Personnes et corps	🧚🏽	fairy: medium skin tone
Personnes et corps	🧚🏾	fairy: medium-dark skin tone
Personnes et corps	🧚🏿	fairy: dark skin tone
Personnes et corps	🧚‍♂️	man fairy
Personnes et corps	🧚🏻‍♂️	man fairy: light skin tone
Personnes et corps	🧚🏼‍♂️	man fairy: medium-light skin tone
Personnes et corps	🧚🏽‍♂️	man fairy: medium skin tone
Personnes et corps	🧚🏾‍♂️	man fairy: medium-dark skin tone
Personnes et corps	🧚🏿‍♂️	man fairy: dark skin tone
Personnes et corps	🧚‍♀️	woman fairy
Personnes et corps	🧚🏻‍♀️	woman fairy: light skin tone
Personnes et corps	🧚🏼‍♀️	woman fairy: medium-light skin tone
Personnes et corps	🧚🏽‍♀️	woman fairy: medium skin tone
Personnes et corps	🧚🏾‍♀️	woman fairy: medium-dark skin tone
Personnes et corps	🧚🏿‍♀️	woman fairy: dark skin tone
Personnes et corps	🧛	vampire
Personnes et corps	🧛🏻	vampire: light skin tone
Personnes et corps	🧛🏼	vampire: medium-light skin tone
Personnes et corps	🧛🏽	vampire: medium skin tone
Personnes et corps	🧛🏾	vampire: medium-dark skin tone
Personnes et corps	🧛🏿	vampire: dark skin tone
Personnes et corps	🧛‍♂️	man vampire
Personnes et corps	🧛🏻‍♂️	man vampire: light skin tone
Personnes et corps	🧛🏼‍♂️	man vampire: medium-light skin tone
Personnes et corps	🧛🏽‍♂️	man vampire: medium skin tone
Personnes et corps	🧛🏾‍♂️	man vampire: medium-dark skin tone
Personnes et corps	🧛🏿‍♂️	man vampire: dark skin tone
Personnes et corps	🧛‍♀️	woman vampire
Personnes et corps	🧛🏻‍♀️	woman vampire: light skin tone
Personnes et corps	🧛🏼‍♀️	woman vampire: medium-light skin tone
Personnes et corps	🧛🏽‍♀️	woman vampire: medium skin tone
Personnes et corps	🧛🏾‍♀️	woman vampire: medium-dark skin tone
Personnes et corps	🧛🏿‍♀️	woman vampire: dark skin tone
Personnes et corps	🧜	merperson
Personnes et corps	🧜🏻	merperson: light skin tone
Personnes et corps	🧜🏼	merperson: medium-light skin tone
Personnes et corps	🧜🏽	merperson: medium skin tone
Personnes et corps	🧜🏾	merperson: medium-dark skin tone
Personnes et corps	🧜🏿	merperson: dark skin tone
Personnes et corps	🧜‍♂️	merman
Personnes et corps	🧜🏻‍♂️	merman: light skin tone
Personnes et corps	🧜🏼‍♂️	merman: medium-light skin tone
Personnes et corps	🧜🏽‍♂️	merman: medium skin tone
Personnes et corps	🧜🏾‍♂️	merman: medium-dark skin tone
Personnes et corps	🧜🏿‍♂️	merman: dark skin tone
Personnes et corps	🧜‍♀️	mermaid
Personnes et corps	🧜🏻‍♀️	mermaid: light skin tone
Personnes et corps	🧜🏼‍♀️	mermaid: medium-light skin tone
Personnes et corps	🧜🏽‍♀️	mermaid: medium skin tone
Personnes et corps	🧜🏾‍♀️	mermaid: medium-dark skin tone
Personnes et corps	🧜🏿‍♀️	mermaid: dark skin tone
Personnes et corps	🧝	elf
Personnes et corps	🧝🏻	elf: light skin tone
Personnes et corps	🧝🏼	elf: medium-light skin tone
Personnes et corps	🧝🏽	elf: medium skin tone
Personnes et corps	🧝🏾	elf: medium-dark skin tone
Personnes et corps	🧝🏿	elf: dark skin tone
Personnes et corps	🧝‍♂️	man elf
Personnes et corps	🧝🏻‍♂️	man elf: light skin tone
Personnes et corps	🧝🏼‍♂️	man elf: medium-light skin tone
Personnes et corps	🧝🏽‍♂️	man elf: medium skin tone
Personnes et corps	🧝🏾‍♂️	man elf: medium-dark skin tone
Personnes et corps	🧝🏿‍♂️	man elf: dark skin tone
Personnes et corps	🧝‍♀️	woman elf
Personnes et corps	🧝🏻‍♀️	woman elf: light skin tone
Personnes et corps	🧝🏼‍♀️	woman elf: medium-light skin tone
Personnes et corps	🧝🏽‍♀️	woman elf: medium skin tone
Personnes et corps	🧝🏾‍♀️	woman elf: medium-dark skin tone
Personnes et corps	🧝🏿‍♀️	woman elf: dark skin tone
Personnes et corps	🧞	genie
Personnes et corps	🧞‍♂️	man genie
Personnes et corps	🧞‍♀️	woman genie
Personnes et corps	🧟	zombie
Personnes et corps	🧟‍♂️	man zombie
Personnes et corps	🧟‍♀️	woman zombie
Personnes et corps	🧌	troll
Personnes et corps	🫈	hairy creature
Personnes et corps	💆	person getting massage
Personnes et corps	💆🏻	person getting massage: light skin tone
Personnes et corps	💆🏼	person getting massage: medium-light skin tone
Personnes et corps	💆🏽	person getting massage: medium skin tone
Personnes et corps	💆🏾	person getting massage: medium-dark skin tone
Personnes et corps	💆🏿	person getting massage: dark skin tone
Personnes et corps	💆‍♂️	man getting massage
Personnes et corps	💆🏻‍♂️	man getting massage: light skin tone
Personnes et corps	💆🏼‍♂️	man getting massage: medium-light skin tone
Personnes et corps	💆🏽‍♂️	man getting massage: medium skin tone
Personnes et corps	💆🏾‍♂️	man getting massage: medium-dark skin tone
Personnes et corps	💆🏿‍♂️	man getting massage: dark skin tone
Personnes et corps	💆‍♀️	woman getting massage
Personnes et corps	💆🏻‍♀️	woman getting massage: light skin tone
Personnes et corps	💆🏼‍♀️	woman getting massage: medium-light skin tone
Personnes et corps	💆🏽‍♀️	woman getting massage: medium skin tone
Personnes et corps	💆🏾‍♀️	woman getting massage: medium-dark skin tone
Personnes et corps	💆🏿‍♀️	woman getting massage: dark skin tone
Personnes et corps	💇	person getting haircut
Personnes et corps	💇🏻	person getting haircut: light skin tone
Personnes et corps	💇🏼	person getting haircut: medium-light skin tone
Personnes et corps	💇🏽	person getting haircut: medium skin tone
Personnes et corps	💇🏾	person getting haircut: medium-dark skin tone
Personnes et corps	💇🏿	person getting haircut: dark skin tone
Personnes et corps	💇‍♂️	man getting haircut
Personnes et corps	💇🏻‍♂️	man getting haircut: light skin tone
Personnes et corps	💇🏼‍♂️	man getting haircut: medium-light skin tone
Personnes et corps	💇🏽‍♂️	man getting haircut: medium skin tone
Personnes et corps	💇🏾‍♂️	man getting haircut: medium-dark skin tone
Personnes et corps	💇🏿‍♂️	man getting haircut: dark skin tone
Personnes et corps	💇‍♀️	woman getting haircut
Personnes et corps	💇🏻‍♀️	woman getting haircut: light skin tone
Personnes et corps	💇🏼‍♀️	woman getting haircut: medium-light skin tone
Personnes et corps	💇🏽‍♀️	woman getting haircut: medium skin tone
Personnes et corps	💇🏾‍♀️	woman getting haircut: medium-dark skin tone
Personnes et corps	💇🏿‍♀️	woman getting haircut: dark skin tone
Personnes et corps	🚶	person walking
Personnes et corps	🚶🏻	person walking: light skin tone
Personnes et corps	🚶🏼	person walking: medium-light skin tone
Personnes et corps	🚶🏽	person walking: medium skin tone
Personnes et corps	🚶🏾	person walking: medium-dark skin tone
Personnes et corps	🚶🏿	person walking: dark skin tone
Personnes et corps	🚶‍♂️	man walking
Personnes et corps	🚶🏻‍♂️	man walking: light skin tone
Personnes et corps	🚶🏼‍♂️	man walking: medium-light skin tone
Personnes et corps	🚶🏽‍♂️	man walking: medium skin tone
Personnes et corps	🚶🏾‍♂️	man walking: medium-dark skin tone
Personnes et corps	🚶🏿‍♂️	man walking: dark skin tone
Personnes et corps	🚶‍♀️	woman walking
Personnes et corps	🚶🏻‍♀️	woman walking: light skin tone
Personnes et corps	🚶🏼‍♀️	woman walking: medium-light skin tone
Personnes et corps	🚶🏽‍♀️	woman walking: medium skin tone
Personnes et corps	🚶🏾‍♀️	woman walking: medium-dark skin tone
Personnes et corps	🚶🏿‍♀️	woman walking: dark skin tone
Personnes et corps	🚶‍➡️	person walking facing right
Personnes et corps	🚶🏻‍➡️	person walking facing right: light skin tone
Personnes et corps	🚶🏼‍➡️	person walking facing right: medium-light skin tone
Personnes et corps	🚶🏽‍➡️	person walking facing right: medium skin tone
Personnes et corps	🚶🏾‍➡️	person walking facing right: medium-dark skin tone
Personnes et corps	🚶🏿‍➡️	person walking facing right: dark skin tone
Personnes et corps	🚶‍♀️‍➡️	woman walking facing right
Personnes et corps	🚶🏻‍♀️‍➡️	woman walking facing right: light skin tone
Personnes et corps	🚶🏼‍♀️‍➡️	woman walking facing right: medium-light skin tone
Personnes et corps	🚶🏽‍♀️‍➡️	woman walking facing right: medium skin tone
Personnes et corps	🚶🏾‍♀️‍➡️	woman walking facing right: medium-dark skin tone
Personnes et corps	🚶🏿‍♀️‍➡️	woman walking facing right: dark skin tone
Personnes et corps	🚶‍♂️‍➡️	man walking facing right
Personnes et corps	🚶🏻‍♂️‍➡️	man walking facing right: light skin tone
Personnes et corps	🚶🏼‍♂️‍➡️	man walking facing right: medium-light skin tone
Personnes et corps	🚶🏽‍♂️‍➡️	man walking facing right: medium skin tone
Personnes et corps	🚶🏾‍♂️‍➡️	man walking facing right: medium-dark skin tone
Personnes et corps	🚶🏿‍♂️‍➡️	man walking facing right: dark skin tone
Personnes et corps	🧍	person standing
Personnes et corps	🧍🏻	person standing: light skin tone
Personnes et corps	🧍🏼	person standing: medium-light skin tone
Personnes et corps	🧍🏽	person standing: medium skin tone
Personnes et corps	🧍🏾	person standing: medium-dark skin tone
Personnes et corps	🧍🏿	person standing: dark skin tone
Personnes et corps	🧍‍♂️	man standing
Personnes et corps	🧍🏻‍♂️	man standing: light skin tone
Personnes et corps	🧍🏼‍♂️	man standing: medium-light skin tone
Personnes et corps	🧍🏽‍♂️	man standing: medium skin tone
Personnes et corps	🧍🏾‍♂️	man standing: medium-dark skin tone
Personnes et corps	🧍🏿‍♂️	man standing: dark skin tone
Personnes et corps	🧍‍♀️	woman standing
Personnes et corps	🧍🏻‍♀️	woman standing: light skin tone
Personnes et corps	🧍🏼‍♀️	woman standing: medium-light skin tone
Personnes et corps	🧍🏽‍♀️	woman standing: medium skin tone
Personnes et corps	🧍🏾‍♀️	woman standing: medium-dark skin tone
Personnes et corps	🧍🏿‍♀️	woman standing: dark skin tone
Personnes et corps	🧎	person kneeling
Personnes et corps	🧎🏻	person kneeling: light skin tone
Personnes et corps	🧎🏼	person kneeling: medium-light skin tone
Personnes et corps	🧎🏽	person kneeling: medium skin tone
Personnes et corps	🧎🏾	person kneeling: medium-dark skin tone
Personnes et corps	🧎🏿	person kneeling: dark skin tone
Personnes et corps	🧎‍♂️	man kneeling
Personnes et corps	🧎🏻‍♂️	man kneeling: light skin tone
Personnes et corps	🧎🏼‍♂️	man kneeling: medium-light skin tone
Personnes et corps	🧎🏽‍♂️	man kneeling: medium skin tone
Personnes et corps	🧎🏾‍♂️	man kneeling: medium-dark skin tone
Personnes et corps	🧎🏿‍♂️	man kneeling: dark skin tone
Personnes et corps	🧎‍♀️	woman kneeling
Personnes et corps	🧎🏻‍♀️	woman kneeling: light skin tone
Personnes et corps	🧎🏼‍♀️	woman kneeling: medium-light skin tone
Personnes et corps	🧎🏽‍♀️	woman kneeling: medium skin tone
Personnes et corps	🧎🏾‍♀️	woman kneeling: medium-dark skin tone
Personnes et corps	🧎🏿‍♀️	woman kneeling: dark skin tone
Personnes et corps	🧎‍➡️	person kneeling facing right
Personnes et corps	🧎🏻‍➡️	person kneeling facing right: light skin tone
Personnes et corps	🧎🏼‍➡️	person kneeling facing right: medium-light skin tone
Personnes et corps	🧎🏽‍➡️	person kneeling facing right: medium skin tone
Personnes et corps	🧎🏾‍➡️	person kneeling facing right: medium-dark skin tone
Personnes et corps	🧎🏿‍➡️	person kneeling facing right: dark skin tone
Personnes et corps	🧎‍♀️‍➡️	woman kneeling facing right
Personnes et corps	🧎🏻‍♀️‍➡️	woman kneeling facing right: light skin tone
Personnes et corps	🧎🏼‍♀️‍➡️	woman kneeling facing right: medium-light skin tone
Personnes et corps	🧎🏽‍♀️‍➡️	woman kneeling facing right: medium skin tone
Personnes et corps	🧎🏾‍♀️‍➡️	woman kneeling facing right: medium-dark skin tone
Personnes et corps	🧎🏿‍♀️‍➡️	woman kneeling facing right: dark skin tone
Personnes et corps	🧎‍♂️‍➡️	man kneeling facing right
Personnes et corps	🧎🏻‍♂️‍➡️	man kneeling facing right: light skin tone
Personnes et corps	🧎🏼‍♂️‍➡️	man kneeling facing right: medium-light skin tone
Personnes et corps	🧎🏽‍♂️‍➡️	man kneeling facing right: medium skin tone
Personnes et corps	🧎🏾‍♂️‍➡️	man kneeling facing right: medium-dark skin tone
Personnes et corps	🧎🏿‍♂️‍➡️	man kneeling facing right: dark skin tone
Personnes et corps	🧑‍🦯	person with white cane
Personnes et corps	🧑🏻‍🦯	person with white cane: light skin tone
Personnes et corps	🧑🏼‍🦯	person with white cane: medium-light skin tone
Personnes et corps	🧑🏽‍🦯	person with white cane: medium skin tone
Personnes et corps	🧑🏾‍🦯	person with white cane: medium-dark skin tone
Personnes et corps	🧑🏿‍🦯	person with white cane: dark skin tone
Personnes et corps	🧑‍🦯‍➡️	person with white cane facing right
Personnes et corps	🧑🏻‍🦯‍➡️	person with white cane facing right: light skin tone
Personnes et corps	🧑🏼‍🦯‍➡️	person with white cane facing right: medium-light skin tone
Personnes et corps	🧑🏽‍🦯‍➡️	person with white cane facing right: medium skin tone
Personnes et corps	🧑🏾‍🦯‍➡️	person with white cane facing right: medium-dark skin tone
Personnes et corps	🧑🏿‍🦯‍➡️	person with white cane facing right: dark skin tone
Personnes et corps	👨‍🦯	man with white cane
Personnes et corps	👨🏻‍🦯	man with white cane: light skin tone
Personnes et corps	👨🏼‍🦯	man with white cane: medium-light skin tone
Personnes et corps	👨🏽‍🦯	man with white cane: medium skin tone
Personnes et corps	👨🏾‍🦯	man with white cane: medium-dark skin tone
Personnes et corps	👨🏿‍🦯	man with white cane: dark skin tone
Personnes et corps	👨‍🦯‍➡️	man with white cane facing right
Personnes et corps	👨🏻‍🦯‍➡️	man with white cane facing right: light skin tone
Personnes et corps	👨🏼‍🦯‍➡️	man with white cane facing right: medium-light skin tone
Personnes et corps	👨🏽‍🦯‍➡️	man with white cane facing right: medium skin tone
Personnes et corps	👨🏾‍🦯‍➡️	man with white cane facing right: medium-dark skin tone
Personnes et corps	👨🏿‍🦯‍➡️	man with white cane facing right: dark skin tone
Personnes et corps	👩‍🦯	woman with white cane
Personnes et corps	👩🏻‍🦯	woman with white cane: light skin tone
Personnes et corps	👩🏼‍🦯	woman with white cane: medium-light skin tone
Personnes et corps	👩🏽‍🦯	woman with white cane: medium skin tone
Personnes et corps	👩🏾‍🦯	woman with white cane: medium-dark skin tone
Personnes et corps	👩🏿‍🦯	woman with white cane: dark skin tone
Personnes et corps	👩‍🦯‍➡️	woman with white cane facing right
Personnes et corps	👩🏻‍🦯‍➡️	woman with white cane facing right: light skin tone
Personnes et corps	👩🏼‍🦯‍➡️	woman with white cane facing right: medium-light skin tone
Personnes et corps	👩🏽‍🦯‍➡️	woman with white cane facing right: medium skin tone
Personnes et corps	👩🏾‍🦯‍➡️	woman with white cane facing right: medium-dark skin tone
Personnes et corps	👩🏿‍🦯‍➡️	woman with white cane facing right: dark skin tone
Personnes et corps	🧑‍🦼	person in motorized wheelchair
Personnes et corps	🧑🏻‍🦼	person in motorized wheelchair: light skin tone
Personnes et corps	🧑🏼‍🦼	person in motorized wheelchair: medium-light skin tone
Personnes et corps	🧑🏽‍🦼	person in motorized wheelchair: medium skin tone
Personnes et corps	🧑🏾‍🦼	person in motorized wheelchair: medium-dark skin tone
Personnes et corps	🧑🏿‍🦼	person in motorized wheelchair: dark skin tone
Personnes et corps	🧑‍🦼‍➡️	person in motorized wheelchair facing right
Personnes et corps	🧑🏻‍🦼‍➡️	person in motorized wheelchair facing right: light skin tone
Personnes et corps	🧑🏼‍🦼‍➡️	person in motorized wheelchair facing right: medium-light skin tone
Personnes et corps	🧑🏽‍🦼‍➡️	person in motorized wheelchair facing right: medium skin tone
Personnes et corps	🧑🏾‍🦼‍➡️	person in motorized wheelchair facing right: medium-dark skin tone
Personnes et corps	🧑🏿‍🦼‍➡️	person in motorized wheelchair facing right: dark skin tone
Personnes et corps	👨‍🦼	man in motorized wheelchair
Personnes et corps	👨🏻‍🦼	man in motorized wheelchair: light skin tone
Personnes et corps	👨🏼‍🦼	man in motorized wheelchair: medium-light skin tone
Personnes et corps	👨🏽‍🦼	man in motorized wheelchair: medium skin tone
Personnes et corps	👨🏾‍🦼	man in motorized wheelchair: medium-dark skin tone
Personnes et corps	👨🏿‍🦼	man in motorized wheelchair: dark skin tone
Personnes et corps	👨‍🦼‍➡️	man in motorized wheelchair facing right
Personnes et corps	👨🏻‍🦼‍➡️	man in motorized wheelchair facing right: light skin tone
Personnes et corps	👨🏼‍🦼‍➡️	man in motorized wheelchair facing right: medium-light skin tone
Personnes et corps	👨🏽‍🦼‍➡️	man in motorized wheelchair facing right: medium skin tone
Personnes et corps	👨🏾‍🦼‍➡️	man in motorized wheelchair facing right: medium-dark skin tone
Personnes et corps	👨🏿‍🦼‍➡️	man in motorized wheelchair facing right: dark skin tone
Personnes et corps	👩‍🦼	woman in motorized wheelchair
Personnes et corps	👩🏻‍🦼	woman in motorized wheelchair: light skin tone
Personnes et corps	👩🏼‍🦼	woman in motorized wheelchair: medium-light skin tone
Personnes et corps	👩🏽‍🦼	woman in motorized wheelchair: medium skin tone
Personnes et corps	👩🏾‍🦼	woman in motorized wheelchair: medium-dark skin tone
Personnes et corps	👩🏿‍🦼	woman in motorized wheelchair: dark skin tone
Personnes et corps	👩‍🦼‍➡️	woman in motorized wheelchair facing right
Personnes et corps	👩🏻‍🦼‍➡️	woman in motorized wheelchair facing right: light skin tone
Personnes et corps	👩🏼‍🦼‍➡️	woman in motorized wheelchair facing right: medium-light skin tone
Personnes et corps	👩🏽‍🦼‍➡️	woman in motorized wheelchair facing right: medium skin tone
Personnes et corps	👩🏾‍🦼‍➡️	woman in motorized wheelchair facing right: medium-dark skin tone
Personnes et corps	👩🏿‍🦼‍➡️	woman in motorized wheelchair facing right: dark skin tone
Personnes et corps	🧑‍🦽	person in manual wheelchair
Personnes et corps	🧑🏻‍🦽	person in manual wheelchair: light skin tone
Personnes et corps	🧑🏼‍🦽	person in manual wheelchair: medium-light skin tone
Personnes et corps	🧑🏽‍🦽	person in manual wheelchair: medium skin tone
Personnes et corps	🧑🏾‍🦽	person in manual wheelchair: medium-dark skin tone
Personnes et corps	🧑🏿‍🦽	person in manual wheelchair: dark skin tone
Personnes et corps	🧑‍🦽‍➡️	person in manual wheelchair facing right
Personnes et corps	🧑🏻‍🦽‍➡️	person in manual wheelchair facing right: light skin tone
Personnes et corps	🧑🏼‍🦽‍➡️	person in manual wheelchair facing right: medium-light skin tone
Personnes et corps	🧑🏽‍🦽‍➡️	person in manual wheelchair facing right: medium skin tone
Personnes et corps	🧑🏾‍🦽‍➡️	person in manual wheelchair facing right: medium-dark skin tone
Personnes et corps	🧑🏿‍🦽‍➡️	person in manual wheelchair facing right: dark skin tone
Personnes et corps	👨‍🦽	man in manual wheelchair
Personnes et corps	👨🏻‍🦽	man in manual wheelchair: light skin tone
Personnes et corps	👨🏼‍🦽	man in manual wheelchair: medium-light skin tone
Personnes et corps	👨🏽‍🦽	man in manual wheelchair: medium skin tone
Personnes et corps	👨🏾‍🦽	man in manual wheelchair: medium-dark skin tone
Personnes et corps	👨🏿‍🦽	man in manual wheelchair: dark skin tone
Personnes et corps	👨‍🦽‍➡️	man in manual wheelchair facing right
Personnes et corps	👨🏻‍🦽‍➡️	man in manual wheelchair facing right: light skin tone
Personnes et corps	👨🏼‍🦽‍➡️	man in manual wheelchair facing right: medium-light skin tone
Personnes et corps	👨🏽‍🦽‍➡️	man in manual wheelchair facing right: medium skin tone
Personnes et corps	👨🏾‍🦽‍➡️	man in manual wheelchair facing right: medium-dark skin tone
Personnes et corps	👨🏿‍🦽‍➡️	man in manual wheelchair facing right: dark skin tone
Personnes et corps	👩‍🦽	woman in manual wheelchair
Personnes et corps	👩🏻‍🦽	woman in manual wheelchair: light skin tone
Personnes et corps	👩🏼‍🦽	woman in manual wheelchair: medium-light skin tone
Personnes et corps	👩🏽‍🦽	woman in manual wheelchair: medium skin tone
Personnes et corps	👩🏾‍🦽	woman in manual wheelchair: medium-dark skin tone
Personnes et corps	👩🏿‍🦽	woman in manual wheelchair: dark skin tone
Personnes et corps	👩‍🦽‍➡️	woman in manual wheelchair facing right
Personnes et corps	👩🏻‍🦽‍➡️	woman in manual wheelchair facing right: light skin tone
Personnes et corps	👩🏼‍🦽‍➡️	woman in manual wheelchair facing right: medium-light skin tone
Personnes et corps	👩🏽‍🦽‍➡️	woman in manual wheelchair facing right: medium skin tone
Personnes et corps	👩🏾‍🦽‍➡️	woman in manual wheelchair facing right: medium-dark skin tone
Personnes et corps	👩🏿‍🦽‍➡️	woman in manual wheelchair facing right: dark skin tone
Personnes et corps	🏃	person running
Personnes et corps	🏃🏻	person running: light skin tone
Personnes et corps	🏃🏼	person running: medium-light skin tone
Personnes et corps	🏃🏽	person running: medium skin tone
Personnes et corps	🏃🏾	person running: medium-dark skin tone
Personnes et corps	🏃🏿	person running: dark skin tone
Personnes et corps	🏃‍♂️	man running
Personnes et corps	🏃🏻‍♂️	man running: light skin tone
Personnes et corps	🏃🏼‍♂️	man running: medium-light skin tone
Personnes et corps	🏃🏽‍♂️	man running: medium skin tone
Personnes et corps	🏃🏾‍♂️	man running: medium-dark skin tone
Personnes et corps	🏃🏿‍♂️	man running: dark skin tone
Personnes et corps	🏃‍♀️	woman running
Personnes et corps	🏃🏻‍♀️	woman running: light skin tone
Personnes et corps	🏃🏼‍♀️	woman running: medium-light skin tone
Personnes et corps	🏃🏽‍♀️	woman running: medium skin tone
Personnes et corps	🏃🏾‍♀️	woman running: medium-dark skin tone
Personnes et corps	🏃🏿‍♀️	woman running: dark skin tone
Personnes et corps	🏃‍➡️	person running facing right
Personnes et corps	🏃🏻‍➡️	person running facing right: light skin tone
Personnes et corps	🏃🏼‍➡️	person running facing right: medium-light skin tone
Personnes et corps	🏃🏽‍➡️	person running facing right: medium skin tone
Personnes et corps	🏃🏾‍➡️	person running facing right: medium-dark skin tone
Personnes et corps	🏃🏿‍➡️	person running facing right: dark skin tone
Personnes et corps	🏃‍♀️‍➡️	woman running facing right
Personnes et corps	🏃🏻‍♀️‍➡️	woman running facing right: light skin tone
Personnes et corps	🏃🏼‍♀️‍➡️	woman running facing right: medium-light skin tone
Personnes et corps	🏃🏽‍♀️‍➡️	woman running facing right: medium skin tone
Personnes et corps	🏃🏾‍♀️‍➡️	woman running facing right: medium-dark skin tone
Personnes et corps	🏃🏿‍♀️‍➡️	woman running facing right: dark skin tone
Personnes et corps	🏃‍♂️‍➡️	man running facing right
Personnes et corps	🏃🏻‍♂️‍➡️	man running facing right: light skin tone
Personnes et corps	🏃🏼‍♂️‍➡️	man running facing right: medium-light skin tone
Personnes et corps	🏃🏽‍♂️‍➡️	man running facing right: medium skin tone
Personnes et corps	🏃🏾‍♂️‍➡️	man running facing right: medium-dark skin tone
Personnes et corps	🏃🏿‍♂️‍➡️	man running facing right: dark skin tone
Personnes et corps	🧑‍🩰	ballet dancer
Personnes et corps	🧑🏻‍🩰	ballet dancer: light skin tone
Personnes et corps	🧑🏼‍🩰	ballet dancer: medium-light skin tone
Personnes et corps	🧑🏽‍🩰	ballet dancer: medium skin tone
Personnes et corps	🧑🏾‍🩰	ballet dancer: medium-dark skin tone
Personnes et corps	🧑🏿‍🩰	ballet dancer: dark skin tone
Personnes et corps	💃	woman dancing
Personnes et corps	💃🏻	woman dancing: light skin tone
Personnes et corps	💃🏼	woman dancing: medium-light skin tone
Personnes et corps	💃🏽	woman dancing: medium skin tone
Personnes et corps	💃🏾	woman dancing: medium-dark skin tone
Personnes et corps	💃🏿	woman dancing: dark skin tone
Personnes et corps	🕺	man dancing
Personnes et corps	🕺🏻	man dancing: light skin tone
Personnes et corps	🕺🏼	man dancing: medium-light skin tone
Personnes et corps	🕺🏽	man dancing: medium skin tone
Personnes et corps	🕺🏾	man dancing: medium-dark skin tone
Personnes et corps	🕺🏿	man dancing: dark skin tone
Personnes et corps	🕴️	person in suit levitating
Personnes et corps	🕴🏻	person in suit levitating: light skin tone
Personnes et corps	🕴🏼	person in suit levitating: medium-light skin tone
Personnes et corps	🕴🏽	person in suit levitating: medium skin tone
Personnes et corps	🕴🏾	person in suit levitating: medium-dark skin tone
Personnes et corps	🕴🏿	person in suit levitating: dark skin tone
Personnes et corps	👯	people with bunny ears
Personnes et corps	👯🏻	people with bunny ears: light skin tone
Personnes et corps	👯🏼	people with bunny ears: medium-light skin tone
Personnes et corps	👯🏽	people with bunny ears: medium skin tone
Personnes et corps	👯🏾	people with bunny ears: medium-dark skin tone
Personnes et corps	👯🏿	people with bunny ears: dark skin tone
Personnes et corps	👯‍♂️	men with bunny ears
Personnes et corps	👯🏻‍♂️	men with bunny ears: light skin tone
Personnes et corps	👯🏼‍♂️	men with bunny ears: medium-light skin tone
Personnes et corps	👯🏽‍♂️	men with bunny ears: medium skin tone
Personnes et corps	👯🏾‍♂️	men with bunny ears: medium-dark skin tone
Personnes et corps	👯🏿‍♂️	men with bunny ears: dark skin tone
Personnes et corps	👯‍♀️	women with bunny ears
Personnes et corps	👯🏻‍♀️	women with bunny ears: light skin tone
Personnes et corps	👯🏼‍♀️	women with bunny ears: medium-light skin tone
Personnes et corps	👯🏽‍♀️	women with bunny ears: medium skin tone
Personnes et corps	👯🏾‍♀️	women with bunny ears: medium-dark skin tone
Personnes et corps	👯🏿‍♀️	women with bunny ears: dark skin tone
Personnes et corps	🧑🏻‍🐰‍🧑🏼	people with bunny ears: light skin tone, medium-light skin tone
Personnes et corps	🧑🏻‍🐰‍🧑🏽	people with bunny ears: light skin tone, medium skin tone
Personnes et corps	🧑🏻‍🐰‍🧑🏾	people with bunny ears: light skin tone, medium-dark skin tone
Personnes et corps	🧑🏻‍🐰‍🧑🏿	people with bunny ears: light skin tone, dark skin tone
Personnes et corps	🧑🏼‍🐰‍🧑🏻	people with bunny ears: medium-light skin tone, light skin tone
Personnes et corps	🧑🏼‍🐰‍🧑🏽	people with bunny ears: medium-light skin tone, medium skin tone
Personnes et corps	🧑🏼‍🐰‍🧑🏾	people with bunny ears: medium-light skin tone, medium-dark skin tone
Personnes et corps	🧑🏼‍🐰‍🧑🏿	people with bunny ears: medium-light skin tone, dark skin tone
Personnes et corps	🧑🏽‍🐰‍🧑🏻	people with bunny ears: medium skin tone, light skin tone
Personnes et corps	🧑🏽‍🐰‍🧑🏼	people with bunny ears: medium skin tone, medium-light skin tone
Personnes et corps	🧑🏽‍🐰‍🧑🏾	people with bunny ears: medium skin tone, medium-dark skin tone
Personnes et corps	🧑🏽‍🐰‍🧑🏿	people with bunny ears: medium skin tone, dark skin tone
Personnes et corps	🧑🏾‍🐰‍🧑🏻	people with bunny ears: medium-dark skin tone, light skin tone
Personnes et corps	🧑🏾‍🐰‍🧑🏼	people with bunny ears: medium-dark skin tone, medium-light skin tone
Personnes et corps	🧑🏾‍🐰‍🧑🏽	people with bunny ears: medium-dark skin tone, medium skin tone
Personnes et corps	🧑🏾‍🐰‍🧑🏿	people with bunny ears: medium-dark skin tone, dark skin tone
Personnes et corps	🧑🏿‍🐰‍🧑🏻	people with bunny ears: dark skin tone, light skin tone
Personnes et corps	🧑🏿‍🐰‍🧑🏼	people with bunny ears: dark skin tone, medium-light skin tone
Personnes et corps	🧑🏿‍🐰‍🧑🏽	people with bunny ears: dark skin tone, medium skin tone
Personnes et corps	🧑🏿‍🐰‍🧑🏾	people with bunny ears: dark skin tone, medium-dark skin tone
Personnes et corps	👨🏻‍🐰‍👨🏼	men with bunny ears: light skin tone, medium-light skin tone
Personnes et corps	👨🏻‍🐰‍👨🏽	men with bunny ears: light skin tone, medium skin tone
Personnes et corps	👨🏻‍🐰‍👨🏾	men with bunny ears: light skin tone, medium-dark skin tone
Personnes et corps	👨🏻‍🐰‍👨🏿	men with bunny ears: light skin tone, dark skin tone
Personnes et corps	👨🏼‍🐰‍👨🏻	men with bunny ears: medium-light skin tone, light skin tone
Personnes et corps	👨🏼‍🐰‍👨🏽	men with bunny ears: medium-light skin tone, medium skin tone
Personnes et corps	👨🏼‍🐰‍👨🏾	men with bunny ears: medium-light skin tone, medium-dark skin tone
Personnes et corps	👨🏼‍🐰‍👨🏿	men with bunny ears: medium-light skin tone, dark skin tone
Personnes et corps	👨🏽‍🐰‍👨🏻	men with bunny ears: medium skin tone, light skin tone
Personnes et corps	👨🏽‍🐰‍👨🏼	men with bunny ears: medium skin tone, medium-light skin tone
Personnes et corps	👨🏽‍🐰‍👨🏾	men with bunny ears: medium skin tone, medium-dark skin tone
Personnes et corps	👨🏽‍🐰‍👨🏿	men with bunny ears: medium skin tone, dark skin tone
Personnes et corps	👨🏾‍🐰‍👨🏻	men with bunny ears: medium-dark skin tone, light skin tone
Personnes et corps	👨🏾‍🐰‍👨🏼	men with bunny ears: medium-dark skin tone, medium-light skin tone
Personnes et corps	👨🏾‍🐰‍👨🏽	men with bunny ears: medium-dark skin tone, medium skin tone
Personnes et corps	👨🏾‍🐰‍👨🏿	men with bunny ears: medium-dark skin tone, dark skin tone
Personnes et corps	👨🏿‍🐰‍👨🏻	men with bunny ears: dark skin tone, light skin tone
Personnes et corps	👨🏿‍🐰‍👨🏼	men with bunny ears: dark skin tone, medium-light skin tone
Personnes et corps	👨🏿‍🐰‍👨🏽	men with bunny ears: dark skin tone, medium skin tone
Personnes et corps	👨🏿‍🐰‍👨🏾	men with bunny ears: dark skin tone, medium-dark skin tone
Personnes et corps	👩🏻‍🐰‍👩🏼	women with bunny ears: light skin tone, medium-light skin tone
Personnes et corps	👩🏻‍🐰‍👩🏽	women with bunny ears: light skin tone, medium skin tone
Personnes et corps	👩🏻‍🐰‍👩🏾	women with bunny ears: light skin tone, medium-dark skin tone
Personnes et corps	👩🏻‍🐰‍👩🏿	women with bunny ears: light skin tone, dark skin tone
Personnes et corps	👩🏼‍🐰‍👩🏻	women with bunny ears: medium-light skin tone, light skin tone
Personnes et corps	👩🏼‍🐰‍👩🏽	women with bunny ears: medium-light skin tone, medium skin tone
Personnes et corps	👩🏼‍🐰‍👩🏾	women with bunny ears: medium-light skin tone, medium-dark skin tone
Personnes et corps	👩🏼‍🐰‍👩🏿	women with bunny ears: medium-light skin tone, dark skin tone
Personnes et corps	👩🏽‍🐰‍👩🏻	women with bunny ears: medium skin tone, light skin tone
Personnes et corps	👩🏽‍🐰‍👩🏼	women with bunny ears: medium skin tone, medium-light skin tone
Personnes et corps	👩🏽‍🐰‍👩🏾	women with bunny ears: medium skin tone, medium-dark skin tone
Personnes et corps	👩🏽‍🐰‍👩🏿	women with bunny ears: medium skin tone, dark skin tone
Personnes et corps	👩🏾‍🐰‍👩🏻	women with bunny ears: medium-dark skin tone, light skin tone
Personnes et corps	👩🏾‍🐰‍👩🏼	women with bunny ears: medium-dark skin tone, medium-light skin tone
Personnes et corps	👩🏾‍🐰‍👩🏽	women with bunny ears: medium-dark skin tone, medium skin tone
Personnes et corps	👩🏾‍🐰‍👩🏿	women with bunny ears: medium-dark skin tone, dark skin tone
Personnes et corps	👩🏿‍🐰‍👩🏻	women with bunny ears: dark skin tone, light skin tone
Personnes et corps	👩🏿‍🐰‍👩🏼	women with bunny ears: dark skin tone, medium-light skin tone
Personnes et corps	👩🏿‍🐰‍👩🏽	women with bunny ears: dark skin tone, medium skin tone
Personnes et corps	👩🏿‍🐰‍👩🏾	women with bunny ears: dark skin tone, medium-dark skin tone
Personnes et corps	🧖	person in steamy room
Personnes et corps	🧖🏻	person in steamy room: light skin tone
Personnes et corps	🧖🏼	person in steamy room: medium-light skin tone
Personnes et corps	🧖🏽	person in steamy room: medium skin tone
Personnes et corps	🧖🏾	person in steamy room: medium-dark skin tone
Personnes et corps	🧖🏿	person in steamy room: dark skin tone
Personnes et corps	🧖‍♂️	man in steamy room
Personnes et corps	🧖🏻‍♂️	man in steamy room: light skin tone
Personnes et corps	🧖🏼‍♂️	man in steamy room: medium-light skin tone
Personnes et corps	🧖🏽‍♂️	man in steamy room: medium skin tone
Personnes et corps	🧖🏾‍♂️	man in steamy room: medium-dark skin tone
Personnes et corps	🧖🏿‍♂️	man in steamy room: dark skin tone
Personnes et corps	🧖‍♀️	woman in steamy room
Personnes et corps	🧖🏻‍♀️	woman in steamy room: light skin tone
Personnes et corps	🧖🏼‍♀️	woman in steamy room: medium-light skin tone
Personnes et corps	🧖🏽‍♀️	woman in steamy room: medium skin tone
Personnes et corps	🧖🏾‍♀️	woman in steamy room: medium-dark skin tone
Personnes et corps	🧖🏿‍♀️	woman in steamy room: dark skin tone
Personnes et corps	🧗	person climbing
Personnes et corps	🧗🏻	person climbing: light skin tone
Personnes et corps	🧗🏼	person climbing: medium-light skin tone
Personnes et corps	🧗🏽	person climbing: medium skin tone
Personnes et corps	🧗🏾	person climbing: medium-dark skin tone
Personnes et corps	🧗🏿	person climbing: dark skin tone
Personnes et corps	🧗‍♂️	man climbing
Personnes et corps	🧗🏻‍♂️	man climbing: light skin tone
Personnes et corps	🧗🏼‍♂️	man climbing: medium-light skin tone
Personnes et corps	🧗🏽‍♂️	man climbing: medium skin tone
Personnes et corps	🧗🏾‍♂️	man climbing: medium-dark skin tone
Personnes et corps	🧗🏿‍♂️	man climbing: dark skin tone
Personnes et corps	🧗‍♀️	woman climbing
Personnes et corps	🧗🏻‍♀️	woman climbing: light skin tone
Personnes et corps	🧗🏼‍♀️	woman climbing: medium-light skin tone
Personnes et corps	🧗🏽‍♀️	woman climbing: medium skin tone
Personnes et corps	🧗🏾‍♀️	woman climbing: medium-dark skin tone
Personnes et corps	🧗🏿‍♀️	woman climbing: dark skin tone
Personnes et corps	🤺	person fencing
Personnes et corps	🏇	horse racing
Personnes et corps	🏇🏻	horse racing: light skin tone
Personnes et corps	🏇🏼	horse racing: medium-light skin tone
Personnes et corps	🏇🏽	horse racing: medium skin tone
Personnes et corps	🏇🏾	horse racing: medium-dark skin tone
Personnes et corps	🏇🏿	horse racing: dark skin tone
Personnes et corps	⛷️	skier
Personnes et corps	🏂	snowboarder
Personnes et corps	🏂🏻	snowboarder: light skin tone
Personnes et corps	🏂🏼	snowboarder: medium-light skin tone
Personnes et corps	🏂🏽	snowboarder: medium skin tone
Personnes et corps	🏂🏾	snowboarder: medium-dark skin tone
Personnes et corps	🏂🏿	snowboarder: dark skin tone
Personnes et corps	🏌️	person golfing
Personnes et corps	🏌🏻	person golfing: light skin tone
Personnes et corps	🏌🏼	person golfing: medium-light skin tone
Personnes et corps	🏌🏽	person golfing: medium skin tone
Personnes et corps	🏌🏾	person golfing: medium-dark skin tone
Personnes et corps	🏌🏿	person golfing: dark skin tone
Personnes et corps	🏌️‍♂️	man golfing
Personnes et corps	🏌🏻‍♂️	man golfing: light skin tone
Personnes et corps	🏌🏼‍♂️	man golfing: medium-light skin tone
Personnes et corps	🏌🏽‍♂️	man golfing: medium skin tone
Personnes et corps	🏌🏾‍♂️	man golfing: medium-dark skin tone
Personnes et corps	🏌🏿‍♂️	man golfing: dark skin tone
Personnes et corps	🏌️‍♀️	woman golfing
Personnes et corps	🏌🏻‍♀️	woman golfing: light skin tone
Personnes et corps	🏌🏼‍♀️	woman golfing: medium-light skin tone
Personnes et corps	🏌🏽‍♀️	woman golfing: medium skin tone
Personnes et corps	🏌🏾‍♀️	woman golfing: medium-dark skin tone
Personnes et corps	🏌🏿‍♀️	woman golfing: dark skin tone
Personnes et corps	🏄	person surfing
Personnes et corps	🏄🏻	person surfing: light skin tone
Personnes et corps	🏄🏼	person surfing: medium-light skin tone
Personnes et corps	🏄🏽	person surfing: medium skin tone
Personnes et corps	🏄🏾	person surfing: medium-dark skin tone
Personnes et corps	🏄🏿	person surfing: dark skin tone
Personnes et corps	🏄‍♂️	man surfing
Personnes et corps	🏄🏻‍♂️	man surfing: light skin tone
Personnes et corps	🏄🏼‍♂️	man surfing: medium-light skin tone
Personnes et corps	🏄🏽‍♂️	man surfing: medium skin tone
Personnes et corps	🏄🏾‍♂️	man surfing: medium-dark skin tone
Personnes et corps	🏄🏿‍♂️	man surfing: dark skin tone
Personnes et corps	🏄‍♀️	woman surfing
Personnes et corps	🏄🏻‍♀️	woman surfing: light skin tone
Personnes et corps	🏄🏼‍♀️	woman surfing: medium-light skin tone
Personnes et corps	🏄🏽‍♀️	woman surfing: medium skin tone
Personnes et corps	🏄🏾‍♀️	woman surfing: medium-dark skin tone
Personnes et corps	🏄🏿‍♀️	woman surfing: dark skin tone
Personnes et corps	🚣	person rowing boat
Personnes et corps	🚣🏻	person rowing boat: light skin tone
Personnes et corps	🚣🏼	person rowing boat: medium-light skin tone
Personnes et corps	🚣🏽	person rowing boat: medium skin tone
Personnes et corps	🚣🏾	person rowing boat: medium-dark skin tone
Personnes et corps	🚣🏿	person rowing boat: dark skin tone
Personnes et corps	🚣‍♂️	man rowing boat
Personnes et corps	🚣🏻‍♂️	man rowing boat: light skin tone
Personnes et corps	🚣🏼‍♂️	man rowing boat: medium-light skin tone
Personnes et corps	🚣🏽‍♂️	man rowing boat: medium skin tone
Personnes et corps	🚣🏾‍♂️	man rowing boat: medium-dark skin tone
Personnes et corps	🚣🏿‍♂️	man rowing boat: dark skin tone
Personnes et corps	🚣‍♀️	woman rowing boat
Personnes et corps	🚣🏻‍♀️	woman rowing boat: light skin tone
Personnes et corps	🚣🏼‍♀️	woman rowing boat: medium-light skin tone
Personnes et corps	🚣🏽‍♀️	woman rowing boat: medium skin tone
Personnes et corps	🚣🏾‍♀️	woman rowing boat: medium-dark skin tone
Personnes et corps	🚣🏿‍♀️	woman rowing boat: dark skin tone
Personnes et corps	🏊	person swimming
Personnes et corps	🏊🏻	person swimming: light skin tone
Personnes et corps	🏊🏼	person swimming: medium-light skin tone
Personnes et corps	🏊🏽	person swimming: medium skin tone
Personnes et corps	🏊🏾	person swimming: medium-dark skin tone
Personnes et corps	🏊🏿	person swimming: dark skin tone
Personnes et corps	🏊‍♂️	man swimming
Personnes et corps	🏊🏻‍♂️	man swimming: light skin tone
Personnes et corps	🏊🏼‍♂️	man swimming: medium-light skin tone
Personnes et corps	🏊🏽‍♂️	man swimming: medium skin tone
Personnes et corps	🏊🏾‍♂️	man swimming: medium-dark skin tone
Personnes et corps	🏊🏿‍♂️	man swimming: dark skin tone
Personnes et corps	🏊‍♀️	woman swimming
Personnes et corps	🏊🏻‍♀️	woman swimming: light skin tone
Personnes et corps	🏊🏼‍♀️	woman swimming: medium-light skin tone
Personnes et corps	🏊🏽‍♀️	woman swimming: medium skin tone
Personnes et corps	🏊🏾‍♀️	woman swimming: medium-dark skin tone
Personnes et corps	🏊🏿‍♀️	woman swimming: dark skin tone
Personnes et corps	⛹️	person bouncing ball
Personnes et corps	⛹🏻	person bouncing ball: light skin tone
Personnes et corps	⛹🏼	person bouncing ball: medium-light skin tone
Personnes et corps	⛹🏽	person bouncing ball: medium skin tone
Personnes et corps	⛹🏾	person bouncing ball: medium-dark skin tone
Personnes et corps	⛹🏿	person bouncing ball: dark skin tone
Personnes et corps	⛹️‍♂️	man bouncing ball
Personnes et corps	⛹🏻‍♂️	man bouncing ball: light skin tone
Personnes et corps	⛹🏼‍♂️	man bouncing ball: medium-light skin tone
Personnes et corps	⛹🏽‍♂️	man bouncing ball: medium skin tone
Personnes et corps	⛹🏾‍♂️	man bouncing ball: medium-dark skin tone
Personnes et corps	⛹🏿‍♂️	man bouncing ball: dark skin tone
Personnes et corps	⛹️‍♀️	woman bouncing ball
Personnes et corps	⛹🏻‍♀️	woman bouncing ball: light skin tone
Personnes et corps	⛹🏼‍♀️	woman bouncing ball: medium-light skin tone
Personnes et corps	⛹🏽‍♀️	woman bouncing ball: medium skin tone
Personnes et corps	⛹🏾‍♀️	woman bouncing ball: medium-dark skin tone
Personnes et corps	⛹🏿‍♀️	woman bouncing ball: dark skin tone
Personnes et corps	🏋️	person lifting weights
Personnes et corps	🏋🏻	person lifting weights: light skin tone
Personnes et corps	🏋🏼	person lifting weights: medium-light skin tone
Personnes et corps	🏋🏽	person lifting weights: medium skin tone
Personnes et corps	🏋🏾	person lifting weights: medium-dark skin tone
Personnes et corps	🏋🏿	person lifting weights: dark skin tone
Personnes et corps	🏋️‍♂️	man lifting weights
Personnes et corps	🏋🏻‍♂️	man lifting weights: light skin tone
Personnes et corps	🏋🏼‍♂️	man lifting weights: medium-light skin tone
Personnes et corps	🏋🏽‍♂️	man lifting weights: medium skin tone
Personnes et corps	🏋🏾‍♂️	man lifting weights: medium-dark skin tone
Personnes et corps	🏋🏿‍♂️	man lifting weights: dark skin tone
Personnes et corps	🏋️‍♀️	woman lifting weights
Personnes et corps	🏋🏻‍♀️	woman lifting weights: light skin tone
Personnes et corps	🏋🏼‍♀️	woman lifting weights: medium-light skin tone
Personnes et corps	🏋🏽‍♀️	woman lifting weights: medium skin tone
Personnes et corps	🏋🏾‍♀️	woman lifting weights: medium-dark skin tone
Personnes et corps	🏋🏿‍♀️	woman lifting weights: dark skin tone
Personnes et corps	🚴	person biking
Personnes et corps	🚴🏻	person biking: light skin tone
Personnes et corps	🚴🏼	person biking: medium-light skin tone
Personnes et corps	🚴🏽	person biking: medium skin tone
Personnes et corps	🚴🏾	person biking: medium-dark skin tone
Personnes et corps	🚴🏿	person biking: dark skin tone
Personnes et corps	🚴‍♂️	man biking
Personnes et corps	🚴🏻‍♂️	man biking: light skin tone
Personnes et corps	🚴🏼‍♂️	man biking: medium-light skin tone
Personnes et corps	🚴🏽‍♂️	man biking: medium skin tone
Personnes et corps	🚴🏾‍♂️	man biking: medium-dark skin tone
Personnes et corps	🚴🏿‍♂️	man biking: dark skin tone
Personnes et corps	🚴‍♀️	woman biking
Personnes et corps	🚴🏻‍♀️	woman biking: light skin tone
Personnes et corps	🚴🏼‍♀️	woman biking: medium-light skin tone
Personnes et corps	🚴🏽‍♀️	woman biking: medium skin tone
Personnes et corps	🚴🏾‍♀️	woman biking: medium-dark skin tone
Personnes et corps	🚴🏿‍♀️	woman biking: dark skin tone
Personnes et corps	🚵	person mountain biking
Personnes et corps	🚵🏻	person mountain biking: light skin tone
Personnes et corps	🚵🏼	person mountain biking: medium-light skin tone
Personnes et corps	🚵🏽	person mountain biking: medium skin tone
Personnes et corps	🚵🏾	person mountain biking: medium-dark skin tone
Personnes et corps	🚵🏿	person mountain biking: dark skin tone
Personnes et corps	🚵‍♂️	man mountain biking
Personnes et corps	🚵🏻‍♂️	man mountain biking: light skin tone
Personnes et corps	🚵🏼‍♂️	man mountain biking: medium-light skin tone
Personnes et corps	🚵🏽‍♂️	man mountain biking: medium skin tone
Personnes et corps	🚵🏾‍♂️	man mountain biking: medium-dark skin tone
Personnes et corps	🚵🏿‍♂️	man mountain biking: dark skin tone
Personnes et corps	🚵‍♀️	woman mountain biking
Personnes et corps	🚵🏻‍♀️	woman mountain biking: light skin tone
Personnes et corps	🚵🏼‍♀️	woman mountain biking: medium-light skin tone
Personnes et corps	🚵🏽‍♀️	woman mountain biking: medium skin tone
Personnes et corps	🚵🏾‍♀️	woman mountain biking: medium-dark skin tone
Personnes et corps	🚵🏿‍♀️	woman mountain biking: dark skin tone
Personnes et corps	🤸	person cartwheeling
Personnes et corps	🤸🏻	person cartwheeling: light skin tone
Personnes et corps	🤸🏼	person cartwheeling: medium-light skin tone
Personnes et corps	🤸🏽	person cartwheeling: medium skin tone
Personnes et corps	🤸🏾	person cartwheeling: medium-dark skin tone
Personnes et corps	🤸🏿	person cartwheeling: dark skin tone
Personnes et corps	🤸‍♂️	man cartwheeling
Personnes et corps	🤸🏻‍♂️	man cartwheeling: light skin tone
Personnes et corps	🤸🏼‍♂️	man cartwheeling: medium-light skin tone
Personnes et corps	🤸🏽‍♂️	man cartwheeling: medium skin tone
Personnes et corps	🤸🏾‍♂️	man cartwheeling: medium-dark skin tone
Personnes et corps	🤸🏿‍♂️	man cartwheeling: dark skin tone
Personnes et corps	🤸‍♀️	woman cartwheeling
Personnes et corps	🤸🏻‍♀️	woman cartwheeling: light skin tone
Personnes et corps	🤸🏼‍♀️	woman cartwheeling: medium-light skin tone
Personnes et corps	🤸🏽‍♀️	woman cartwheeling: medium skin tone
Personnes et corps	🤸🏾‍♀️	woman cartwheeling: medium-dark skin tone
Personnes et corps	🤸🏿‍♀️	woman cartwheeling: dark skin tone
Personnes et corps	🤼	people wrestling
Personnes et corps	🤼🏻	people wrestling: light skin tone
Personnes et corps	🤼🏼	people wrestling: medium-light skin tone
Personnes et corps	🤼🏽	people wrestling: medium skin tone
Personnes et corps	🤼🏾	people wrestling: medium-dark skin tone
Personnes et corps	🤼🏿	people wrestling: dark skin tone
Personnes et corps	🤼‍♂️	men wrestling
Personnes et corps	🤼🏻‍♂️	men wrestling: light skin tone
Personnes et corps	🤼🏼‍♂️	men wrestling: medium-light skin tone
Personnes et corps	🤼🏽‍♂️	men wrestling: medium skin tone
Personnes et corps	🤼🏾‍♂️	men wrestling: medium-dark skin tone
Personnes et corps	🤼🏿‍♂️	men wrestling: dark skin tone
Personnes et corps	🤼‍♀️	women wrestling
Personnes et corps	🤼🏻‍♀️	women wrestling: light skin tone
Personnes et corps	🤼🏼‍♀️	women wrestling: medium-light skin tone
Personnes et corps	🤼🏽‍♀️	women wrestling: medium skin tone
Personnes et corps	🤼🏾‍♀️	women wrestling: medium-dark skin tone
Personnes et corps	🤼🏿‍♀️	women wrestling: dark skin tone
Personnes et corps	🧑🏻‍🫯‍🧑🏼	people wrestling: light skin tone, medium-light skin tone
Personnes et corps	🧑🏻‍🫯‍🧑🏽	people wrestling: light skin tone, medium skin tone
Personnes et corps	🧑🏻‍🫯‍🧑🏾	people wrestling: light skin tone, medium-dark skin tone
Personnes et corps	🧑🏻‍🫯‍🧑🏿	people wrestling: light skin tone, dark skin tone
Personnes et corps	🧑🏼‍🫯‍🧑🏻	people wrestling: medium-light skin tone, light skin tone
Personnes et corps	🧑🏼‍🫯‍🧑🏽	people wrestling: medium-light skin tone, medium skin tone
Personnes et corps	🧑🏼‍🫯‍🧑🏾	people wrestling: medium-light skin tone, medium-dark skin tone
Personnes et corps	🧑🏼‍🫯‍🧑🏿	people wrestling: medium-light skin tone, dark skin tone
Personnes et corps	🧑🏽‍🫯‍🧑🏻	people wrestling: medium skin tone, light skin tone
Personnes et corps	🧑🏽‍🫯‍🧑🏼	people wrestling: medium skin tone, medium-light skin tone
Personnes et corps	🧑🏽‍🫯‍🧑🏾	people wrestling: medium skin tone, medium-dark skin tone
Personnes et corps	🧑🏽‍🫯‍🧑🏿	people wrestling: medium skin tone, dark skin tone
Personnes et corps	🧑🏾‍🫯‍🧑🏻	people wrestling: medium-dark skin tone, light skin tone
Personnes et corps	🧑🏾‍🫯‍🧑🏼	people wrestling: medium-dark skin tone, medium-light skin tone
Personnes et corps	🧑🏾‍🫯‍🧑🏽	people wrestling: medium-dark skin tone, medium skin tone
Personnes et corps	🧑🏾‍🫯‍🧑🏿	people wrestling: medium-dark skin tone, dark skin tone
Personnes et corps	🧑🏿‍🫯‍🧑🏻	people wrestling: dark skin tone, light skin tone
Personnes et corps	🧑🏿‍🫯‍🧑🏼	people wrestling: dark skin tone, medium-light skin tone
Personnes et corps	🧑🏿‍🫯‍🧑🏽	people wrestling: dark skin tone, medium skin tone
Personnes et corps	🧑🏿‍🫯‍🧑🏾	people wrestling: dark skin tone, medium-dark skin tone
Personnes et corps	👨🏻‍🫯‍👨🏼	men wrestling: light skin tone, medium-light skin tone
Personnes et corps	👨🏻‍🫯‍👨🏽	men wrestling: light skin tone, medium skin tone
Personnes et corps	👨🏻‍🫯‍👨🏾	men wrestling: light skin tone, medium-dark skin tone
Personnes et corps	👨🏻‍🫯‍👨🏿	men wrestling: light skin tone, dark skin tone
Personnes et corps	👨🏼‍🫯‍👨🏻	men wrestling: medium-light skin tone, light skin tone
Personnes et corps	👨🏼‍🫯‍👨🏽	men wrestling: medium-light skin tone, medium skin tone
Personnes et corps	👨🏼‍🫯‍👨🏾	men wrestling: medium-light skin tone, medium-dark skin tone
Personnes et corps	👨🏼‍🫯‍👨🏿	men wrestling: medium-light skin tone, dark skin tone
Personnes et corps	👨🏽‍🫯‍👨🏻	men wrestling: medium skin tone, light skin tone
Personnes et corps	👨🏽‍🫯‍👨🏼	men wrestling: medium skin tone, medium-light skin tone
Personnes et corps	👨🏽‍🫯‍👨🏾	men wrestling: medium skin tone, medium-dark skin tone
Personnes et corps	👨🏽‍🫯‍👨🏿	men wrestling: medium skin tone, dark skin tone
Personnes et corps	👨🏾‍🫯‍👨🏻	men wrestling: medium-dark skin tone, light skin tone
Personnes et corps	👨🏾‍🫯‍👨🏼	men wrestling: medium-dark skin tone, medium-light skin tone
Personnes et corps	👨🏾‍🫯‍👨🏽	men wrestling: medium-dark skin tone, medium skin tone
Personnes et corps	👨🏾‍🫯‍👨🏿	men wrestling: medium-dark skin tone, dark skin tone
Personnes et corps	👨🏿‍🫯‍👨🏻	men wrestling: dark skin tone, light skin tone
Personnes et corps	👨🏿‍🫯‍👨🏼	men wrestling: dark skin tone, medium-light skin tone
Personnes et corps	👨🏿‍🫯‍👨🏽	men wrestling: dark skin tone, medium skin tone
Personnes et corps	👨🏿‍🫯‍👨🏾	men wrestling: dark skin tone, medium-dark skin tone
Personnes et corps	👩🏻‍🫯‍👩🏼	women wrestling: light skin tone, medium-light skin tone
Personnes et corps	👩🏻‍🫯‍👩🏽	women wrestling: light skin tone, medium skin tone
Personnes et corps	👩🏻‍🫯‍👩🏾	women wrestling: light skin tone, medium-dark skin tone
Personnes et corps	👩🏻‍🫯‍👩🏿	women wrestling: light skin tone, dark skin tone
Personnes et corps	👩🏼‍🫯‍👩🏻	women wrestling: medium-light skin tone, light skin tone
Personnes et corps	👩🏼‍🫯‍👩🏽	women wrestling: medium-light skin tone, medium skin tone
Personnes et corps	👩🏼‍🫯‍👩🏾	women wrestling: medium-light skin tone, medium-dark skin tone
Personnes et corps	👩🏼‍🫯‍👩🏿	women wrestling: medium-light skin tone, dark skin tone
Personnes et corps	👩🏽‍🫯‍👩🏻	women wrestling: medium skin tone, light skin tone
Personnes et corps	👩🏽‍🫯‍👩🏼	women wrestling: medium skin tone, medium-light skin tone
Personnes et corps	👩🏽‍🫯‍👩🏾	women wrestling: medium skin tone, medium-dark skin tone
Personnes et corps	👩🏽‍🫯‍👩🏿	women wrestling: medium skin tone, dark skin tone
Personnes et corps	👩🏾‍🫯‍👩🏻	women wrestling: medium-dark skin tone, light skin tone
Personnes et corps	👩🏾‍🫯‍👩🏼	women wrestling: medium-dark skin tone, medium-light skin tone
Personnes et corps	👩🏾‍🫯‍👩🏽	women wrestling: medium-dark skin tone, medium skin tone
Personnes et corps	👩🏾‍🫯‍👩🏿	women wrestling: medium-dark skin tone, dark skin tone
Personnes et corps	👩🏿‍🫯‍👩🏻	women wrestling: dark skin tone, light skin tone
Personnes et corps	👩🏿‍🫯‍👩🏼	women wrestling: dark skin tone, medium-light skin tone
Personnes et corps	👩🏿‍🫯‍👩🏽	women wrestling: dark skin tone, medium skin tone
Personnes et corps	👩🏿‍🫯‍👩🏾	women wrestling: dark skin tone, medium-dark skin tone
Personnes et corps	🤽	person playing water polo
Personnes et corps	🤽🏻	person playing water polo: light skin tone
Personnes et corps	🤽🏼	person playing water polo: medium-light skin tone
Personnes et corps	🤽🏽	person playing water polo: medium skin tone
Personnes et corps	🤽🏾	person playing water polo: medium-dark skin tone
Personnes et corps	🤽🏿	person playing water polo: dark skin tone
Personnes et corps	🤽‍♂️	man playing water polo
Personnes et corps	🤽🏻‍♂️	man playing water polo: light skin tone
Personnes et corps	🤽🏼‍♂️	man playing water polo: medium-light skin tone
Personnes et corps	🤽🏽‍♂️	man playing water polo: medium skin tone
Personnes et corps	🤽🏾‍♂️	man playing water polo: medium-dark skin tone
Personnes et corps	🤽🏿‍♂️	man playing water polo: dark skin tone
Personnes et corps	🤽‍♀️	woman playing water polo
Personnes et corps	🤽🏻‍♀️	woman playing water polo: light skin tone
Personnes et corps	🤽🏼‍♀️	woman playing water polo: medium-light skin tone
Personnes et corps	🤽🏽‍♀️	woman playing water polo: medium skin tone
Personnes et corps	🤽🏾‍♀️	woman playing water polo: medium-dark skin tone
Personnes et corps	🤽🏿‍♀️	woman playing water polo: dark skin tone
Personnes et corps	🤾	person playing handball
Personnes et corps	🤾🏻	person playing handball: light skin tone
Personnes et corps	🤾🏼	person playing handball: medium-light skin tone
Personnes et corps	🤾🏽	person playing handball: medium skin tone
Personnes et corps	🤾🏾	person playing handball: medium-dark skin tone
Personnes et corps	🤾🏿	person playing handball: dark skin tone
Personnes et corps	🤾‍♂️	man playing handball
Personnes et corps	🤾🏻‍♂️	man playing handball: light skin tone
Personnes et corps	🤾🏼‍♂️	man playing handball: medium-light skin tone
Personnes et corps	🤾🏽‍♂️	man playing handball: medium skin tone
Personnes et corps	🤾🏾‍♂️	man playing handball: medium-dark skin tone
Personnes et corps	🤾🏿‍♂️	man playing handball: dark skin tone
Personnes et corps	🤾‍♀️	woman playing handball
Personnes et corps	🤾🏻‍♀️	woman playing handball: light skin tone
Personnes et corps	🤾🏼‍♀️	woman playing handball: medium-light skin tone
Personnes et corps	🤾🏽‍♀️	woman playing handball: medium skin tone
Personnes et corps	🤾🏾‍♀️	woman playing handball: medium-dark skin tone
Personnes et corps	🤾🏿‍♀️	woman playing handball: dark skin tone
Personnes et corps	🤹	person juggling
Personnes et corps	🤹🏻	person juggling: light skin tone
Personnes et corps	🤹🏼	person juggling: medium-light skin tone
Personnes et corps	🤹🏽	person juggling: medium skin tone
Personnes et corps	🤹🏾	person juggling: medium-dark skin tone
Personnes et corps	🤹🏿	person juggling: dark skin tone
Personnes et corps	🤹‍♂️	man juggling
Personnes et corps	🤹🏻‍♂️	man juggling: light skin tone
Personnes et corps	🤹🏼‍♂️	man juggling: medium-light skin tone
Personnes et corps	🤹🏽‍♂️	man juggling: medium skin tone
Personnes et corps	🤹🏾‍♂️	man juggling: medium-dark skin tone
Personnes et corps	🤹🏿‍♂️	man juggling: dark skin tone
Personnes et corps	🤹‍♀️	woman juggling
Personnes et corps	🤹🏻‍♀️	woman juggling: light skin tone
Personnes et corps	🤹🏼‍♀️	woman juggling: medium-light skin tone
Personnes et corps	🤹🏽‍♀️	woman juggling: medium skin tone
Personnes et corps	🤹🏾‍♀️	woman juggling: medium-dark skin tone
Personnes et corps	🤹🏿‍♀️	woman juggling: dark skin tone
Personnes et corps	🧘	person in lotus position
Personnes et corps	🧘🏻	person in lotus position: light skin tone
Personnes et corps	🧘🏼	person in lotus position: medium-light skin tone
Personnes et corps	🧘🏽	person in lotus position: medium skin tone
Personnes et corps	🧘🏾	person in lotus position: medium-dark skin tone
Personnes et corps	🧘🏿	person in lotus position: dark skin tone
Personnes et corps	🧘‍♂️	man in lotus position
Personnes et corps	🧘🏻‍♂️	man in lotus position: light skin tone
Personnes et corps	🧘🏼‍♂️	man in lotus position: medium-light skin tone
Personnes et corps	🧘🏽‍♂️	man in lotus position: medium skin tone
Personnes et corps	🧘🏾‍♂️	man in lotus position: medium-dark skin tone
Personnes et corps	🧘🏿‍♂️	man in lotus position: dark skin tone
Personnes et corps	🧘‍♀️	woman in lotus position
Personnes et corps	🧘🏻‍♀️	woman in lotus position: light skin tone
Personnes et corps	🧘🏼‍♀️	woman in lotus position: medium-light skin tone
Personnes et corps	🧘🏽‍♀️	woman in lotus position: medium skin tone
Personnes et corps	🧘🏾‍♀️	woman in lotus position: medium-dark skin tone
Personnes et corps	🧘🏿‍♀️	woman in lotus position: dark skin tone
Personnes et corps	🛀	person taking bath
Personnes et corps	🛀🏻	person taking bath: light skin tone
Personnes et corps	🛀🏼	person taking bath: medium-light skin tone
Personnes et corps	🛀🏽	person taking bath: medium skin tone
Personnes et corps	🛀🏾	person taking bath: medium-dark skin tone
Personnes et corps	🛀🏿	person taking bath: dark skin tone
Personnes et corps	🛌	person in bed
Personnes et corps	🛌🏻	person in bed: light skin tone
Personnes et corps	🛌🏼	person in bed: medium-light skin tone
Personnes et corps	🛌🏽	person in bed: medium skin tone
Personnes et corps	🛌🏾	person in bed: medium-dark skin tone
Personnes et corps	🛌🏿	person in bed: dark skin tone
Personnes et corps	🧑‍🤝‍🧑	people holding hands
Personnes et corps	🧑🏻‍🤝‍🧑🏻	people holding hands: light skin tone
Personnes et corps	🧑🏻‍🤝‍🧑🏼	people holding hands: light skin tone, medium-light skin tone
Personnes et corps	🧑🏻‍🤝‍🧑🏽	people holding hands: light skin tone, medium skin tone
Personnes et corps	🧑🏻‍🤝‍🧑🏾	people holding hands: light skin tone, medium-dark skin tone
Personnes et corps	🧑🏻‍🤝‍🧑🏿	people holding hands: light skin tone, dark skin tone
Personnes et corps	🧑🏼‍🤝‍🧑🏻	people holding hands: medium-light skin tone, light skin tone
Personnes et corps	🧑🏼‍🤝‍🧑🏼	people holding hands: medium-light skin tone
Personnes et corps	🧑🏼‍🤝‍🧑🏽	people holding hands: medium-light skin tone, medium skin tone
Personnes et corps	🧑🏼‍🤝‍🧑🏾	people holding hands: medium-light skin tone, medium-dark skin tone
Personnes et corps	🧑🏼‍🤝‍🧑🏿	people holding hands: medium-light skin tone, dark skin tone
Personnes et corps	🧑🏽‍🤝‍🧑🏻	people holding hands: medium skin tone, light skin tone
Personnes et corps	🧑🏽‍🤝‍🧑🏼	people holding hands: medium skin tone, medium-light skin tone
Personnes et corps	🧑🏽‍🤝‍🧑🏽	people holding hands: medium skin tone
Personnes et corps	🧑🏽‍🤝‍🧑🏾	people holding hands: medium skin tone, medium-dark skin tone
Personnes et corps	🧑🏽‍🤝‍🧑🏿	people holding hands: medium skin tone, dark skin tone
Personnes et corps	🧑🏾‍🤝‍🧑🏻	people holding hands: medium-dark skin tone, light skin tone
Personnes et corps	🧑🏾‍🤝‍🧑🏼	people holding hands: medium-dark skin tone, medium-light skin tone
Personnes et corps	🧑🏾‍🤝‍🧑🏽	people holding hands: medium-dark skin tone, medium skin tone
Personnes et corps	🧑🏾‍🤝‍🧑🏾	people holding hands: medium-dark skin tone
Personnes et corps	🧑🏾‍🤝‍🧑🏿	people holding hands: medium-dark skin tone, dark skin tone
Personnes et corps	🧑🏿‍🤝‍🧑🏻	people holding hands: dark skin tone, light skin tone
Personnes et corps	🧑🏿‍🤝‍🧑🏼	people holding hands: dark skin tone, medium-light skin tone
Personnes et corps	🧑🏿‍🤝‍🧑🏽	people holding hands: dark skin tone, medium skin tone
Personnes et corps	🧑🏿‍🤝‍🧑🏾	people holding hands: dark skin tone, medium-dark skin tone
Personnes et corps	🧑🏿‍🤝‍🧑🏿	people holding hands: dark skin tone
Personnes et corps	👭	women holding hands
Personnes et corps	👭🏻	women holding hands: light skin tone
Personnes et corps	👩🏻‍🤝‍👩🏼	women holding hands: light skin tone, medium-light skin tone
Personnes et corps	👩🏻‍🤝‍👩🏽	women holding hands: light skin tone, medium skin tone
Personnes et corps	👩🏻‍🤝‍👩🏾	women holding hands: light skin tone, medium-dark skin tone
Personnes et corps	👩🏻‍🤝‍👩🏿	women holding hands: light skin tone, dark skin tone
Personnes et corps	👩🏼‍🤝‍👩🏻	women holding hands: medium-light skin tone, light skin tone
Personnes et corps	👭🏼	women holding hands: medium-light skin tone
Personnes et corps	👩🏼‍🤝‍👩🏽	women holding hands: medium-light skin tone, medium skin tone
Personnes et corps	👩🏼‍🤝‍👩🏾	women holding hands: medium-light skin tone, medium-dark skin tone
Personnes et corps	👩🏼‍🤝‍👩🏿	women holding hands: medium-light skin tone, dark skin tone
Personnes et corps	👩🏽‍🤝‍👩🏻	women holding hands: medium skin tone, light skin tone
Personnes et corps	👩🏽‍🤝‍👩🏼	women holding hands: medium skin tone, medium-light skin tone
Personnes et corps	👭🏽	women holding hands: medium skin tone
Personnes et corps	👩🏽‍🤝‍👩🏾	women holding hands: medium skin tone, medium-dark skin tone
Personnes et corps	👩🏽‍🤝‍👩🏿	women holding hands: medium skin tone, dark skin tone
Personnes et corps	👩🏾‍🤝‍👩🏻	women holding hands: medium-dark skin tone, light skin tone
Personnes et corps	👩🏾‍🤝‍👩🏼	women holding hands: medium-dark skin tone, medium-light skin tone
Personnes et corps	👩🏾‍🤝‍👩🏽	women holding hands: medium-dark skin tone, medium skin tone
Personnes et corps	👭🏾	women holding hands: medium-dark skin tone
Personnes et corps	👩🏾‍🤝‍👩🏿	women holding hands: medium-dark skin tone, dark skin tone
Personnes et corps	👩🏿‍🤝‍👩🏻	women holding hands: dark skin tone, light skin tone
Personnes et corps	👩🏿‍🤝‍👩🏼	women holding hands: dark skin tone, medium-light skin tone
Personnes et corps	👩🏿‍🤝‍👩🏽	women holding hands: dark skin tone, medium skin tone
Personnes et corps	👩🏿‍🤝‍👩🏾	women holding hands: dark skin tone, medium-dark skin tone
Personnes et corps	👭🏿	women holding hands: dark skin tone
Personnes et corps	👫	woman and man holding hands
Personnes et corps	👫🏻	woman and man holding hands: light skin tone
Personnes et corps	👩🏻‍🤝‍👨🏼	woman and man holding hands: light skin tone, medium-light skin tone
Personnes et corps	👩🏻‍🤝‍👨🏽	woman and man holding hands: light skin tone, medium skin tone
Personnes et corps	👩🏻‍🤝‍👨🏾	woman and man holding hands: light skin tone, medium-dark skin tone
Personnes et corps	👩🏻‍🤝‍👨🏿	woman and man holding hands: light skin tone, dark skin tone
Personnes et corps	👩🏼‍🤝‍👨🏻	woman and man holding hands: medium-light skin tone, light skin tone
Personnes et corps	👫🏼	woman and man holding hands: medium-light skin tone
Personnes et corps	👩🏼‍🤝‍👨🏽	woman and man holding hands: medium-light skin tone, medium skin tone
Personnes et corps	👩🏼‍🤝‍👨🏾	woman and man holding hands: medium-light skin tone, medium-dark skin tone
Personnes et corps	👩🏼‍🤝‍👨🏿	woman and man holding hands: medium-light skin tone, dark skin tone
Personnes et corps	👩🏽‍🤝‍👨🏻	woman and man holding hands: medium skin tone, light skin tone
Personnes et corps	👩🏽‍🤝‍👨🏼	woman and man holding hands: medium skin tone, medium-light skin tone
Personnes et corps	👫🏽	woman and man holding hands: medium skin tone
Personnes et corps	👩🏽‍🤝‍👨🏾	woman and man holding hands: medium skin tone, medium-dark skin tone
Personnes et corps	👩🏽‍🤝‍👨🏿	woman and man holding hands: medium skin tone, dark skin tone
Personnes et corps	👩🏾‍🤝‍👨🏻	woman and man holding hands: medium-dark skin tone, light skin tone
Personnes et corps	👩🏾‍🤝‍👨🏼	woman and man holding hands: medium-dark skin tone, medium-light skin tone
Personnes et corps	👩🏾‍🤝‍👨🏽	woman and man holding hands: medium-dark skin tone, medium skin tone
Personnes et corps	👫🏾	woman and man holding hands: medium-dark skin tone
Personnes et corps	👩🏾‍🤝‍👨🏿	woman and man holding hands: medium-dark skin tone, dark skin tone
Personnes et corps	👩🏿‍🤝‍👨🏻	woman and man holding hands: dark skin tone, light skin tone
Personnes et corps	👩🏿‍🤝‍👨🏼	woman and man holding hands: dark skin tone, medium-light skin tone
Personnes et corps	👩🏿‍🤝‍👨🏽	woman and man holding hands: dark skin tone, medium skin tone
Personnes et corps	👩🏿‍🤝‍👨🏾	woman and man holding hands: dark skin tone, medium-dark skin tone
Personnes et corps	👫🏿	woman and man holding hands: dark skin tone
Personnes et corps	👬	men holding hands
Personnes et corps	👬🏻	men holding hands: light skin tone
Personnes et corps	👨🏻‍🤝‍👨🏼	men holding hands: light skin tone, medium-light skin tone
Personnes et corps	👨🏻‍🤝‍👨🏽	men holding hands: light skin tone, medium skin tone
Personnes et corps	👨🏻‍🤝‍👨🏾	men holding hands: light skin tone, medium-dark skin tone
Personnes et corps	👨🏻‍🤝‍👨🏿	men holding hands: light skin tone, dark skin tone
Personnes et corps	👨🏼‍🤝‍👨🏻	men holding hands: medium-light skin tone, light skin tone
Personnes et corps	👬🏼	men holding hands: medium-light skin tone
Personnes et corps	👨🏼‍🤝‍👨🏽	men holding hands: medium-light skin tone, medium skin tone
Personnes et corps	👨🏼‍🤝‍👨🏾	men holding hands: medium-light skin tone, medium-dark skin tone
Personnes et corps	👨🏼‍🤝‍👨🏿	men holding hands: medium-light skin tone, dark skin tone
Personnes et corps	👨🏽‍🤝‍👨🏻	men holding hands: medium skin tone, light skin tone
Personnes et corps	👨🏽‍🤝‍👨🏼	men holding hands: medium skin tone, medium-light skin tone
Personnes et corps	👬🏽	men holding hands: medium skin tone
Personnes et corps	👨🏽‍🤝‍👨🏾	men holding hands: medium skin tone, medium-dark skin tone
Personnes et corps	👨🏽‍🤝‍👨🏿	men holding hands: medium skin tone, dark skin tone
Personnes et corps	👨🏾‍🤝‍👨🏻	men holding hands: medium-dark skin tone, light skin tone
Personnes et corps	👨🏾‍🤝‍👨🏼	men holding hands: medium-dark skin tone, medium-light skin tone
Personnes et corps	👨🏾‍🤝‍👨🏽	men holding hands: medium-dark skin tone, medium skin tone
Personnes et corps	👬🏾	men holding hands: medium-dark skin tone
Personnes et corps	👨🏾‍🤝‍👨🏿	men holding hands: medium-dark skin tone, dark skin tone
Personnes et corps	👨🏿‍🤝‍👨🏻	men holding hands: dark skin tone, light skin tone
Personnes et corps	👨🏿‍🤝‍👨🏼	men holding hands: dark skin tone, medium-light skin tone
Personnes et corps	👨🏿‍🤝‍👨🏽	men holding hands: dark skin tone, medium skin tone
Personnes et corps	👨🏿‍🤝‍👨🏾	men holding hands: dark skin tone, medium-dark skin tone
Personnes et corps	👬🏿	men holding hands: dark skin tone
Personnes et corps	💏	kiss
Personnes et corps	💏🏻	kiss: light skin tone
Personnes et corps	💏🏼	kiss: medium-light skin tone
Personnes et corps	💏🏽	kiss: medium skin tone
Personnes et corps	💏🏾	kiss: medium-dark skin tone
Personnes et corps	💏🏿	kiss: dark skin tone
Personnes et corps	🧑🏻‍❤️‍💋‍🧑🏼	kiss: person, person, light skin tone, medium-light skin tone
Personnes et corps	🧑🏻‍❤️‍💋‍🧑🏽	kiss: person, person, light skin tone, medium skin tone
Personnes et corps	🧑🏻‍❤️‍💋‍🧑🏾	kiss: person, person, light skin tone, medium-dark skin tone
Personnes et corps	🧑🏻‍❤️‍💋‍🧑🏿	kiss: person, person, light skin tone, dark skin tone
Personnes et corps	🧑🏼‍❤️‍💋‍🧑🏻	kiss: person, person, medium-light skin tone, light skin tone
Personnes et corps	🧑🏼‍❤️‍💋‍🧑🏽	kiss: person, person, medium-light skin tone, medium skin tone
Personnes et corps	🧑🏼‍❤️‍💋‍🧑🏾	kiss: person, person, medium-light skin tone, medium-dark skin tone
Personnes et corps	🧑🏼‍❤️‍💋‍🧑🏿	kiss: person, person, medium-light skin tone, dark skin tone
Personnes et corps	🧑🏽‍❤️‍💋‍🧑🏻	kiss: person, person, medium skin tone, light skin tone
Personnes et corps	🧑🏽‍❤️‍💋‍🧑🏼	kiss: person, person, medium skin tone, medium-light skin tone
Personnes et corps	🧑🏽‍❤️‍💋‍🧑🏾	kiss: person, person, medium skin tone, medium-dark skin tone
Personnes et corps	🧑🏽‍❤️‍💋‍🧑🏿	kiss: person, person, medium skin tone, dark skin tone
Personnes et corps	🧑🏾‍❤️‍💋‍🧑🏻	kiss: person, person, medium-dark skin tone, light skin tone
Personnes et corps	🧑🏾‍❤️‍💋‍🧑🏼	kiss: person, person, medium-dark skin tone, medium-light skin tone
Personnes et corps	🧑🏾‍❤️‍💋‍🧑🏽	kiss: person, person, medium-dark skin tone, medium skin tone
Personnes et corps	🧑🏾‍❤️‍💋‍🧑🏿	kiss: person, person, medium-dark skin tone, dark skin tone
Personnes et corps	🧑🏿‍❤️‍💋‍🧑🏻	kiss: person, person, dark skin tone, light skin tone
Personnes et corps	🧑🏿‍❤️‍💋‍🧑🏼	kiss: person, person, dark skin tone, medium-light skin tone
Personnes et corps	🧑🏿‍❤️‍💋‍🧑🏽	kiss: person, person, dark skin tone, medium skin tone
Personnes et corps	🧑🏿‍❤️‍💋‍🧑🏾	kiss: person, person, dark skin tone, medium-dark skin tone
Personnes et corps	👩‍❤️‍💋‍👨	kiss: woman, man
Personnes et corps	👩🏻‍❤️‍💋‍👨🏻	kiss: woman, man, light skin tone
Personnes et corps	👩🏻‍❤️‍💋‍👨🏼	kiss: woman, man, light skin tone, medium-light skin tone
Personnes et corps	👩🏻‍❤️‍💋‍👨🏽	kiss: woman, man, light skin tone, medium skin tone
Personnes et corps	👩🏻‍❤️‍💋‍👨🏾	kiss: woman, man, light skin tone, medium-dark skin tone
Personnes et corps	👩🏻‍❤️‍💋‍👨🏿	kiss: woman, man, light skin tone, dark skin tone
Personnes et corps	👩🏼‍❤️‍💋‍👨🏻	kiss: woman, man, medium-light skin tone, light skin tone
Personnes et corps	👩🏼‍❤️‍💋‍👨🏼	kiss: woman, man, medium-light skin tone
Personnes et corps	👩🏼‍❤️‍💋‍👨🏽	kiss: woman, man, medium-light skin tone, medium skin tone
Personnes et corps	👩🏼‍❤️‍💋‍👨🏾	kiss: woman, man, medium-light skin tone, medium-dark skin tone
Personnes et corps	👩🏼‍❤️‍💋‍👨🏿	kiss: woman, man, medium-light skin tone, dark skin tone
Personnes et corps	👩🏽‍❤️‍💋‍👨🏻	kiss: woman, man, medium skin tone, light skin tone
Personnes et corps	👩🏽‍❤️‍💋‍👨🏼	kiss: woman, man, medium skin tone, medium-light skin tone
Personnes et corps	👩🏽‍❤️‍💋‍👨🏽	kiss: woman, man, medium skin tone
Personnes et corps	👩🏽‍❤️‍💋‍👨🏾	kiss: woman, man, medium skin tone, medium-dark skin tone
Personnes et corps	👩🏽‍❤️‍💋‍👨🏿	kiss: woman, man, medium skin tone, dark skin tone
Personnes et corps	👩🏾‍❤️‍💋‍👨🏻	kiss: woman, man, medium-dark skin tone, light skin tone
Personnes et corps	👩🏾‍❤️‍💋‍👨🏼	kiss: woman, man, medium-dark skin tone, medium-light skin tone
Personnes et corps	👩🏾‍❤️‍💋‍👨🏽	kiss: woman, man, medium-dark skin tone, medium skin tone
Personnes et corps	👩🏾‍❤️‍💋‍👨🏾	kiss: woman, man, medium-dark skin tone
Personnes et corps	👩🏾‍❤️‍💋‍👨🏿	kiss: woman, man, medium-dark skin tone, dark skin tone
Personnes et corps	👩🏿‍❤️‍💋‍👨🏻	kiss: woman, man, dark skin tone, light skin tone
Personnes et corps	👩🏿‍❤️‍💋‍👨🏼	kiss: woman, man, dark skin tone, medium-light skin tone
Personnes et corps	👩🏿‍❤️‍💋‍👨🏽	kiss: woman, man, dark skin tone, medium skin tone
Personnes et corps	👩🏿‍❤️‍💋‍👨🏾	kiss: woman, man, dark skin tone, medium-dark skin tone
Personnes et corps	👩🏿‍❤️‍💋‍👨🏿	kiss: woman, man, dark skin tone
Personnes et corps	👨‍❤️‍💋‍👨	kiss: man, man
Personnes et corps	👨🏻‍❤️‍💋‍👨🏻	kiss: man, man, light skin tone
Personnes et corps	👨🏻‍❤️‍💋‍👨🏼	kiss: man, man, light skin tone, medium-light skin tone
Personnes et corps	👨🏻‍❤️‍💋‍👨🏽	kiss: man, man, light skin tone, medium skin tone
Personnes et corps	👨🏻‍❤️‍💋‍👨🏾	kiss: man, man, light skin tone, medium-dark skin tone
Personnes et corps	👨🏻‍❤️‍💋‍👨🏿	kiss: man, man, light skin tone, dark skin tone
Personnes et corps	👨🏼‍❤️‍💋‍👨🏻	kiss: man, man, medium-light skin tone, light skin tone
Personnes et corps	👨🏼‍❤️‍💋‍👨🏼	kiss: man, man, medium-light skin tone
Personnes et corps	👨🏼‍❤️‍💋‍👨🏽	kiss: man, man, medium-light skin tone, medium skin tone
Personnes et corps	👨🏼‍❤️‍💋‍👨🏾	kiss: man, man, medium-light skin tone, medium-dark skin tone
Personnes et corps	👨🏼‍❤️‍💋‍👨🏿	kiss: man, man, medium-light skin tone, dark skin tone
Personnes et corps	👨🏽‍❤️‍💋‍👨🏻	kiss: man, man, medium skin tone, light skin tone
Personnes et corps	👨🏽‍❤️‍💋‍👨🏼	kiss: man, man, medium skin tone, medium-light skin tone
Personnes et corps	👨🏽‍❤️‍💋‍👨🏽	kiss: man, man, medium skin tone
Personnes et corps	👨🏽‍❤️‍💋‍👨🏾	kiss: man, man, medium skin tone, medium-dark skin tone
Personnes et corps	👨🏽‍❤️‍💋‍👨🏿	kiss: man, man, medium skin tone, dark skin tone
Personnes et corps	👨🏾‍❤️‍💋‍👨🏻	kiss: man, man, medium-dark skin tone, light skin tone
Personnes et corps	👨🏾‍❤️‍💋‍👨🏼	kiss: man, man, medium-dark skin tone, medium-light skin tone
Personnes et corps	👨🏾‍❤️‍💋‍👨🏽	kiss: man, man, medium-dark skin tone, medium skin tone
Personnes et corps	👨🏾‍❤️‍💋‍👨🏾	kiss: man, man, medium-dark skin tone
Personnes et corps	👨🏾‍❤️‍💋‍👨🏿	kiss: man, man, medium-dark skin tone, dark skin tone
Personnes et corps	👨🏿‍❤️‍💋‍👨🏻	kiss: man, man, dark skin tone, light skin tone
Personnes et corps	👨🏿‍❤️‍💋‍👨🏼	kiss: man, man, dark skin tone, medium-light skin tone
Personnes et corps	👨🏿‍❤️‍💋‍👨🏽	kiss: man, man, dark skin tone, medium skin tone
Personnes et corps	👨🏿‍❤️‍💋‍👨🏾	kiss: man, man, dark skin tone, medium-dark skin tone
Personnes et corps	👨🏿‍❤️‍💋‍👨🏿	kiss: man, man, dark skin tone
Personnes et corps	👩‍❤️‍💋‍👩	kiss: woman, woman
Personnes et corps	👩🏻‍❤️‍💋‍👩🏻	kiss: woman, woman, light skin tone
Personnes et corps	👩🏻‍❤️‍💋‍👩🏼	kiss: woman, woman, light skin tone, medium-light skin tone
Personnes et corps	👩🏻‍❤️‍💋‍👩🏽	kiss: woman, woman, light skin tone, medium skin tone
Personnes et corps	👩🏻‍❤️‍💋‍👩🏾	kiss: woman, woman, light skin tone, medium-dark skin tone
Personnes et corps	👩🏻‍❤️‍💋‍👩🏿	kiss: woman, woman, light skin tone, dark skin tone
Personnes et corps	👩🏼‍❤️‍💋‍👩🏻	kiss: woman, woman, medium-light skin tone, light skin tone
Personnes et corps	👩🏼‍❤️‍💋‍👩🏼	kiss: woman, woman, medium-light skin tone
Personnes et corps	👩🏼‍❤️‍💋‍👩🏽	kiss: woman, woman, medium-light skin tone, medium skin tone
Personnes et corps	👩🏼‍❤️‍💋‍👩🏾	kiss: woman, woman, medium-light skin tone, medium-dark skin tone
Personnes et corps	👩🏼‍❤️‍💋‍👩🏿	kiss: woman, woman, medium-light skin tone, dark skin tone
Personnes et corps	👩🏽‍❤️‍💋‍👩🏻	kiss: woman, woman, medium skin tone, light skin tone
Personnes et corps	👩🏽‍❤️‍💋‍👩🏼	kiss: woman, woman, medium skin tone, medium-light skin tone
Personnes et corps	👩🏽‍❤️‍💋‍👩🏽	kiss: woman, woman, medium skin tone
Personnes et corps	👩🏽‍❤️‍💋‍👩🏾	kiss: woman, woman, medium skin tone, medium-dark skin tone
Personnes et corps	👩🏽‍❤️‍💋‍👩🏿	kiss: woman, woman, medium skin tone, dark skin tone
Personnes et corps	👩🏾‍❤️‍💋‍👩🏻	kiss: woman, woman, medium-dark skin tone, light skin tone
Personnes et corps	👩🏾‍❤️‍💋‍👩🏼	kiss: woman, woman, medium-dark skin tone, medium-light skin tone
Personnes et corps	👩🏾‍❤️‍💋‍👩🏽	kiss: woman, woman, medium-dark skin tone, medium skin tone
Personnes et corps	👩🏾‍❤️‍💋‍👩🏾	kiss: woman, woman, medium-dark skin tone
Personnes et corps	👩🏾‍❤️‍💋‍👩🏿	kiss: woman, woman, medium-dark skin tone, dark skin tone
Personnes et corps	👩🏿‍❤️‍💋‍👩🏻	kiss: woman, woman, dark skin tone, light skin tone
Personnes et corps	👩🏿‍❤️‍💋‍👩🏼	kiss: woman, woman, dark skin tone, medium-light skin tone
Personnes et corps	👩🏿‍❤️‍💋‍👩🏽	kiss: woman, woman, dark skin tone, medium skin tone
Personnes et corps	👩🏿‍❤️‍💋‍👩🏾	kiss: woman, woman, dark skin tone, medium-dark skin tone
Personnes et corps	👩🏿‍❤️‍💋‍👩🏿	kiss: woman, woman, dark skin tone
Personnes et corps	💑	couple with heart
Personnes et corps	💑🏻	couple with heart: light skin tone
Personnes et corps	💑🏼	couple with heart: medium-light skin tone
Personnes et corps	💑🏽	couple with heart: medium skin tone
Personnes et corps	💑🏾	couple with heart: medium-dark skin tone
Personnes et corps	💑🏿	couple with heart: dark skin tone
Personnes et corps	🧑🏻‍❤️‍🧑🏼	couple with heart: person, person, light skin tone, medium-light skin tone
Personnes et corps	🧑🏻‍❤️‍🧑🏽	couple with heart: person, person, light skin tone, medium skin tone
Personnes et corps	🧑🏻‍❤️‍🧑🏾	couple with heart: person, person, light skin tone, medium-dark skin tone
Personnes et corps	🧑🏻‍❤️‍🧑🏿	couple with heart: person, person, light skin tone, dark skin tone
Personnes et corps	🧑🏼‍❤️‍🧑🏻	couple with heart: person, person, medium-light skin tone, light skin tone
Personnes et corps	🧑🏼‍❤️‍🧑🏽	couple with heart: person, person, medium-light skin tone, medium skin tone
Personnes et corps	🧑🏼‍❤️‍🧑🏾	couple with heart: person, person, medium-light skin tone, medium-dark skin tone
Personnes et corps	🧑🏼‍❤️‍🧑🏿	couple with heart: person, person, medium-light skin tone, dark skin tone
Personnes et corps	🧑🏽‍❤️‍🧑🏻	couple with heart: person, person, medium skin tone, light skin tone
Personnes et corps	🧑🏽‍❤️‍🧑🏼	couple with heart: person, person, medium skin tone, medium-light skin tone
Personnes et corps	🧑🏽‍❤️‍🧑🏾	couple with heart: person, person, medium skin tone, medium-dark skin tone
Personnes et corps	🧑🏽‍❤️‍🧑🏿	couple with heart: person, person, medium skin tone, dark skin tone
Personnes et corps	🧑🏾‍❤️‍🧑🏻	couple with heart: person, person, medium-dark skin tone, light skin tone
Personnes et corps	🧑🏾‍❤️‍🧑🏼	couple with heart: person, person, medium-dark skin tone, medium-light skin tone
Personnes et corps	🧑🏾‍❤️‍🧑🏽	couple with heart: person, person, medium-dark skin tone, medium skin tone
Personnes et corps	🧑🏾‍❤️‍🧑🏿	couple with heart: person, person, medium-dark skin tone, dark skin tone
Personnes et corps	🧑🏿‍❤️‍🧑🏻	couple with heart: person, person, dark skin tone, light skin tone
Personnes et corps	🧑🏿‍❤️‍🧑🏼	couple with heart: person, person, dark skin tone, medium-light skin tone
Personnes et corps	🧑🏿‍❤️‍🧑🏽	couple with heart: person, person, dark skin tone, medium skin tone
Personnes et corps	🧑🏿‍❤️‍🧑🏾	couple with heart: person, person, dark skin tone, medium-dark skin tone
Personnes et corps	👩‍❤️‍👨	couple with heart: woman, man
Personnes et corps	👩🏻‍❤️‍👨🏻	couple with heart: woman, man, light skin tone
Personnes et corps	👩🏻‍❤️‍👨🏼	couple with heart: woman, man, light skin tone, medium-light skin tone
Personnes et corps	👩🏻‍❤️‍👨🏽	couple with heart: woman, man, light skin tone, medium skin tone
Personnes et corps	👩🏻‍❤️‍👨🏾	couple with heart: woman, man, light skin tone, medium-dark skin tone
Personnes et corps	👩🏻‍❤️‍👨🏿	couple with heart: woman, man, light skin tone, dark skin tone
Personnes et corps	👩🏼‍❤️‍👨🏻	couple with heart: woman, man, medium-light skin tone, light skin tone
Personnes et corps	👩🏼‍❤️‍👨🏼	couple with heart: woman, man, medium-light skin tone
Personnes et corps	👩🏼‍❤️‍👨🏽	couple with heart: woman, man, medium-light skin tone, medium skin tone
Personnes et corps	👩🏼‍❤️‍👨🏾	couple with heart: woman, man, medium-light skin tone, medium-dark skin tone
Personnes et corps	👩🏼‍❤️‍👨🏿	couple with heart: woman, man, medium-light skin tone, dark skin tone
Personnes et corps	👩🏽‍❤️‍👨🏻	couple with heart: woman, man, medium skin tone, light skin tone
Personnes et corps	👩🏽‍❤️‍👨🏼	couple with heart: woman, man, medium skin tone, medium-light skin tone
Personnes et corps	👩🏽‍❤️‍👨🏽	couple with heart: woman, man, medium skin tone
Personnes et corps	👩🏽‍❤️‍👨🏾	couple with heart: woman, man, medium skin tone, medium-dark skin tone
Personnes et corps	👩🏽‍❤️‍👨🏿	couple with heart: woman, man, medium skin tone, dark skin tone
Personnes et corps	👩🏾‍❤️‍👨🏻	couple with heart: woman, man, medium-dark skin tone, light skin tone
Personnes et corps	👩🏾‍❤️‍👨🏼	couple with heart: woman, man, medium-dark skin tone, medium-light skin tone
Personnes et corps	👩🏾‍❤️‍👨🏽	couple with heart: woman, man, medium-dark skin tone, medium skin tone
Personnes et corps	👩🏾‍❤️‍👨🏾	couple with heart: woman, man, medium-dark skin tone
Personnes et corps	👩🏾‍❤️‍👨🏿	couple with heart: woman, man, medium-dark skin tone, dark skin tone
Personnes et corps	👩🏿‍❤️‍👨🏻	couple with heart: woman, man, dark skin tone, light skin tone
Personnes et corps	👩🏿‍❤️‍👨🏼	couple with heart: woman, man, dark skin tone, medium-light skin tone
Personnes et corps	👩🏿‍❤️‍👨🏽	couple with heart: woman, man, dark skin tone, medium skin tone
Personnes et corps	👩🏿‍❤️‍👨🏾	couple with heart: woman, man, dark skin tone, medium-dark skin tone
Personnes et corps	👩🏿‍❤️‍👨🏿	couple with heart: woman, man, dark skin tone
Personnes et corps	👨‍❤️‍👨	couple with heart: man, man
Personnes et corps	👨🏻‍❤️‍👨🏻	couple with heart: man, man, light skin tone
Personnes et corps	👨🏻‍❤️‍👨🏼	couple with heart: man, man, light skin tone, medium-light skin tone
Personnes et corps	👨🏻‍❤️‍👨🏽	couple with heart: man, man, light skin tone, medium skin tone
Personnes et corps	👨🏻‍❤️‍👨🏾	couple with heart: man, man, light skin tone, medium-dark skin tone
Personnes et corps	👨🏻‍❤️‍👨🏿	couple with heart: man, man, light skin tone, dark skin tone
Personnes et corps	👨🏼‍❤️‍👨🏻	couple with heart: man, man, medium-light skin tone, light skin tone
Personnes et corps	👨🏼‍❤️‍👨🏼	couple with heart: man, man, medium-light skin tone
Personnes et corps	👨🏼‍❤️‍👨🏽	couple with heart: man, man, medium-light skin tone, medium skin tone
Personnes et corps	👨🏼‍❤️‍👨🏾	couple with heart: man, man, medium-light skin tone, medium-dark skin tone
Personnes et corps	👨🏼‍❤️‍👨🏿	couple with heart: man, man, medium-light skin tone, dark skin tone
Personnes et corps	👨🏽‍❤️‍👨🏻	couple with heart: man, man, medium skin tone, light skin tone
Personnes et corps	👨🏽‍❤️‍👨🏼	couple with heart: man, man, medium skin tone, medium-light skin tone
Personnes et corps	👨🏽‍❤️‍👨🏽	couple with heart: man, man, medium skin tone
Personnes et corps	👨🏽‍❤️‍👨🏾	couple with heart: man, man, medium skin tone, medium-dark skin tone
Personnes et corps	👨🏽‍❤️‍👨🏿	couple with heart: man, man, medium skin tone, dark skin tone
Personnes et corps	👨🏾‍❤️‍👨🏻	couple with heart: man, man, medium-dark skin tone, light skin tone
Personnes et corps	👨🏾‍❤️‍👨🏼	couple with heart: man, man, medium-dark skin tone, medium-light skin tone
Personnes et corps	👨🏾‍❤️‍👨🏽	couple with heart: man, man, medium-dark skin tone, medium skin tone
Personnes et corps	👨🏾‍❤️‍👨🏾	couple with heart: man, man, medium-dark skin tone
Personnes et corps	👨🏾‍❤️‍👨🏿	couple with heart: man, man, medium-dark skin tone, dark skin tone
Personnes et corps	👨🏿‍❤️‍👨🏻	couple with heart: man, man, dark skin tone, light skin tone
Personnes et corps	👨🏿‍❤️‍👨🏼	couple with heart: man, man, dark skin tone, medium-light skin tone
Personnes et corps	👨🏿‍❤️‍👨🏽	couple with heart: man, man, dark skin tone, medium skin tone
Personnes et corps	👨🏿‍❤️‍👨🏾	couple with heart: man, man, dark skin tone, medium-dark skin tone
Personnes et corps	👨🏿‍❤️‍👨🏿	couple with heart: man, man, dark skin tone
Personnes et corps	👩‍❤️‍👩	couple with heart: woman, woman
Personnes et corps	👩🏻‍❤️‍👩🏻	couple with heart: woman, woman, light skin tone
Personnes et corps	👩🏻‍❤️‍👩🏼	couple with heart: woman, woman, light skin tone, medium-light skin tone
Personnes et corps	👩🏻‍❤️‍👩🏽	couple with heart: woman, woman, light skin tone, medium skin tone
Personnes et corps	👩🏻‍❤️‍👩🏾	couple with heart: woman, woman, light skin tone, medium-dark skin tone
Personnes et corps	👩🏻‍❤️‍👩🏿	couple with heart: woman, woman, light skin tone, dark skin tone
Personnes et corps	👩🏼‍❤️‍👩🏻	couple with heart: woman, woman, medium-light skin tone, light skin tone
Personnes et corps	👩🏼‍❤️‍👩🏼	couple with heart: woman, woman, medium-light skin tone
Personnes et corps	👩🏼‍❤️‍👩🏽	couple with heart: woman, woman, medium-light skin tone, medium skin tone
Personnes et corps	👩🏼‍❤️‍👩🏾	couple with heart: woman, woman, medium-light skin tone, medium-dark skin tone
Personnes et corps	👩🏼‍❤️‍👩🏿	couple with heart: woman, woman, medium-light skin tone, dark skin tone
Personnes et corps	👩🏽‍❤️‍👩🏻	couple with heart: woman, woman, medium skin tone, light skin tone
Personnes et corps	👩🏽‍❤️‍👩🏼	couple with heart: woman, woman, medium skin tone, medium-light skin tone
Personnes et corps	👩🏽‍❤️‍👩🏽	couple with heart: woman, woman, medium skin tone
Personnes et corps	👩🏽‍❤️‍👩🏾	couple with heart: woman, woman, medium skin tone, medium-dark skin tone
Personnes et corps	👩🏽‍❤️‍👩🏿	couple with heart: woman, woman, medium skin tone, dark skin tone
Personnes et corps	👩🏾‍❤️‍👩🏻	couple with heart: woman, woman, medium-dark skin tone, light skin tone
Personnes et corps	👩🏾‍❤️‍👩🏼	couple with heart: woman, woman, medium-dark skin tone, medium-light skin tone
Personnes et corps	👩🏾‍❤️‍👩🏽	couple with heart: woman, woman, medium-dark skin tone, medium skin tone
Personnes et corps	👩🏾‍❤️‍👩🏾	couple with heart: woman, woman, medium-dark skin tone
Personnes et corps	👩🏾‍❤️‍👩🏿	couple with heart: woman, woman, medium-dark skin tone, dark skin tone
Personnes et corps	👩🏿‍❤️‍👩🏻	couple with heart: woman, woman, dark skin tone, light skin tone
Personnes et corps	👩🏿‍❤️‍👩🏼	couple with heart: woman, woman, dark skin tone, medium-light skin tone
Personnes et corps	👩🏿‍❤️‍👩🏽	couple with heart: woman, woman, dark skin tone, medium skin tone
Personnes et corps	👩🏿‍❤️‍👩🏾	couple with heart: woman, woman, dark skin tone, medium-dark skin tone
Personnes et corps	👩🏿‍❤️‍👩🏿	couple with heart: woman, woman, dark skin tone
Personnes et corps	👨‍👩‍👦	family: man, woman, boy
Personnes et corps	👨‍👩‍👧	family: man, woman, girl
Personnes et corps	👨‍👩‍👧‍👦	family: man, woman, girl, boy
Personnes et corps	👨‍👩‍👦‍👦	family: man, woman, boy, boy
Personnes et corps	👨‍👩‍👧‍👧	family: man, woman, girl, girl
Personnes et corps	👨‍👨‍👦	family: man, man, boy
Personnes et corps	👨‍👨‍👧	family: man, man, girl
Personnes et corps	👨‍👨‍👧‍👦	family: man, man, girl, boy
Personnes et corps	👨‍👨‍👦‍👦	family: man, man, boy, boy
Personnes et corps	👨‍👨‍👧‍👧	family: man, man, girl, girl
Personnes et corps	👩‍👩‍👦	family: woman, woman, boy
Personnes et corps	👩‍👩‍👧	family: woman, woman, girl
Personnes et corps	👩‍👩‍👧‍👦	family: woman, woman, girl, boy
Personnes et corps	👩‍👩‍👦‍👦	family: woman, woman, boy, boy
Personnes et corps	👩‍👩‍👧‍👧	family: woman, woman, girl, girl
Personnes et corps	👨‍👦	family: man, boy
Personnes et corps	👨‍👦‍👦	family: man, boy, boy
Personnes et corps	👨‍👧	family: man, girl
Personnes et corps	👨‍👧‍👦	family: man, girl, boy
Personnes et corps	👨‍👧‍👧	family: man, girl, girl
Personnes et corps	👩‍👦	family: woman, boy
Personnes et corps	👩‍👦‍👦	family: woman, boy, boy
Personnes et corps	👩‍👧	family: woman, girl
Personnes et corps	👩‍👧‍👦	family: woman, girl, boy
Personnes et corps	👩‍👧‍👧	family: woman, girl, girl
Personnes et corps	🗣️	speaking head
Personnes et corps	👤	bust in silhouette
Personnes et corps	👥	busts in silhouette
Personnes et corps	🫂	people hugging
Personnes et corps	👪	family
Personnes et corps	🧑‍🧑‍🧒	family: adult, adult, child
Personnes et corps	🧑‍🧑‍🧒‍🧒	family: adult, adult, child, child
Personnes et corps	🧑‍🧒	family: adult, child
Personnes et corps	🧑‍🧒‍🧒	family: adult, child, child
Personnes et corps	👣	footprints
Personnes et corps	🫆	fingerprint
Animaux et nature	🐵	monkey face
Animaux et nature	🐒	monkey
Animaux et nature	🦍	gorilla
Animaux et nature	🦧	orangutan
Animaux et nature	🐶	dog face
Animaux et nature	🐕	dog
Animaux et nature	🦮	guide dog
Animaux et nature	🐕‍🦺	service dog
Animaux et nature	🐩	poodle
Animaux et nature	🐺	wolf
Animaux et nature	🦊	fox
Animaux et nature	🦝	raccoon
Animaux et nature	🐱	cat face
Animaux et nature	🐈	cat
Animaux et nature	🐈‍⬛	black cat
Animaux et nature	🦁	lion
Animaux et nature	🐯	tiger face
Animaux et nature	🐅	tiger
Animaux et nature	🐆	leopard
Animaux et nature	🐴	horse face
Animaux et nature	🫎	moose
Animaux et nature	🫏	donkey
Animaux et nature	🐎	horse
Animaux et nature	🦄	unicorn
Animaux et nature	🦓	zebra
Animaux et nature	🦌	deer
Animaux et nature	🦬	bison
Animaux et nature	🐮	cow face
Animaux et nature	🐂	ox
Animaux et nature	🐃	water buffalo
Animaux et nature	🐄	cow
Animaux et nature	🐷	pig face
Animaux et nature	🐖	pig
Animaux et nature	🐗	boar
Animaux et nature	🐽	pig nose
Animaux et nature	🐏	ram
Animaux et nature	🐑	ewe
Animaux et nature	🐐	goat
Animaux et nature	🐪	camel
Animaux et nature	🐫	two-hump camel
Animaux et nature	🦙	llama
Animaux et nature	🦒	giraffe
Animaux et nature	🐘	elephant
Animaux et nature	🦣	mammoth
Animaux et nature	🦏	rhinoceros
Animaux et nature	🦛	hippopotamus
Animaux et nature	🐭	mouse face
Animaux et nature	🐁	mouse
Animaux et nature	🐀	rat
Animaux et nature	🐹	hamster
Animaux et nature	🐰	rabbit face
Animaux et nature	🐇	rabbit
Animaux et nature	🐿️	chipmunk
Animaux et nature	🦫	beaver
Animaux et nature	🦔	hedgehog
Animaux et nature	🦇	bat
Animaux et nature	🐻	bear
Animaux et nature	🐻‍❄️	polar bear
Animaux et nature	🐨	koala
Animaux et nature	🐼	panda
Animaux et nature	🦥	sloth
Animaux et nature	🦦	otter
Animaux et nature	🦨	skunk
Animaux et nature	🦘	kangaroo
Animaux et nature	🦡	badger
Animaux et nature	🐾	paw prints
Animaux et nature	🦃	turkey
Animaux et nature	🐔	chicken
Animaux et nature	🐓	rooster
Animaux et nature	🐣	hatching chick
Animaux et nature	🐤	baby chick
Animaux et nature	🐥	front-facing baby chick
Animaux et nature	🐦	bird
Animaux et nature	🐧	penguin
Animaux et nature	🕊️	dove
Animaux et nature	🦅	eagle
Animaux et nature	🦆	duck
Animaux et nature	🦢	swan
Animaux et nature	🦉	owl
Animaux et nature	🦤	dodo
Animaux et nature	🪶	feather
Animaux et nature	🦩	flamingo
Animaux et nature	🦚	peacock
Animaux et nature	🦜	parrot
Animaux et nature	🪽	wing
Animaux et nature	🐦‍⬛	black bird
Animaux et nature	🪿	goose
Animaux et nature	🐦‍🔥	phoenix
Animaux et nature	🐸	frog
Animaux et nature	🐊	crocodile
Animaux et nature	🐢	turtle
Animaux et nature	🦎	lizard
Animaux et nature	🐍	snake
Animaux et nature	🐲	dragon face
Animaux et nature	🐉	dragon
Animaux et nature	🦕	sauropod
Animaux et nature	🦖	T-Rex
Animaux et nature	🐳	spouting whale
Animaux et nature	🐋	whale
Animaux et nature	🐬	dolphin
Animaux et nature	🫍	orca
Animaux et nature	🦭	seal
Animaux et nature	🐟	fish
Animaux et nature	🐠	tropical fish
Animaux et nature	🐡	blowfish
Animaux et nature	🦈	shark
Animaux et nature	🐙	octopus
Animaux et nature	🐚	spiral shell
Animaux et nature	🪸	coral
Animaux et nature	🪼	jellyfish
Animaux et nature	🦀	crab
Animaux et nature	🦞	lobster
Animaux et nature	🦐	shrimp
Animaux et nature	🦑	squid
Animaux et nature	🦪	oyster
Animaux et nature	🐌	snail
Animaux et nature	🦋	butterfly
Animaux et nature	🐛	bug
Animaux et nature	🐜	ant
Animaux et nature	🐝	honeybee
Animaux et nature	🪲	beetle
Animaux et nature	🐞	lady beetle
Animaux et nature	🦗	cricket
Animaux et nature	🪳	cockroach
Animaux et nature	🕷️	spider
Animaux et nature	🕸️	spider web
Animaux et nature	🦂	scorpion
Animaux et nature	🦟	mosquito
Animaux et nature	🪰	fly
Animaux et nature	🪱	worm
Animaux et nature	🦠	microbe
Animaux et nature	💐	bouquet
Animaux et nature	🌸	cherry blossom
Animaux et nature	💮	white flower
Animaux et nature	🪷	lotus
Animaux et nature	🏵️	rosette
Animaux et nature	🌹	rose
Animaux et nature	🥀	wilted flower
Animaux et nature	🌺	hibiscus
Animaux et nature	🌻	sunflower
Animaux et nature	🌼	blossom
Animaux et nature	🌷	tulip
Animaux et nature	🪻	hyacinth
Animaux et nature	🌱	seedling
Animaux et nature	🪴	potted plant
Animaux et nature	🌲	evergreen tree
Animaux et nature	🌳	deciduous tree
Animaux et nature	🌴	palm tree
Animaux et nature	🌵	cactus
Animaux et nature	🌾	sheaf of rice
Animaux et nature	🌿	herb
Animaux et nature	☘️	shamrock
Animaux et nature	🍀	four leaf clover
Animaux et nature	🍁	maple leaf
Animaux et nature	🍂	fallen leaf
Animaux et nature	🍃	leaf fluttering in wind
Animaux et nature	🪹	empty nest
Animaux et nature	🪺	nest with eggs
Animaux et nature	🍄	mushroom
Animaux et nature	🪾	leafless tree
Aliments et boissons	🍇	grapes
Aliments et boissons	🍈	melon
Aliments et boissons	🍉	watermelon
Aliments et boissons	🍊	tangerine
Aliments et boissons	🍋	lemon
Aliments et boissons	🍋‍🟩	lime
Aliments et boissons	🍌	banana
Aliments et boissons	🍍	pineapple
Aliments et boissons	🥭	mango
Aliments et boissons	🍎	red apple
Aliments et boissons	🍏	green apple
Aliments et boissons	🍐	pear
Aliments et boissons	🍑	peach
Aliments et boissons	🍒	cherries
Aliments et boissons	🍓	strawberry
Aliments et boissons	🫐	blueberries
Aliments et boissons	🥝	kiwi fruit
Aliments et boissons	🍅	tomato
Aliments et boissons	🫒	olive
Aliments et boissons	🥥	coconut
Aliments et boissons	🥑	avocado
Aliments et boissons	🍆	eggplant
Aliments et boissons	🥔	potato
Aliments et boissons	🥕	carrot
Aliments et boissons	🌽	ear of corn
Aliments et boissons	🌶️	hot pepper
Aliments et boissons	🫑	bell pepper
Aliments et boissons	🥒	cucumber
Aliments et boissons	🥬	leafy green
Aliments et boissons	🥦	broccoli
Aliments et boissons	🧄	garlic
Aliments et boissons	🧅	onion
Aliments et boissons	🥜	peanuts
Aliments et boissons	🫘	beans
Aliments et boissons	🌰	chestnut
Aliments et boissons	🫚	ginger root
Aliments et boissons	🫛	pea pod
Aliments et boissons	🍄‍🟫	brown mushroom
Aliments et boissons	🫜	root vegetable
Aliments et boissons	🍞	bread
Aliments et boissons	🥐	croissant
Aliments et boissons	🥖	baguette bread
Aliments et boissons	🫓	flatbread
Aliments et boissons	🥨	pretzel
Aliments et boissons	🥯	bagel
Aliments et boissons	🥞	pancakes
Aliments et boissons	🧇	waffle
Aliments et boissons	🧀	cheese wedge
Aliments et boissons	🍖	meat on bone
Aliments et boissons	🍗	poultry leg
Aliments et boissons	🥩	cut of meat
Aliments et boissons	🥓	bacon
Aliments et boissons	🍔	hamburger
Aliments et boissons	🍟	french fries
Aliments et boissons	🍕	pizza
Aliments et boissons	🌭	hot dog
Aliments et boissons	🥪	sandwich
Aliments et boissons	🌮	taco
Aliments et boissons	🌯	burrito
Aliments et boissons	🫔	tamale
Aliments et boissons	🥙	stuffed flatbread
Aliments et boissons	🧆	falafel
Aliments et boissons	🥚	egg
Aliments et boissons	🍳	cooking
Aliments et boissons	🥘	shallow pan of food
Aliments et boissons	🍲	pot of food
Aliments et boissons	🫕	fondue
Aliments et boissons	🥣	bowl with spoon
Aliments et boissons	🥗	green salad
Aliments et boissons	🍿	popcorn
Aliments et boissons	🧈	butter
Aliments et boissons	🧂	salt
Aliments et boissons	🥫	canned food
Aliments et boissons	🍱	bento box
Aliments et boissons	🍘	rice cracker
Aliments et boissons	🍙	rice ball
Aliments et boissons	🍚	cooked rice
Aliments et boissons	🍛	curry rice
Aliments et boissons	🍜	steaming bowl
Aliments et boissons	🍝	spaghetti
Aliments et boissons	🍠	roasted sweet potato
Aliments et boissons	🍢	oden
Aliments et boissons	🍣	sushi
Aliments et boissons	🍤	fried shrimp
Aliments et boissons	🍥	fish cake with swirl
Aliments et boissons	🥮	moon cake
Aliments et boissons	🍡	dango
Aliments et boissons	🥟	dumpling
Aliments et boissons	🥠	fortune cookie
Aliments et boissons	🥡	takeout box
Aliments et boissons	🍦	soft ice cream
Aliments et boissons	🍧	shaved ice
Aliments et boissons	🍨	ice cream
Aliments et boissons	🍩	doughnut
Aliments et boissons	🍪	cookie
Aliments et boissons	🎂	birthday cake
Aliments et boissons	🍰	shortcake
Aliments et boissons	🧁	cupcake
Aliments et boissons	🥧	pie
Aliments et boissons	🍫	chocolate bar
Aliments et boissons	🍬	candy
Aliments et boissons	🍭	lollipop
Aliments et boissons	🍮	custard
Aliments et boissons	🍯	honey pot
Aliments et boissons	🍼	baby bottle
Aliments et boissons	🥛	glass of milk
Aliments et boissons	☕	hot beverage
Aliments et boissons	🫖	teapot
Aliments et boissons	🍵	teacup without handle
Aliments et boissons	🍶	sake
Aliments et boissons	🍾	bottle with popping cork
Aliments et boissons	🍷	wine glass
Aliments et boissons	🍸	cocktail glass
Aliments et boissons	🍹	tropical drink
Aliments et boissons	🍺	beer mug
Aliments et boissons	🍻	clinking beer mugs
Aliments et boissons	🥂	clinking glasses
Aliments et boissons	🥃	tumbler glass
Aliments et boissons	🫗	pouring liquid
Aliments et boissons	🥤	cup with straw
Aliments et boissons	🧋	bubble tea
Aliments et boissons	🧃	beverage box
Aliments et boissons	🧉	mate
Aliments et boissons	🧊	ice
Aliments et boissons	🥢	chopsticks
Aliments et boissons	🍽️	fork and knife with plate
Aliments et boissons	🍴	fork and knife
Aliments et boissons	🥄	spoon
Aliments et boissons	🔪	kitchen knife
Aliments et boissons	🫙	jar
Aliments et boissons	🏺	amphora
Voyages et lieux	🌍	globe showing Europe-Africa
Voyages et lieux	🌎	globe showing Americas
Voyages et lieux	🌏	globe showing Asia-Australia
Voyages et lieux	🌐	globe with meridians
Voyages et lieux	🗺️	world map
Voyages et lieux	🗾	map of Japan
Voyages et lieux	🧭	compass
Voyages et lieux	🏔️	snow-capped mountain
Voyages et lieux	⛰️	mountain
Voyages et lieux	🛘	landslide
Voyages et lieux	🌋	volcano
Voyages et lieux	🗻	mount fuji
Voyages et lieux	🏕️	camping
Voyages et lieux	🏖️	beach with umbrella
Voyages et lieux	🏜️	desert
Voyages et lieux	🏝️	desert island
Voyages et lieux	🏞️	national park
Voyages et lieux	🏟️	stadium
Voyages et lieux	🏛️	classical building
Voyages et lieux	🏗️	building construction
Voyages et lieux	🧱	brick
Voyages et lieux	🪨	rock
Voyages et lieux	🪵	wood
Voyages et lieux	🛖	hut
Voyages et lieux	🏘️	houses
Voyages et lieux	🏚️	derelict house
Voyages et lieux	🏠	house
Voyages et lieux	🏡	house with garden
Voyages et lieux	🏢	office building
Voyages et lieux	🏣	Japanese post office
Voyages et lieux	🏤	post office
Voyages et lieux	🏥	hospital
Voyages et lieux	🏦	bank
Voyages et lieux	🏨	hotel
Voyages et lieux	🏩	love hotel
Voyages et lieux	🏪	convenience store
Voyages et lieux	🏫	school
Voyages et lieux	🏬	department store
Voyages et lieux	🏭	factory
Voyages et lieux	🏯	Japanese castle
Voyages et lieux	🏰	castle
Voyages et lieux	💒	wedding
Voyages et lieux	🗼	Tokyo tower
Voyages et lieux	🗽	Statue of Liberty
Voyages et lieux	⛪	church
Voyages et lieux	🕌	mosque
Voyages et lieux	🛕	hindu temple
Voyages et lieux	🕍	synagogue
Voyages et lieux	⛩️	shinto shrine
Voyages et lieux	🕋	kaaba
Voyages et lieux	⛲	fountain
Voyages et lieux	⛺	tent
Voyages et lieux	🌁	foggy
Voyages et lieux	🌃	night with stars
Voyages et lieux	🏙️	cityscape
Voyages et lieux	🌄	sunrise over mountains
Voyages et lieux	🌅	sunrise
Voyages et lieux	🌆	cityscape at dusk
Voyages et lieux	🌇	sunset
Voyages et lieux	🌉	bridge at night
Voyages et lieux	♨️	hot springs
Voyages et lieux	🎠	carousel horse
Voyages et lieux	🛝	playground slide
Voyages et lieux	🎡	ferris wheel
Voyages et lieux	🎢	roller coaster
Voyages et lieux	💈	barber pole
Voyages et lieux	🎪	circus tent
Voyages et lieux	🚂	locomotive
Voyages et lieux	🚃	railway car
Voyages et lieux	🚄	high-speed train
Voyages et lieux	🚅	bullet train
Voyages et lieux	🚆	train
Voyages et lieux	🚇	metro
Voyages et lieux	🚈	light rail
Voyages et lieux	🚉	station
Voyages et lieux	🚊	tram
Voyages et lieux	🚝	monorail
Voyages et lieux	🚞	mountain railway
Voyages et lieux	🚋	tram car
Voyages et lieux	🚌	bus
Voyages et lieux	🚍	oncoming bus
Voyages et lieux	🚎	trolleybus
Voyages et lieux	🚐	minibus
Voyages et lieux	🚑	ambulance
Voyages et lieux	🚒	fire engine
Voyages et lieux	🚓	police car
Voyages et lieux	🚔	oncoming police car
Voyages et lieux	🚕	taxi
Voyages et lieux	🚖	oncoming taxi
Voyages et lieux	🚗	automobile
Voyages et lieux	🚘	oncoming automobile
Voyages et lieux	🚙	sport utility vehicle
Voyages et lieux	🛻	pickup truck
Voyages et lieux	🚚	delivery truck
Voyages et lieux	🚛	articulated lorry
Voyages et lieux	🚜	tractor
Voyages et lieux	🏎️	racing car
Voyages et lieux	🏍️	motorcycle
Voyages et lieux	🛵	motor scooter
Voyages et lieux	🦽	manual wheelchair
Voyages et lieux	🦼	motorized wheelchair
Voyages et lieux	🛺	auto rickshaw
Voyages et lieux	🚲	bicycle
Voyages et lieux	🛴	kick scooter
Voyages et lieux	🛹	skateboard
Voyages et lieux	🛼	roller skate
Voyages et lieux	🚏	bus stop
Voyages et lieux	🛣️	motorway
Voyages et lieux	🛤️	railway track
Voyages et lieux	🛢️	oil drum
Voyages et lieux	⛽	fuel pump
Voyages et lieux	🛞	wheel
Voyages et lieux	🚨	police car light
Voyages et lieux	🚥	horizontal traffic light
Voyages et lieux	🚦	vertical traffic light
Voyages et lieux	🛑	stop sign
Voyages et lieux	🚧	construction
Voyages et lieux	⚓	anchor
Voyages et lieux	🛟	ring buoy
Voyages et lieux	⛵	sailboat
Voyages et lieux	🛶	canoe
Voyages et lieux	🚤	speedboat
Voyages et lieux	🛳️	passenger ship
Voyages et lieux	⛴️	ferry
Voyages et lieux	🛥️	motor boat
Voyages et lieux	🚢	ship
Voyages et lieux	✈️	airplane
Voyages et lieux	🛩️	small airplane
Voyages et lieux	🛫	airplane departure
Voyages et lieux	🛬	airplane arrival
Voyages et lieux	🪂	parachute
Voyages et lieux	💺	seat
Voyages et lieux	🚁	helicopter
Voyages et lieux	🚟	suspension railway
Voyages et lieux	🚠	mountain cableway
Voyages et lieux	🚡	aerial tramway
Voyages et lieux	🛰️	satellite
Voyages et lieux	🚀	rocket
Voyages et lieux	🛸	flying saucer
Voyages et lieux	🛎️	bellhop bell
Voyages et lieux	🧳	luggage
Voyages et lieux	⌛	hourglass done
Voyages et lieux	⏳	hourglass not done
Voyages et lieux	⌚	watch
Voyages et lieux	⏰	alarm clock
Voyages et lieux	⏱️	stopwatch
Voyages et lieux	⏲️	timer clock
Voyages et lieux	🕰️	mantelpiece clock
Voyages et lieux	🕛	twelve o’clock
Voyages et lieux	🕧	twelve-thirty
Voyages et lieux	🕐	one o’clock
Voyages et lieux	🕜	one-thirty
Voyages et lieux	🕑	two o’clock
Voyages et lieux	🕝	two-thirty
Voyages et lieux	🕒	three o’clock
Voyages et lieux	🕞	three-thirty
Voyages et lieux	🕓	four o’clock
Voyages et lieux	🕟	four-thirty
Voyages et lieux	🕔	five o’clock
Voyages et lieux	🕠	five-thirty
Voyages et lieux	🕕	six o’clock
Voyages et lieux	🕡	six-thirty
Voyages et lieux	🕖	seven o’clock
Voyages et lieux	🕢	seven-thirty
Voyages et lieux	🕗	eight o’clock
Voyages et lieux	🕣	eight-thirty
Voyages et lieux	🕘	nine o’clock
Voyages et lieux	🕤	nine-thirty
Voyages et lieux	🕙	ten o’clock
Voyages et lieux	🕥	ten-thirty
Voyages et lieux	🕚	eleven o’clock
Voyages et lieux	🕦	eleven-thirty
Voyages et lieux	🌑	new moon
Voyages et lieux	🌒	waxing crescent moon
Voyages et lieux	🌓	first quarter moon
Voyages et lieux	🌔	waxing gibbous moon
Voyages et lieux	🌕	full moon
Voyages et lieux	🌖	waning gibbous moon
Voyages et lieux	🌗	last quarter moon
Voyages et lieux	🌘	waning crescent moon
Voyages et lieux	🌙	crescent moon
Voyages et lieux	🌚	new moon face
Voyages et lieux	🌛	first quarter moon face
Voyages et lieux	🌜	last quarter moon face
Voyages et lieux	🌡️	thermometer
Voyages et lieux	☀️	sun
Voyages et lieux	🌝	full moon face
Voyages et lieux	🌞	sun with face
Voyages et lieux	🪐	ringed planet
Voyages et lieux	⭐	star
Voyages et lieux	🌟	glowing star
Voyages et lieux	🌠	shooting star
Voyages et lieux	🌌	milky way
Voyages et lieux	☁️	cloud
Voyages et lieux	⛅	sun behind cloud
Voyages et lieux	⛈️	cloud with lightning and rain
Voyages et lieux	🌤️	sun behind small cloud
Voyages et lieux	🌥️	sun behind large cloud
Voyages et lieux	🌦️	sun behind rain cloud
Voyages et lieux	🌧️	cloud with rain
Voyages et lieux	🌨️	cloud with snow
Voyages et lieux	🌩️	cloud with lightning
Voyages et lieux	🌪️	tornado
Voyages et lieux	🌫️	fog
Voyages et lieux	🌬️	wind face
Voyages et lieux	🌀	cyclone
Voyages et lieux	🌈	rainbow
Voyages et lieux	🌂	closed umbrella
Voyages et lieux	☂️	umbrella
Voyages et lieux	☔	umbrella with rain drops
Voyages et lieux	⛱️	umbrella on ground
Voyages et lieux	⚡	high voltage
Voyages et lieux	❄️	snowflake
Voyages et lieux	☃️	snowman
Voyages et lieux	⛄	snowman without snow
Voyages et lieux	☄️	comet
Voyages et lieux	🔥	fire
Voyages et lieux	💧	droplet
Voyages et lieux	🌊	water wave
Activités	🎃	jack-o-lantern
Activités	🎄	Christmas tree
Activités	🎆	fireworks
Activités	🎇	sparkler
Activités	🧨	firecracker
Activités	✨	sparkles
Activités	🎈	balloon
Activités	🎉	party popper
Activités	🎊	confetti ball
Activités	🎋	tanabata tree
Activités	🎍	pine decoration
Activités	🎎	Japanese dolls
Activités	🎏	carp streamer
Activités	🎐	wind chime
Activités	🎑	moon viewing ceremony
Activités	🧧	red envelope
Activités	🎀	ribbon
Activités	🎁	wrapped gift
Activités	🎗️	reminder ribbon
Activités	🎟️	admission tickets
Activités	🎫	ticket
Activités	🎖️	military medal
Activités	🏆	trophy
Activités	🏅	sports medal
Activités	🥇	1st place medal
Activités	🥈	2nd place medal
Activités	🥉	3rd place medal
Activités	⚽	soccer ball
Activités	⚾	baseball
Activités	🥎	softball
Activités	🏀	basketball
Activités	🏐	volleyball
Activités	🏈	american football
Activités	🏉	rugby football
Activités	🎾	tennis
Activités	🥏	flying disc
Activités	🎳	bowling
Activités	🏏	cricket game
Activités	🏑	field hockey
Activités	🏒	ice hockey
Activités	🥍	lacrosse
Activités	🏓	ping pong
Activités	🏸	badminton
Activités	🥊	boxing glove
Activités	🥋	martial arts uniform
Activités	🥅	goal net
Activités	⛳	flag in hole
Activités	⛸️	ice skate
Activités	🎣	fishing pole
Activités	🤿	diving mask
Activités	🎽	running shirt
Activités	🎿	skis
Activités	🛷	sled
Activités	🥌	curling stone
Activités	🎯	bullseye
Activités	🪀	yo-yo
Activités	🪁	kite
Activités	🔫	water pistol
Activités	🎱	pool 8 ball
Activités	🔮	crystal ball
Activités	🪄	magic wand
Activités	🎮	video game
Activités	🕹️	joystick
Activités	🎰	slot machine
Activités	🎲	game die
Activités	🧩	puzzle piece
Activités	🧸	teddy bear
Activités	🪅	piñata
Activités	🪩	mirror ball
Activités	🪆	nesting dolls
Activités	♠️	spade suit
Activités	♥️	heart suit
Activités	♦️	diamond suit
Activités	♣️	club suit
Activités	♟️	chess pawn
Activités	🃏	joker
Activités	🀄	mahjong red dragon
Activités	🎴	flower playing cards
Activités	🎭	performing arts
Activités	🖼️	framed picture
Activités	🎨	artist palette
Activités	🧵	thread
Activités	🪡	sewing needle
Activités	🧶	yarn
Activités	🪢	knot
Objets	👓	glasses
Objets	🕶️	sunglasses
Objets	🥽	goggles
Objets	🥼	lab coat
Objets	🦺	safety vest
Objets	👔	necktie
Objets	👕	t-shirt
Objets	👖	jeans
Objets	🧣	scarf
Objets	🧤	gloves
Objets	🧥	coat
Objets	🧦	socks
Objets	👗	dress
Objets	👘	kimono
Objets	🥻	sari
Objets	🩱	one-piece swimsuit
Objets	🩲	briefs
Objets	🩳	shorts
Objets	👙	bikini
Objets	👚	woman’s clothes
Objets	🪭	folding hand fan
Objets	👛	purse
Objets	👜	handbag
Objets	👝	clutch bag
Objets	🛍️	shopping bags
Objets	🎒	backpack
Objets	🩴	thong sandal
Objets	👞	man’s shoe
Objets	👟	running shoe
Objets	🥾	hiking boot
Objets	🥿	flat shoe
Objets	👠	high-heeled shoe
Objets	👡	woman’s sandal
Objets	🩰	ballet shoes
Objets	👢	woman’s boot
Objets	🪮	hair pick
Objets	👑	crown
Objets	👒	woman’s hat
Objets	🎩	top hat
Objets	🎓	graduation cap
Objets	🧢	billed cap
Objets	🪖	military helmet
Objets	⛑️	rescue worker’s helmet
Objets	📿	prayer beads
Objets	💄	lipstick
Objets	💍	ring
Objets	💎	gem stone
Objets	🔇	muted speaker
Objets	🔈	speaker low volume
Objets	🔉	speaker medium volume
Objets	🔊	speaker high volume
Objets	📢	loudspeaker
Objets	📣	megaphone
Objets	📯	postal horn
Objets	🔔	bell
Objets	🔕	bell with slash
Objets	🎼	musical score
Objets	🎵	musical note
Objets	🎶	musical notes
Objets	🎙️	studio microphone
Objets	🎚️	level slider
Objets	🎛️	control knobs
Objets	🎤	microphone
Objets	🎧	headphone
Objets	📻	radio
Objets	🎷	saxophone
Objets	🎺	trumpet
Objets	🪊	trombone
Objets	🪗	accordion
Objets	🎸	guitar
Objets	🎹	musical keyboard
Objets	🎻	violin
Objets	🪕	banjo
Objets	🥁	drum
Objets	🪘	long drum
Objets	🪇	maracas
Objets	🪈	flute
Objets	🪉	harp
Objets	📱	mobile phone
Objets	📲	mobile phone with arrow
Objets	☎️	telephone
Objets	📞	telephone receiver
Objets	📟	pager
Objets	📠	fax machine
Objets	🔋	battery
Objets	🪫	low battery
Objets	🔌	electric plug
Objets	💻	laptop
Objets	🖥️	desktop computer
Objets	🖨️	printer
Objets	⌨️	keyboard
Objets	🖱️	computer mouse
Objets	🖲️	trackball
Objets	💽	computer disk
Objets	💾	floppy disk
Objets	💿	optical disk
Objets	📀	dvd
Objets	🧮	abacus
Objets	🎥	movie camera
Objets	🎞️	film frames
Objets	📽️	film projector
Objets	🎬	clapper board
Objets	📺	television
Objets	📷	camera
Objets	📸	camera with flash
Objets	📹	video camera
Objets	📼	videocassette
Objets	🔍	magnifying glass tilted left
Objets	🔎	magnifying glass tilted right
Objets	🕯️	candle
Objets	💡	light bulb
Objets	🔦	flashlight
Objets	🏮	red paper lantern
Objets	🪔	diya lamp
Objets	📔	notebook with decorative cover
Objets	📕	closed book
Objets	📖	open book
Objets	📗	green book
Objets	📘	blue book
Objets	📙	orange book
Objets	📚	books
Objets	📓	notebook
Objets	📒	ledger
Objets	📃	page with curl
Objets	📜	scroll
Objets	📄	page facing up
Objets	📰	newspaper
Objets	🗞️	rolled-up newspaper
Objets	📑	bookmark tabs
Objets	🔖	bookmark
Objets	🏷️	label
Objets	🪙	coin
Objets	💰	money bag
Objets	🪎	treasure chest
Objets	💴	yen banknote
Objets	💵	dollar banknote
Objets	💶	euro banknote
Objets	💷	pound banknote
Objets	💸	money with wings
Objets	💳	credit card
Objets	🧾	receipt
Objets	💹	chart increasing with yen
Objets	✉️	envelope
Objets	📧	e-mail
Objets	📨	incoming envelope
Objets	📩	envelope with arrow
Objets	📤	outbox tray
Objets	📥	inbox tray
Objets	📦	package
Objets	📫	closed mailbox with raised flag
Objets	📪	closed mailbox with lowered flag
Objets	📬	open mailbox with raised flag
Objets	📭	open mailbox with lowered flag
Objets	📮	postbox
Objets	🗳️	ballot box with ballot
Objets	✏️	pencil
Objets	✒️	black nib
Objets	🖋️	fountain pen
Objets	🖊️	pen
Objets	🖌️	paintbrush
Objets	🖍️	crayon
Objets	📝	memo
Objets	💼	briefcase
Objets	📁	file folder
Objets	📂	open file folder
Objets	🗂️	card index dividers
Objets	📅	calendar
Objets	📆	tear-off calendar
Objets	🗒️	spiral notepad
Objets	🗓️	spiral calendar
Objets	📇	card index
Objets	📈	chart increasing
Objets	📉	chart decreasing
Objets	📊	bar chart
Objets	📋	clipboard
Objets	📌	pushpin
Objets	📍	round pushpin
Objets	📎	paperclip
Objets	🖇️	linked paperclips
Objets	📏	straight ruler
Objets	📐	triangular ruler
Objets	✂️	scissors
Objets	🗃️	card file box
Objets	🗄️	file cabinet
Objets	🗑️	wastebasket
Objets	🔒	locked
Objets	🔓	unlocked
Objets	🔏	locked with pen
Objets	🔐	locked with key
Objets	🔑	key
Objets	🗝️	old key
Objets	🔨	hammer
Objets	🪓	axe
Objets	⛏️	pick
Objets	⚒️	hammer and pick
Objets	🛠️	hammer and wrench
Objets	🗡️	dagger
Objets	⚔️	crossed swords
Objets	💣	bomb
Objets	🪃	boomerang
Objets	🏹	bow and arrow
Objets	🛡️	shield
Objets	🪚	carpentry saw
Objets	🔧	wrench
Objets	🪛	screwdriver
Objets	🔩	nut and bolt
Objets	⚙️	gear
Objets	🗜️	clamp
Objets	⚖️	balance scale
Objets	🦯	white cane
Objets	🔗	link
Objets	⛓️‍💥	broken chain
Objets	⛓️	chains
Objets	🪝	hook
Objets	🧰	toolbox
Objets	🧲	magnet
Objets	🪜	ladder
Objets	🪏	shovel
Objets	⚗️	alembic
Objets	🧪	test tube
Objets	🧫	petri dish
Objets	🧬	dna
Objets	🔬	microscope
Objets	🔭	telescope
Objets	📡	satellite antenna
Objets	💉	syringe
Objets	🩸	drop of blood
Objets	💊	pill
Objets	🩹	adhesive bandage
Objets	🩼	crutch
Objets	🩺	stethoscope
Objets	🩻	x-ray
Objets	🚪	door
Objets	🛗	elevator
Objets	🪞	mirror
Objets	🪟	window
Objets	🛏️	bed
Objets	🛋️	couch and lamp
Objets	🪑	chair
Objets	🚽	toilet
Objets	🪠	plunger
Objets	🚿	shower
Objets	🛁	bathtub
Objets	🪤	mouse trap
Objets	🪒	razor
Objets	🧴	lotion bottle
Objets	🧷	safety pin
Objets	🧹	broom
Objets	🧺	basket
Objets	🧻	roll of paper
Objets	🪣	bucket
Objets	🧼	soap
Objets	🫧	bubbles
Objets	🪥	toothbrush
Objets	🧽	sponge
Objets	🧯	fire extinguisher
Objets	🛒	shopping cart
Objets	🚬	cigarette
Objets	⚰️	coffin
Objets	🪦	headstone
Objets	⚱️	funeral urn
Objets	🧿	nazar amulet
Objets	🪬	hamsa
Objets	🗿	moai
Objets	🪧	placard
Objets	🪪	identification card
Symboles	🏧	ATM sign
Symboles	🚮	litter in bin sign
Symboles	🚰	potable water
Symboles	♿	wheelchair symbol
Symboles	🚹	men’s room
Symboles	🚺	women’s room
Symboles	🚻	restroom
Symboles	🚼	baby symbol
Symboles	🚾	water closet
Symboles	🛂	passport control
Symboles	🛃	customs
Symboles	🛄	baggage claim
Symboles	🛅	left luggage
Symboles	⚠️	warning
Symboles	🚸	children crossing
Symboles	⛔	no entry
Symboles	🚫	prohibited
Symboles	🚳	no bicycles
Symboles	🚭	no smoking
Symboles	🚯	no littering
Symboles	🚱	non-potable water
Symboles	🚷	no pedestrians
Symboles	📵	no mobile phones
Symboles	🔞	no one under eighteen
Symboles	☢️	radioactive
Symboles	☣️	biohazard
Symboles	⬆️	up arrow
Symboles	↗️	up-right arrow
Symboles	➡️	right arrow
Symboles	↘️	down-right arrow
Symboles	⬇️	down arrow
Symboles	↙️	down-left arrow
Symboles	⬅️	left arrow
Symboles	↖️	up-left arrow
Symboles	↕️	up-down arrow
Symboles	↔️	left-right arrow
Symboles	↩️	right arrow curving left
Symboles	↪️	left arrow curving right
Symboles	⤴️	right arrow curving up
Symboles	⤵️	right arrow curving down
Symboles	🔃	clockwise vertical arrows
Symboles	🔄	counterclockwise arrows button
Symboles	🔙	BACK arrow
Symboles	🔚	END arrow
Symboles	🔛	ON! arrow
Symboles	🔜	SOON arrow
Symboles	🔝	TOP arrow
Symboles	🛐	place of worship
Symboles	⚛️	atom symbol
Symboles	🕉️	om
Symboles	✡️	star of David
Symboles	☸️	wheel of dharma
Symboles	☯️	yin yang
Symboles	✝️	latin cross
Symboles	☦️	orthodox cross
Symboles	☪️	star and crescent
Symboles	☮️	peace symbol
Symboles	🕎	menorah
Symboles	🔯	dotted six-pointed star
Symboles	🪯	khanda
Symboles	♈	Aries
Symboles	♉	Taurus
Symboles	♊	Gemini
Symboles	♋	Cancer
Symboles	♌	Leo
Symboles	♍	Virgo
Symboles	♎	Libra
Symboles	♏	Scorpio
Symboles	♐	Sagittarius
Symboles	♑	Capricorn
Symboles	♒	Aquarius
Symboles	♓	Pisces
Symboles	⛎	Ophiuchus
Symboles	🔀	shuffle tracks button
Symboles	🔁	repeat button
Symboles	🔂	repeat single button
Symboles	▶️	play button
Symboles	⏩	fast-forward button
Symboles	⏭️	next track button
Symboles	⏯️	play or pause button
Symboles	◀️	reverse button
Symboles	⏪	fast reverse button
Symboles	⏮️	last track button
Symboles	🔼	upwards button
Symboles	⏫	fast up button
Symboles	🔽	downwards button
Symboles	⏬	fast down button
Symboles	⏸️	pause button
Symboles	⏹️	stop button
Symboles	⏺️	record button
Symboles	⏏️	eject button
Symboles	🎦	cinema
Symboles	🔅	dim button
Symboles	🔆	bright button
Symboles	📶	antenna bars
Symboles	🛜	wireless
Symboles	📳	vibration mode
Symboles	📴	mobile phone off
Symboles	♀️	female sign
Symboles	♂️	male sign
Symboles	⚧️	transgender symbol
Symboles	✖️	multiply
Symboles	➕	plus
Symboles	➖	minus
Symboles	➗	divide
Symboles	🟰	heavy equals sign
Symboles	♾️	infinity
Symboles	‼️	double exclamation mark
Symboles	⁉️	exclamation question mark
Symboles	❓	red question mark
Symboles	❔	white question mark
Symboles	❕	white exclamation mark
Symboles	❗	red exclamation mark
Symboles	〰️	wavy dash
Symboles	💱	currency exchange
Symboles	💲	heavy dollar sign
Symboles	⚕️	medical symbol
Symboles	♻️	recycling symbol
Symboles	⚜️	fleur-de-lis
Symboles	🔱	trident emblem
Symboles	📛	name badge
Symboles	🔰	Japanese symbol for beginner
Symboles	⭕	hollow red circle
Symboles	✅	check mark button
Symboles	☑️	check box with check
Symboles	✔️	check mark
Symboles	❌	cross mark
Symboles	❎	cross mark button
Symboles	➰	curly loop
Symboles	➿	double curly loop
Symboles	〽️	part alternation mark
Symboles	✳️	eight-spoked asterisk
Symboles	✴️	eight-pointed star
Symboles	❇️	sparkle
Symboles	©️	copyright
Symboles	®️	registered
Symboles	™️	trade mark
Symboles	🫟	splatter
Symboles	#️⃣	keycap: #
Symboles	*️⃣	keycap: *
Symboles	0️⃣	keycap: 0
Symboles	1️⃣	keycap: 1
Symboles	2️⃣	keycap: 2
Symboles	3️⃣	keycap: 3
Symboles	4️⃣	keycap: 4
Symboles	5️⃣	keycap: 5
Symboles	6️⃣	keycap: 6
Symboles	7️⃣	keycap: 7
Symboles	8️⃣	keycap: 8
Symboles	9️⃣	keycap: 9
Symboles	🔟	keycap: 10
Symboles	🔠	input latin uppercase
Symboles	🔡	input latin lowercase
Symboles	🔢	input numbers
Symboles	🔣	input symbols
Symboles	🔤	input latin letters
Symboles	🅰️	A button (blood type)
Symboles	🆎	AB button (blood type)
Symboles	🅱️	B button (blood type)
Symboles	🆑	CL button
Symboles	🆒	COOL button
Symboles	🆓	FREE button
Symboles	ℹ️	information
Symboles	🆔	ID button
Symboles	Ⓜ️	circled M
Symboles	🆕	NEW button
Symboles	🆖	NG button
Symboles	🅾️	O button (blood type)
Symboles	🆗	OK button
Symboles	🅿️	P button
Symboles	🆘	SOS button
Symboles	🆙	UP! button
Symboles	🆚	VS button
Symboles	🈁	Japanese “here” button
Symboles	🈂️	Japanese “service charge” button
Symboles	🈷️	Japanese “monthly amount” button
Symboles	🈶	Japanese “not free of charge” button
Symboles	🈯	Japanese “reserved” button
Symboles	🉐	Japanese “bargain” button
Symboles	🈹	Japanese “discount” button
Symboles	🈚	Japanese “free of charge” button
Symboles	🈲	Japanese “prohibited” button
Symboles	🉑	Japanese “acceptable” button
Symboles	🈸	Japanese “application” button
Symboles	🈴	Japanese “passing grade” button
Symboles	🈳	Japanese “vacancy” button
Symboles	㊗️	Japanese “congratulations” button
Symboles	㊙️	Japanese “secret” button
Symboles	🈺	Japanese “open for business” button
Symboles	🈵	Japanese “no vacancy” button
Symboles	🔴	red circle
Symboles	🟠	orange circle
Symboles	🟡	yellow circle
Symboles	🟢	green circle
Symboles	🔵	blue circle
Symboles	🟣	purple circle
Symboles	🟤	brown circle
Symboles	⚫	black circle
Symboles	⚪	white circle
Symboles	🟥	red square
Symboles	🟧	orange square
Symboles	🟨	yellow square
Symboles	🟩	green square
Symboles	🟦	blue square
Symboles	🟪	purple square
Symboles	🟫	brown square
Symboles	⬛	black large square
Symboles	⬜	white large square
Symboles	◼️	black medium square
Symboles	◻️	white medium square
Symboles	◾	black medium-small square
Symboles	◽	white medium-small square
Symboles	▪️	black small square
Symboles	▫️	white small square
Symboles	🔶	large orange diamond
Symboles	🔷	large blue diamond
Symboles	🔸	small orange diamond
Symboles	🔹	small blue diamond
Symboles	🔺	red triangle pointed up
Symboles	🔻	red triangle pointed down
Symboles	💠	diamond with a dot
Symboles	🔘	radio button
Symboles	🔳	white square button
Symboles	🔲	black square button
Drapeaux	🏁	chequered flag
Drapeaux	🚩	triangular flag
Drapeaux	🎌	crossed flags
Drapeaux	🏴	black flag
Drapeaux	🏳️	white flag
Drapeaux	🏳️‍🌈	rainbow flag
Drapeaux	🏳️‍⚧️	transgender flag
Drapeaux	🏴‍☠️	pirate flag
Drapeaux	🇦🇨	flag: Ascension Island
Drapeaux	🇦🇩	flag: Andorra
Drapeaux	🇦🇪	flag: United Arab Emirates
Drapeaux	🇦🇫	flag: Afghanistan
Drapeaux	🇦🇬	flag: Antigua & Barbuda
Drapeaux	🇦🇮	flag: Anguilla
Drapeaux	🇦🇱	flag: Albania
Drapeaux	🇦🇲	flag: Armenia
Drapeaux	🇦🇴	flag: Angola
Drapeaux	🇦🇶	flag: Antarctica
Drapeaux	🇦🇷	flag: Argentina
Drapeaux	🇦🇸	flag: American Samoa
Drapeaux	🇦🇹	flag: Austria
Drapeaux	🇦🇺	flag: Australia
Drapeaux	🇦🇼	flag: Aruba
Drapeaux	🇦🇽	flag: Åland Islands
Drapeaux	🇦🇿	flag: Azerbaijan
Drapeaux	🇧🇦	flag: Bosnia & Herzegovina
Drapeaux	🇧🇧	flag: Barbados
Drapeaux	🇧🇩	flag: Bangladesh
Drapeaux	🇧🇪	flag: Belgium
Drapeaux	🇧🇫	flag: Burkina Faso
Drapeaux	🇧🇬	flag: Bulgaria
Drapeaux	🇧🇭	flag: Bahrain
Drapeaux	🇧🇮	flag: Burundi
Drapeaux	🇧🇯	flag: Benin
Drapeaux	🇧🇱	flag: St. Barthélemy
Drapeaux	🇧🇲	flag: Bermuda
Drapeaux	🇧🇳	flag: Brunei
Drapeaux	🇧🇴	flag: Bolivia
Drapeaux	🇧🇶	flag: Caribbean Netherlands
Drapeaux	🇧🇷	flag: Brazil
Drapeaux	🇧🇸	flag: Bahamas
Drapeaux	🇧🇹	flag: Bhutan
Drapeaux	🇧🇻	flag: Bouvet Island
Drapeaux	🇧🇼	flag: Botswana
Drapeaux	🇧🇾	flag: Belarus
Drapeaux	🇧🇿	flag: Belize
Drapeaux	🇨🇦	flag: Canada
Drapeaux	🇨🇨	flag: Cocos (Keeling) Islands
Drapeaux	🇨🇩	flag: Congo - Kinshasa
Drapeaux	🇨🇫	flag: Central African Republic
Drapeaux	🇨🇬	flag: Congo - Brazzaville
Drapeaux	🇨🇭	flag: Switzerland
Drapeaux	🇨🇮	flag: Côte d’Ivoire
Drapeaux	🇨🇰	flag: Cook Islands
Drapeaux	🇨🇱	flag: Chile
Drapeaux	🇨🇲	flag: Cameroon
Drapeaux	🇨🇳	flag: China
Drapeaux	🇨🇴	flag: Colombia
Drapeaux	🇨🇵	flag: Clipperton Island
Drapeaux	🇨🇶	flag: Sark
Drapeaux	🇨🇷	flag: Costa Rica
Drapeaux	🇨🇺	flag: Cuba
Drapeaux	🇨🇻	flag: Cape Verde
Drapeaux	🇨🇼	flag: Curaçao
Drapeaux	🇨🇽	flag: Christmas Island
Drapeaux	🇨🇾	flag: Cyprus
Drapeaux	🇨🇿	flag: Czechia
Drapeaux	🇩🇪	flag: Germany
Drapeaux	🇩🇬	flag: Diego Garcia
Drapeaux	🇩🇯	flag: Djibouti
Drapeaux	🇩🇰	flag: Denmark
Drapeaux	🇩🇲	flag: Dominica
Drapeaux	🇩🇴	flag: Dominican Republic
Drapeaux	🇩🇿	flag: Algeria
Drapeaux	🇪🇦	flag: Ceuta & Melilla
Drapeaux	🇪🇨	flag: Ecuador
Drapeaux	🇪🇪	flag: Estonia
Drapeaux	🇪🇬	flag: Egypt
Drapeaux	🇪🇭	flag: Western Sahara
Drapeaux	🇪🇷	flag: Eritrea
Drapeaux	🇪🇸	flag: Spain
Drapeaux	🇪🇹	flag: Ethiopia
Drapeaux	🇪🇺	flag: European Union
Drapeaux	🇫🇮	flag: Finland
Drapeaux	🇫🇯	flag: Fiji
Drapeaux	🇫🇰	flag: Falkland Islands
Drapeaux	🇫🇲	flag: Micronesia
Drapeaux	🇫🇴	flag: Faroe Islands
Drapeaux	🇫🇷	flag: France
Drapeaux	🇬🇦	flag: Gabon
Drapeaux	🇬🇧	flag: United Kingdom
Drapeaux	🇬🇩	flag: Grenada
Drapeaux	🇬🇪	flag: Georgia
Drapeaux	🇬🇫	flag: French Guiana
Drapeaux	🇬🇬	flag: Guernsey
Drapeaux	🇬🇭	flag: Ghana
Drapeaux	🇬🇮	flag: Gibraltar
Drapeaux	🇬🇱	flag: Greenland
Drapeaux	🇬🇲	flag: Gambia
Drapeaux	🇬🇳	flag: Guinea
Drapeaux	🇬🇵	flag: Guadeloupe
Drapeaux	🇬🇶	flag: Equatorial Guinea
Drapeaux	🇬🇷	flag: Greece
Drapeaux	🇬🇸	flag: South Georgia & South Sandwich Islands
Drapeaux	🇬🇹	flag: Guatemala
Drapeaux	🇬🇺	flag: Guam
Drapeaux	🇬🇼	flag: Guinea-Bissau
Drapeaux	🇬🇾	flag: Guyana
Drapeaux	🇭🇰	flag: Hong Kong SAR China
Drapeaux	🇭🇲	flag: Heard & McDonald Islands
Drapeaux	🇭🇳	flag: Honduras
Drapeaux	🇭🇷	flag: Croatia
Drapeaux	🇭🇹	flag: Haiti
Drapeaux	🇭🇺	flag: Hungary
Drapeaux	🇮🇨	flag: Canary Islands
Drapeaux	🇮🇩	flag: Indonesia
Drapeaux	🇮🇪	flag: Ireland
Drapeaux	🇮🇱	flag: Israel
Drapeaux	🇮🇲	flag: Isle of Man
Drapeaux	🇮🇳	flag: India
Drapeaux	🇮🇴	flag: British Indian Ocean Territory
Drapeaux	🇮🇶	flag: Iraq
Drapeaux	🇮🇷	flag: Iran
Drapeaux	🇮🇸	flag: Iceland
Drapeaux	🇮🇹	flag: Italy
Drapeaux	🇯🇪	flag: Jersey
Drapeaux	🇯🇲	flag: Jamaica
Drapeaux	🇯🇴	flag: Jordan
Drapeaux	🇯🇵	flag: Japan
Drapeaux	🇰🇪	flag: Kenya
Drapeaux	🇰🇬	flag: Kyrgyzstan
Drapeaux	🇰🇭	flag: Cambodia
Drapeaux	🇰🇮	flag: Kiribati
Drapeaux	🇰🇲	flag: Comoros
Drapeaux	🇰🇳	flag: St. Kitts & Nevis
Drapeaux	🇰🇵	flag: North Korea
Drapeaux	🇰🇷	flag: South Korea
Drapeaux	🇰🇼	flag: Kuwait
Drapeaux	🇰🇾	flag: Cayman Islands
Drapeaux	🇰🇿	flag: Kazakhstan
Drapeaux	🇱🇦	flag: Laos
Drapeaux	🇱🇧	flag: Lebanon
Drapeaux	🇱🇨	flag: St. Lucia
Drapeaux	🇱🇮	flag: Liechtenstein
Drapeaux	🇱🇰	flag: Sri Lanka
Drapeaux	🇱🇷	flag: Liberia
Drapeaux	🇱🇸	flag: Lesotho
Drapeaux	🇱🇹	flag: Lithuania
Drapeaux	🇱🇺	flag: Luxembourg
Drapeaux	🇱🇻	flag: Latvia
Drapeaux	🇱🇾	flag: Libya
Drapeaux	🇲🇦	flag: Morocco
Drapeaux	🇲🇨	flag: Monaco
Drapeaux	🇲🇩	flag: Moldova
Drapeaux	🇲🇪	flag: Montenegro
Drapeaux	🇲🇫	flag: St. Martin
Drapeaux	🇲🇬	flag: Madagascar
Drapeaux	🇲🇭	flag: Marshall Islands
Drapeaux	🇲🇰	flag: North Macedonia
Drapeaux	🇲🇱	flag: Mali
Drapeaux	🇲🇲	flag: Myanmar (Burma)
Drapeaux	🇲🇳	flag: Mongolia
Drapeaux	🇲🇴	flag: Macao SAR China
Drapeaux	🇲🇵	flag: Northern Mariana Islands
Drapeaux	🇲🇶	flag: Martinique
Drapeaux	🇲🇷	flag: Mauritania
Drapeaux	🇲🇸	flag: Montserrat
Drapeaux	🇲🇹	flag: Malta
Drapeaux	🇲🇺	flag: Mauritius
Drapeaux	🇲🇻	flag: Maldives
Drapeaux	🇲🇼	flag: Malawi
Drapeaux	🇲🇽	flag: Mexico
Drapeaux	🇲🇾	flag: Malaysia
Drapeaux	🇲🇿	flag: Mozambique
Drapeaux	🇳🇦	flag: Namibia
Drapeaux	🇳🇨	flag: New Caledonia
Drapeaux	🇳🇪	flag: Niger
Drapeaux	🇳🇫	flag: Norfolk Island
Drapeaux	🇳🇬	flag: Nigeria
Drapeaux	🇳🇮	flag: Nicaragua
Drapeaux	🇳🇱	flag: Netherlands
Drapeaux	🇳🇴	flag: Norway
Drapeaux	🇳🇵	flag: Nepal
Drapeaux	🇳🇷	flag: Nauru
Drapeaux	🇳🇺	flag: Niue
Drapeaux	🇳🇿	flag: New Zealand
Drapeaux	🇴🇲	flag: Oman
Drapeaux	🇵🇦	flag: Panama
Drapeaux	🇵🇪	flag: Peru
Drapeaux	🇵🇫	flag: French Polynesia
Drapeaux	🇵🇬	flag: Papua New Guinea
Drapeaux	🇵🇭	flag: Philippines
Drapeaux	🇵🇰	flag: Pakistan
Drapeaux	🇵🇱	flag: Poland
Drapeaux	🇵🇲	flag: St. Pierre & Miquelon
Drapeaux	🇵🇳	flag: Pitcairn Islands
Drapeaux	🇵🇷	flag: Puerto Rico
Drapeaux	🇵🇸	flag: Palestinian Territories
Drapeaux	🇵🇹	flag: Portugal
Drapeaux	🇵🇼	flag: Palau
Drapeaux	🇵🇾	flag: Paraguay
Drapeaux	🇶🇦	flag: Qatar
Drapeaux	🇷🇪	flag: Réunion
Drapeaux	🇷🇴	flag: Romania
Drapeaux	🇷🇸	flag: Serbia
Drapeaux	🇷🇺	flag: Russia
Drapeaux	🇷🇼	flag: Rwanda
Drapeaux	🇸🇦	flag: Saudi Arabia
Drapeaux	🇸🇧	flag: Solomon Islands
Drapeaux	🇸🇨	flag: Seychelles
Drapeaux	🇸🇩	flag: Sudan
Drapeaux	🇸🇪	flag: Sweden
Drapeaux	🇸🇬	flag: Singapore
Drapeaux	🇸🇭	flag: St. Helena
Drapeaux	🇸🇮	flag: Slovenia
Drapeaux	🇸🇯	flag: Svalbard & Jan Mayen
Drapeaux	🇸🇰	flag: Slovakia
Drapeaux	🇸🇱	flag: Sierra Leone
Drapeaux	🇸🇲	flag: San Marino
Drapeaux	🇸🇳	flag: Senegal
Drapeaux	🇸🇴	flag: Somalia
Drapeaux	🇸🇷	flag: Suriname
Drapeaux	🇸🇸	flag: South Sudan
Drapeaux	🇸🇹	flag: São Tomé & Príncipe
Drapeaux	🇸🇻	flag: El Salvador
Drapeaux	🇸🇽	flag: Sint Maarten
Drapeaux	🇸🇾	flag: Syria
Drapeaux	🇸🇿	flag: Eswatini
Drapeaux	🇹🇦	flag: Tristan da Cunha
Drapeaux	🇹🇨	flag: Turks & Caicos Islands
Drapeaux	🇹🇩	flag: Chad
Drapeaux	🇹🇫	flag: French Southern Territories
Drapeaux	🇹🇬	flag: Togo
Drapeaux	🇹🇭	flag: Thailand
Drapeaux	🇹🇯	flag: Tajikistan
Drapeaux	🇹🇰	flag: Tokelau
Drapeaux	🇹🇱	flag: Timor-Leste
Drapeaux	🇹🇲	flag: Turkmenistan
Drapeaux	🇹🇳	flag: Tunisia
Drapeaux	🇹🇴	flag: Tonga
Drapeaux	🇹🇷	flag: Türkiye
Drapeaux	🇹🇹	flag: Trinidad & Tobago
Drapeaux	🇹🇻	flag: Tuvalu
Drapeaux	🇹🇼	flag: Taiwan
Drapeaux	🇹🇿	flag: Tanzania
Drapeaux	🇺🇦	flag: Ukraine
Drapeaux	🇺🇬	flag: Uganda
Drapeaux	🇺🇲	flag: U.S. Outlying Islands
Drapeaux	🇺🇳	flag: United Nations
Drapeaux	🇺🇸	flag: United States
Drapeaux	🇺🇾	flag: Uruguay
Drapeaux	🇺🇿	flag: Uzbekistan
Drapeaux	🇻🇦	flag: Vatican City
Drapeaux	🇻🇨	flag: St. Vincent & Grenadines
Drapeaux	🇻🇪	flag: Venezuela
Drapeaux	🇻🇬	flag: British Virgin Islands
Drapeaux	🇻🇮	flag: U.S. Virgin Islands
Drapeaux	🇻🇳	flag: Vietnam
Drapeaux	🇻🇺	flag: Vanuatu
Drapeaux	🇼🇫	flag: Wallis & Futuna
Drapeaux	🇼🇸	flag: Samoa
Drapeaux	🇽🇰	flag: Kosovo
Drapeaux	🇾🇪	flag: Yemen
Drapeaux	🇾🇹	flag: Mayotte
Drapeaux	🇿🇦	flag: South Africa
Drapeaux	🇿🇲	flag: Zambia
Drapeaux	🇿🇼	flag: Zimbabwe
Drapeaux	🏴󠁧󠁢󠁥󠁮󠁧󠁿	flag: England
Drapeaux	🏴󠁧󠁢󠁳󠁣󠁴󠁿	flag: Scotland
Drapeaux	🏴󠁧󠁢󠁷󠁬󠁳󠁿	flag: Wales
