😀	content | dents | grand sourire | heureux | joyeux | rire | sourire | super | visage | visage rieur | visage très souriant | émoticône
😃	content | dents | formidable | grand sourire | heureux | sourire | super | visage souriant avec de grands yeux | visage très souriant avec la bouche ouverte | émoticône
😄	content | grand sourire | heureux | joyeux | lol | mdr | rire | sourire | sourire mignon | visage avec la bouche ouverte et les yeux souriants | visage très souriant aux yeux rieurs | émoticône
😁	content | dents | grand sourire | heureux | sourire | sourire de toutes ses dents | super | visage | visage souriant aux yeux rieurs | visage souriant avec yeux souriants | yeux souriants | émoticône
😆	ahah | bouche | content | lol | mdr | rire | sourire | visage | visage souriant avec bouche ouverte et yeux fermés | visage souriant avec yeux plissés | émoticône
😅	excité | froid | goutte | sourire | sourire nerveux | stressé | sueur | sueurs froides | visage souriant avec une goutte de sueur | émoticône
🤣	content | drôle | hilare | joyeux | larmes | lol | mdr | pleurer de rire | rire | rire aux larmes | se rouler par terre | se rouler par terre de rire | se tordre de rire | visage | visage qui rit aux larmes | émoticône
😂	content | heureux | joie | larmes | lol | mdr | pleurer de joie | pleurer de rire | rire aux larmes | sourire | visage riant aux larmes | émoticône
🙂	content | heureux | léger sourire | sourire | visage avec un léger sourire | visage souriant | émoticône
🙃	incroyable | renversée | tête | tête à l’envers | visage | émoticône
🫠	disparaître | fondre | gêne | liquide | liquéfié | sarcasme | se dissoudre | visage qui fond
😉	blague | clin d’œil | flirter | plaisanter | sexy | visage | visage faisant un clin d’œil | émoticône
😊	content | heureux | rougir | satisfait | sourire | visage | visage qui rougit | visage souriant avec yeux rieurs | visage souriant avec yeux souriants | yeux | émoticône | œil
😇	Bible | ange | angélique | auréole | béni | heureux | innocent | paix | sourire | spirituel | visage souriant avec auréole | émoticône
🥰	Je t’aime | adorer | aimer | amour | béguin | coeur | cœurs | j’adore | smiley avec 3 coeurs | sourire | visage souriant avec cœurs
😍	amour | amoureux | cœur | romantique | sourire | visage | visage souriant avec yeux en forme de cœur | yeux | émoticône | œil
🤩	grand sourire | heureux | pressé | surexcité | tête avec étoiles | visage | visage avec des étoiles à la place des yeux | wow | yeux | étoile | étoiles dans les yeux
😘	amour | baiser | bise | bisou et cœur | bonjour | bonne nuit | cœur | embrasser | je t’aime | visage envoyant un bisou | visage qui fait une bise avec un cœur | émoticône
😗	amour | baiser | bise | bisou | embrasser | je t’aime | petit bisou | visage faisant un bisou | visage qui fait une bise | émoticône
☺️	content | décontracté | détendu | heureux | sourire | visage souriant | visage souriant avec les yeux fermés | émoticône
😚	baiser | bise | bisou | bisou les yeux fermés | embrasser | rougir | visage faisant un bisou avec les yeux fermés | visage qui fait une bise avec les yeux fermés | visage rougissant | yeux fermés | émoticône
😙	amour | baiser | bise | bisou | embrasser | gros bisou | je t’aime | sourire | visage aux yeux rieurs faisant un bisou | visage aux yeux souriants qui fait une bise | yeux fermés | émoticône
🥲	fier | heureux | larme | reconnaissant | smiley | soulagé | souriant | touché | visage souriant avec une larme | ému
😋	bon | content | délicieux | faim | heureux | langue | manger | miam | savourer | sourire | visage souriant qui tire la langue | émoticône
😛	cool | génial | langue | super | visage | visage qui tire la langue | émoticône
😜	amusant | blague | clin d’œil | fou | langue | loufoque | marrant | rigolo | visage | visage qui tire la langue et fait un clin d’œil | émoticône | œil
🤪	grand | large | oeil | petit | tête de fou | tête folle | yeux | yeux fous | œil
😝	dégoûtant | goût | horrible | langue | omd | on ne vit qu’une fois | peu importe | visage qui tire la langue et ferme les yeux | visage qui tire la langue les yeux plissés | yeux fermés | émoticône | œil
🤑	argent | argent dans les yeux et la bouche | bouche | dollars | yeux | émoticône
🤗	câlin | gentil | mains | visage | visage qui fait un câlin | émoticône
🤭	malin | oops | oups | rigole | secret | surprise | visage avec main devant la bouche | visage avec une main sur la bouche
🫢	choqué | embarrassé | gêné | impressionné | stupéfait | surpris | visage avec yeux ouverts et main sur la bouche | étonné
🫣	captivé | effrayé | fasciné | jeter un coup d’œil | regarder fixement | se cacher | timide | visage qui regarde entre ses doigts
🤫	chut | pas un bruit | silence | tête qui dit chut | visage avec un doigt sur la bouche
🤔	hum | méditer | penser | réflexion | réfléchir | visage | visage en pleine réflexion | émoticône
🫡	OK | armée | bonne chance | compris | oui | respect | salut | visage qui fait un salut militaire
🤐	bouche | bouche cousue | fermeture éclair | motus | se taire | secret | visage | visage avec bouche cousue | visage avec bouche fermeture éclair | émoticône
🤨	euh | hein | incrédule | méfiant | pas vrai | quoi | sceptique | surprise | tête avec sourcil levé | visage avec les sourcils relevés
😐	gêné | neutre | ni chaud ni froid | pas drôle | peu importe | rester de marbre | sans commentaires | sans rire | visage neutre | visage sans expression | émoticône
😑	inexpressif | mécontent | neutre | peu importe | sans expression | visage | visage sans expression | émoticône
😶	muet | ne rien dire | neutre | sans commentaires | sans expression | sans voix | se taire | secret | silence | sourdine | visage sans bouche | émoticône
🫥	disparaître | déprimé | introverti | invisible | se cacher | visage en pointillés
😶‍🌫️	brouillard | dans les nuages | distrait | visage dans le brouillard | visage dans les nuages
😏	arrogant | charmeur | malin | ricaner | rusé | sourire | sourire suffisant | suspicieux | séducteur | visage avec un sourire malin | visage avec un sourire suffisant | émoticône
😒	bizarre | blasé | fâché | jaloux | pas content | peu importe | visage | visage blasé | visage qui s’ennuie | émoticône | énervé
🙄	agacé | excédé | incrédulité | roulement | visage qui lève les yeux au ciel | visage qui roule des yeux | visage roulant des yeux | yeux | émoticône
😬	dents | grimace | gêné | rien | sourire | visage | visage grimaçant | émoticône
😮‍💨	chuchoter | découragé | déçu | expiration | exténué | fatigué | siffler | souffler | soulagement | soupir | sursaut | visage expirant
🤥	mensonge | menteur | pinocchio | visage | visage de menteur | visage dont le nez s’allonge | émoticône
🫨	choc | fou | omg | ouah | panique | secoué | surprenant | tremblement | tremblement de terre | vibration | visage secoué | étourdi
🙂‍↔️	non | secouer | tête secouée horizontalement
🙂‍↕️	hochement de tête | oui | tête secouée verticalement
😌	calme | soulagement | sérénité | visage | visage soulagé | zen | émoticône
😔	abattu | déçu | horrible | mort | pensif | perdu | triste | visage | visage pensif | émoticône
😪	fatigué | larme | pleurer | sommeil | triste | visage | visage endormi | émoticône
🤤	baver | délicieux | mmh | visage | visage qui bave | émoticône
😴	bonne nuit | coucher | dormir | endormi | fatigué | sieste | sommeil | visage | visage somnolent | zzz | émoticône
🫩	ensommeilé | fatigué | sommeil | visage avec des valises sous les yeux | épuisé
😷	bactéries | dentiste | docteur | germes | malade | masque | masque chirurgical | médecin | rhume | visage avec masque | émoticône
🤒	indisposé | malade | thermomètre | visage | visage avec thermomètre
🤕	aïe | bandage | blessure | bobo | pansement | tête | tête avec un bandage | visage | visage avec bandage autour de la tête | émoticône
🤢	dégoûtant | malade | nausée | visage | visage nauséeux | visage vert qui a la nausée | vomir | écœuré | émoticône
🤮	gerbe | gerber | malade | tête qui vomit | visage qui vomit | vomi | vomissure
🤧	atchoum | fièvre | grippe | malade | mouchoir | rhume | se moucher | visage qui éternue | à tes souhaits | émoticône | éternuement | éternuer
🥵	chaleur | chaud | coup de chaleur | coup de chaud | fièvre | sue | suer | toute rouge | transpiration | trop chaud | visage rouge et chaud | visage tout rouge
🥶	bleu | froid | gel | gelure | gelé | glacial | glacé | glaçon | visage bleu | visage bleu et froid | ça caille
🥴	bouche ondulée | bourré | bourrée | dans les vapes | hébété | pas clair | pompette | rond | saoul | souler | tête qui tourne | visage éméché
😵	fatigué | malade | mort | tournis | visage | visage avec le tournis | visage étourdi | émoticône
😵‍💫	confusion | hagard | malade | nausée | ouh la la | tête qui tourne | visage aux yeux en spirales | étourdi
🤯	choc | choqué | surpris | surprise | tête choquée | tête qui explose
🤠	chapeau | cowboy | visage | visage avec chapeau de cowboy
🥳	anniversaire | chapeau pointu | célébration | fête | heureux | hourra | joyeux anniversaire | sifflet | visage de fête | visage festif | youpi | émoticône
🥸	déguisement | espion | faux nez | grimer | incognito | lunettes | moustache | postiche | smiley | sourcils ébouriffés | visage déguisé
😎	cool | lunettes de soleil | posé | tranquille | visage avec lunettes de soleil
🤓	doué | futé | geek | idiot | intelligent | lunettes | personne | premier de la classe | ringard | surdoué | tronche | visage de geek
🧐	classe | collet monté | fortune | monocle | riche | tête avec monocle | vieux jeu | visage avec un monocle
😕	confus | désolé | ennuyé | je ne sais pas | triste | visage | visage confus | émoticône
🫤	bof | confus | déçu | euh | frustration | incertain | sceptique | visage avec bouche en diagonale
😟	anxieux | inquiet | préoccupé | stressé | surpris | triste | visage | visage inquiet | émoticône
🙁	mécontent | triste | visage | visage légèrement mécontent | émoticône
☹️	malheureux | mécontent | triste | visage | visage mécontent | émoticône
😮	bouche bée | bouche ouverte | choqué | incroyable | omd | oubli | surpris | visage avec bouche ouverte | visage avec la bouche ouverte | visage étonné | émoticône | épaté
😯	incroyable | omd | sans voix | stupeur | stupéfait | surpris | visage | visage sans voix | visage à la bouche ouverte | visage ébahi | émoticône
😲	choc | choqué | impossible | incroyable | omd | stupéfait | visage | visage stupéfait | émoticône | étonné
😳	chaud | comment | gêné | impressionné | incroyable | incrédule | quoi | rouge | visage qui rougit | ébahi | émoticône | étonné
🫪	anxiété | bouffi | choc | gonflé | panique | surprise | visage déformé | vulnérabilité
🥺	embarrassé | excuse | gros yeux | pardon | pitié | supplication | supplie | s’il te plaît | visage implorant | yeux de chiens battus
🥹	admiration | fierté | gratitude | larmes de joie | pleurs | retenir ses larmes | triste | visage retenant ses larmes | ému
😦	bouche | déçu | effrayé | ouverte | peur | pris au dépourvu | surpris | visage | visage déçu avec bouche ouverte | visage mécontent avec bouche ouverte | émoticône
😧	angoisse | comment | hein | mécontent | oubli | peur | quoi | stressé | surpris | terrifié | visage angoissé | émoticône
😨	anxieux | apeuré | blême | effrayé | inquiet | peur | terrifié | visage | visage effrayé | émoticône
😰	aah | bleu | bouche bée | effrayé | froid | mince | nerveux | peur bleue | sueurs froides | terrifié | visage anxieux avec goutte de sueur | visage en sueur bouche ouverte | émoticône
😥	déçu | ouf | pfiou | soulagé | sueur | triste | visage déçu mais soulagé | visage triste mais soulagé | émoticône
😢	horrible | larme | larmes | malheureux | pleurer | triste | visage qui pleure | émoticône
😭	larme | larmes | malheureux | pleurer | pleurs | sangloter | triste | visage | visage qui pleure à chaudes larmes | émoticône
😱	Munch | choqué | cri | effrayé | omd | peur | surpris | terreur | visage | visage qui hurle de peur
😖	confus | déconcerté | frustré | fâché | irrité | triste | visage | visage déconcerté | yeux fermés | émoticône
😣	concentré | mal de tête | migraine | persévérant | visage | visage persévérant | émoticône
😞	abattu | affreux | découragé | déçu | malheureux | tort | triste | visage | visage déçu | émoticône
😓	froide | mal de tête | migraine | mince | ouf | peur | sueur | triste | visage | visage démoralisé avec goutte de sueur | visage et sueurs froides | émoticône
😩	faim | fatigué | mécontent | non | pleurer | sommeil | triste | visage | visage las | visage épuisé | échec | émoticône | épuisé
😫	contrarié | fatigue | mécontent | triste | visage | visage fatigué | émoticône
🥱	bâille | bâiller | dormir | ennui | fatigant | fatigue | sieste | visage bâillant | émoticône
😤	colère | fâché | mécontent | triomphe | victoire | visage | visage avec fumée sortant des narines | émoticône | énervé
😡	colère | exaspéré | furieux | fâché | mécontent | rageur | rouge | rouge de colère | sourcils froncés | visage boudeur | émoticône | énervé
😠	colère | exaspéré | frustré | fâché | mécontent | rageur | sourcils froncés | visage en colère | émoticône
🤬	censuré | colère | gros mots | insulter | insultes | jurer | juron | tête avec des symboles sur la bouche | visage avec des symboles dans la bouche
😈	cornes | fantastique | fâché | sourire | visage | visage souriant avec des cornes | émoticône
👿	diable | diablotin | démon | fantastique | malicieux | mauvais | visage | visage en colère avec des cornes | émoticône
💀	corps | crâne | dead | fantastique | je suis mort | mort | squelette | tête de mort | visage | yolo
☠️	crâne | mort | os | tête | tête de mort
💩	BD | bande dessinée | caca | crotte | dessin | excrément | odeur | popo | puer | sentir mauvais | tas de crotte | visage
🤡	clown | maquillage | visage | visage de clown | émoticône
👹	créature | effrayant | fantastique | japonais | masque | monstre | ogre
👺	colère | créature | fantastique | farfadet | japonais | masque | monstre | monstre japonais | méchant
👻	Halloween | blague | bouh | créature | effrayant | fantastique | fantôme | hanter | monstre | peur | visage | visage de fantôme
👽	alien | créature | espace | extraterrestre | monstre | ovni | science-fiction | visage | émoticône
👾	alien | créature | envahisseur | espace | extraterrestre | fantastique | jeu vidéo | monstre | monstre de l’espace | ovni | pixels
🤖	androïde | automate | machine | monstre | robot | visage | visage de robot
😺	animal | bouche ouverte | chat | chat qui sourit | sourire | visage
😸	animal | chat | chat avec un grand sourire | chat qui sourit avec des yeux rieurs | sourire | visage | yeux rieurs | yeux souriants
😹	animal | chat | chat qui pleure de joie | chat qui rit aux larmes | joie | larmes | lol | mdr | pleurer de rire | rire | rire aux larmes
😻	amour | amoureux | chat | chat souriant aux yeux en cœurs | chat souriant avec des coeurs dans les yeux | coeurs | coeurs dans les yeux | cœur | sourire | yeux
😼	animal | chat | chat avec sourire en coin | ironique | narquois | sourire en coin | sourire narquois | tête de chat | visage
😽	animal | baiser | bise | bisou | chat | chat qui embrasse | chat qui fait un bisou | chat qui fait une bise avec les yeux fermés | embrasser | tête de chat
🙀	animal | chat | chat fatigué | fatigue | inquiet | oh | surpris | tête de chat avec la bouche ouverte | visage
😿	animal | chat | chat qui pleure | larme | pleurer | triste | tête de chat | visage
😾	animal | bouder | chat | chat en colère | chat qui boude | colère | désaccord | ennui | tête de chat | visage
🙈	animal | caché | effrayé | embarras | geste | gêne | interdit | ne pas voir | non | omd | oubli | peur | rien vu rien entendu | secret | singe | singe ne rien voir | visage | voir | yeux
🙉	animal | geste | interdit | ne pas entendre | non | oreilles | rien vu rien entendu | secret | singe | singe ne rien entendre | sourd | visage | écouter
🙊	animal | bouche cousue | chut | geste | interdit | motus | muet | non | parler | se taire | secret | silence | singe | singe ne rien dire | visage
💌	Saint-Valentin | amour | cœur | lettre | lettre d’amour
💘	Cupidon | amour | coeur transpercé | cœur | cœur et flèche | flèche | sentiment
💝	Saint-Valentin | amour | anniversaire | cœur | cœur avec ruban | ruban | sentiment
💖	amour | cœur | cœur étincelant | sentiment | étincelles
💗	amour | cœur | cœur battant | cœur grandissant | cœur qui bat | pulsations | sentiment
💓	amour | cardio | cœur | cœur battant | cœur qui bat | pulsations | sentiment
💞	amour | anniversaire | cœurs | cœurs qui tournent | deux cœurs | sentiment | tourbillon
💕	amour | anniversaire | cœurs | deux cœurs | deux cœurs roses | petits cœurs | rendez-vous | sentiment
💟	amour | cœur | cœur blanc | cœur décoré | cœur violet | décoration avec cœur | sentiment
❣️	amour | cœur | cœur point d’exclamation | exclamation | ponctuation
💔	amour | cœur | cœur brisé | malheureux | sentiment | séparé | triste
❤️‍🔥	amour | cœur enflammé | désir | feu | passion
❤️‍🩹	cœur avec bandages | réconforter | réparer | soigner
❤️	amour | cœur | cœur rouge | sentiment
🩷	143 | adorable | aimer | amour | cœur | cœur rose | jtm | mignon | rose | émotion
🧡	coeur orange | cœur orange | orange
💛	amour | cœur | cœur jaune | sentiment
💚	amour | cœur | cœur vert | sentiment | vert
💙	amour | cœur | cœur bleu | sentiment
🩵	143 | aimer | amour | bleu ciel | bleu clair | cyan | cœur bleu clair | jtm | mignon | spécial | émotion
💜	amour | cœur | cœur violet | sentiment | violet
🤎	brun | cœur | cœur marron | marron
🖤	cœur | cœur noir | noir
🩶	143 | amour | ardoise | argent | argenté | cœur | cœur gris | gris | jtm | spécial | émotion
🤍	blanc | cœur | cœur blanc
💋	baiser | bise | bisou | bouche | embrasser | lèvres | rendez-vous | rouge | sexy | trace de rouge à lèvres
💯	100 | cent | cent points | score
💢	BD | bande dessinée | colère | dessin | furieux | symbole de colère
🫯	bagarre | combat | discussion | dispute | désaccord | grabuge | lutte | nuage de colère
💥	BD | bande dessinée | bombe | boum | collision | détonation | explosion | étincelles
💫	BD | bande dessinée | tournis | voir des étoiles | étincelles | étoile | étoile filante | étourdissement
💦	BD | bande dessinée | eau | effort | entraînement | gouttes | gouttes de sueur | sueur | éclabousser | éclaboussures
💨	BD | bande dessinée | décamper | déguerpir | détaler | filer | fumée | nuage | partir en courant | pet | vent | vite
🕳️	trou
💬	BD | SMS | bande dessinée | bulle | bulle de parole | dialogue | message | écrire
👁️‍🗨️	BD | bande dessinée | bulle de BD | témoin | voir | œil | œil dans une bulle de BD
🗨️	bulle | bulle de parole gauche | bulle à gauche | dialogue | gauche
🗯️	BD | bande dessinée | bulle | bulle colère droite | colère | crier | droite | hurler
💭	BD | bande dessinée | bulle | bulle de pensée | idée | imaginer | inventer | invention | penser | pensée | rêve | rêver
💤	BD | bande dessinée | bonne nuit | dormir | endormi | fatigué | ronfler | zzz
👋	au revoir | bonjour | bye | coucou | hello | il y a quelqu’un ? | main | main qui salue | salut | signe | signe de la main | à bientôt | à plus tard
👋🏻	au revoir | bonjour | bye | coucou | hello | il y a quelqu’un ? | main | main qui salue | peau claire | salut | signe | signe de la main | signe de la main : peau claire | à bientôt | à plus tard
👋🏼	au revoir | bonjour | bye | coucou | hello | il y a quelqu’un ? | main | main qui salue | peau moyennement claire | salut | signe | signe de la main | signe de la main : peau moyennement claire | à bientôt | à plus tard
👋🏽	au revoir | bonjour | bye | coucou | hello | il y a quelqu’un ? | main | main qui salue | peau légèrement mate | salut | signe | signe de la main | signe de la main : peau légèrement mate | à bientôt | à plus tard
👋🏾	au revoir | bonjour | bye | coucou | hello | il y a quelqu’un ? | main | main qui salue | peau mate | salut | signe | signe de la main | signe de la main : peau mate | à bientôt | à plus tard
👋🏿	au revoir | bonjour | bye | coucou | hello | il y a quelqu’un ? | main | main qui salue | peau foncée | salut | signe | signe de la main | signe de la main : peau foncée | à bientôt | à plus tard
🤚	dos de main levée | levée | main
🤚🏻	dos de main levée | dos de main levée : peau claire | levée | main | peau claire
🤚🏼	dos de main levée | dos de main levée : peau moyennement claire | levée | main | peau moyennement claire
🤚🏽	dos de main levée | dos de main levée : peau légèrement mate | levée | main | peau légèrement mate
🤚🏾	dos de main levée | dos de main levée : peau mate | levée | main | peau mate
🤚🏿	dos de main levée | dos de main levée : peau foncée | levée | main | peau foncée
🖐️	doigts | main | main levée doigts écartés | paume | stop
🖐🏻	doigts | main | main levée doigts écartés | main levée doigts écartés : peau claire | paume | peau claire | stop
🖐🏼	doigts | main | main levée doigts écartés | main levée doigts écartés : peau moyennement claire | paume | peau moyennement claire | stop
🖐🏽	doigts | main | main levée doigts écartés | main levée doigts écartés : peau légèrement mate | paume | peau légèrement mate | stop
🖐🏾	doigts | main | main levée doigts écartés | main levée doigts écartés : peau mate | paume | peau mate | stop
🖐🏿	doigts | main | main levée doigts écartés | main levée doigts écartés : peau foncée | paume | peau foncée | stop
✋	feuille | main | main levée | paume de la main | stop | tope là
✋🏻	feuille | main | main levée | main levée : peau claire | paume de la main | peau claire | stop | tope là
✋🏼	feuille | main | main levée | main levée : peau moyennement claire | paume de la main | peau moyennement claire | stop | tope là
✋🏽	feuille | main | main levée | main levée : peau légèrement mate | paume de la main | peau légèrement mate | stop | tope là
✋🏾	feuille | main | main levée | main levée : peau mate | paume de la main | peau mate | stop | tope là
✋🏿	feuille | main | main levée | main levée : peau foncée | paume de la main | peau foncée | stop | tope là
🖖	Spock | Star Trek | doigts | main | salut vulcain | vulcain
🖖🏻	Spock | Star Trek | doigts | main | peau claire | salut vulcain | salut vulcain : peau claire | vulcain
🖖🏼	Spock | Star Trek | doigts | main | peau moyennement claire | salut vulcain | salut vulcain : peau moyennement claire | vulcain
🖖🏽	Spock | Star Trek | doigts | main | peau légèrement mate | salut vulcain | salut vulcain : peau légèrement mate | vulcain
🖖🏾	Spock | Star Trek | doigts | main | peau mate | salut vulcain | salut vulcain : peau mate | vulcain
🖖🏿	Spock | Star Trek | doigts | main | peau foncée | salut vulcain | salut vulcain : peau foncée | vulcain
🫱	droite | main vers la droite | serrer la main | tenir la main | vers la droite
🫱🏻	droite | main vers la droite | main vers la droite : peau claire | peau claire | serrer la main | tenir la main | vers la droite
🫱🏼	droite | main vers la droite | main vers la droite : peau moyennement claire | peau moyennement claire | serrer la main | tenir la main | vers la droite
🫱🏽	droite | main vers la droite | main vers la droite : peau légèrement mate | peau légèrement mate | serrer la main | tenir la main | vers la droite
🫱🏾	droite | main vers la droite | main vers la droite : peau mate | peau mate | serrer la main | tenir la main | vers la droite
🫱🏿	droite | main vers la droite | main vers la droite : peau foncée | peau foncée | serrer la main | tenir la main | vers la droite
🫲	gauche | main vers la gauche | serrer la main | tenir la main | vers la gauche
🫲🏻	gauche | main vers la gauche | main vers la gauche : peau claire | peau claire | serrer la main | tenir la main | vers la gauche
🫲🏼	gauche | main vers la gauche | main vers la gauche : peau moyennement claire | peau moyennement claire | serrer la main | tenir la main | vers la gauche
🫲🏽	gauche | main vers la gauche | main vers la gauche : peau légèrement mate | peau légèrement mate | serrer la main | tenir la main | vers la gauche
🫲🏾	gauche | main vers la gauche | main vers la gauche : peau mate | peau mate | serrer la main | tenir la main | vers la gauche
🫲🏿	gauche | main vers la gauche | main vers la gauche : peau foncée | peau foncée | serrer la main | tenir la main | vers la gauche
🫳	chasser | choisir | faire partir | laisser tomber | main paume vers le bas | ouste | rejeter
🫳🏻	chasser | choisir | faire partir | laisser tomber | main paume vers le bas | main paume vers le bas : peau claire | ouste | peau claire | rejeter
🫳🏼	chasser | choisir | faire partir | laisser tomber | main paume vers le bas | main paume vers le bas : peau moyennement claire | ouste | peau moyennement claire | rejeter
🫳🏽	chasser | choisir | faire partir | laisser tomber | main paume vers le bas | main paume vers le bas : peau légèrement mate | ouste | peau légèrement mate | rejeter
🫳🏾	chasser | choisir | faire partir | laisser tomber | main paume vers le bas | main paume vers le bas : peau mate | ouste | peau mate | rejeter
🫳🏿	chasser | choisir | faire partir | laisser tomber | main paume vers le bas | main paume vers le bas : peau foncée | ouste | peau foncée | rejeter
🫴	appeler de la main | attirer | faire venir | main paume vers le haut | offre
🫴🏻	appeler de la main | attirer | faire venir | main paume vers le haut | main paume vers le haut : peau claire | offre | peau claire
🫴🏼	appeler de la main | attirer | faire venir | main paume vers le haut | main paume vers le haut : peau moyennement claire | offre | peau moyennement claire
🫴🏽	appeler de la main | attirer | faire venir | main paume vers le haut | main paume vers le haut : peau légèrement mate | offre | peau légèrement mate
🫴🏾	appeler de la main | attirer | faire venir | main paume vers le haut | main paume vers le haut : peau mate | offre | peau mate
🫴🏿	appeler de la main | attirer | faire venir | main paume vers le haut | main paume vers le haut : peau foncée | offre | peau foncée
🫷	arrêter | attendre | bloquer | gauche | halte | high five | main | main qui pousse vers la gauche | pousser | refuser | stop | tape m’en cinq | top là
🫷🏻	arrêter | attendre | bloquer | gauche | halte | high five | main | main qui pousse vers la gauche | main qui pousse vers la gauche : peau claire | peau claire | pousser | refuser | stop | tape m’en cinq | top là
🫷🏼	arrêter | attendre | bloquer | gauche | halte | high five | main | main qui pousse vers la gauche | main qui pousse vers la gauche : peau moyennement claire | peau moyennement claire | pousser | refuser | stop | tape m’en cinq | top là
🫷🏽	arrêter | attendre | bloquer | gauche | halte | high five | main | main qui pousse vers la gauche | main qui pousse vers la gauche : peau légèrement mate | peau légèrement mate | pousser | refuser | stop | tape m’en cinq | top là
🫷🏾	arrêter | attendre | bloquer | gauche | halte | high five | main | main qui pousse vers la gauche | main qui pousse vers la gauche : peau mate | peau mate | pousser | refuser | stop | tape m’en cinq | top là
🫷🏿	arrêter | attendre | bloquer | gauche | halte | high five | main | main qui pousse vers la gauche | main qui pousse vers la gauche : peau foncée | peau foncée | pousser | refuser | stop | tape m’en cinq | top là
🫸	arrêter | attendre | bloquer | droite | halte | high five | main | main qui pousse vers la droite | pousser | refuser | stop | tape m’en cinq | top là
🫸🏻	arrêter | attendre | bloquer | droite | halte | high five | main | main qui pousse vers la droite | main qui pousse vers la droite : peau claire | peau claire | pousser | refuser | stop | tape m’en cinq | top là
🫸🏼	arrêter | attendre | bloquer | droite | halte | high five | main | main qui pousse vers la droite | main qui pousse vers la droite : peau moyennement claire | peau moyennement claire | pousser | refuser | stop | tape m’en cinq | top là
🫸🏽	arrêter | attendre | bloquer | droite | halte | high five | main | main qui pousse vers la droite | main qui pousse vers la droite : peau légèrement mate | peau légèrement mate | pousser | refuser | stop | tape m’en cinq | top là
🫸🏾	arrêter | attendre | bloquer | droite | halte | high five | main | main qui pousse vers la droite | main qui pousse vers la droite : peau mate | peau mate | pousser | refuser | stop | tape m’en cinq | top là
🫸🏿	arrêter | attendre | bloquer | droite | halte | high five | main | main qui pousse vers la droite | main qui pousse vers la droite : peau foncée | peau foncée | pousser | refuser | stop | tape m’en cinq | top là
👌	OK | compris | d’accord | geste | main | nickel | ok | parfait | super | tout va bien
👌🏻	OK | compris | d’accord | geste | main | nickel | ok | ok : peau claire | parfait | peau claire | super | tout va bien
👌🏼	OK | compris | d’accord | geste | main | nickel | ok | ok : peau moyennement claire | parfait | peau moyennement claire | super | tout va bien
👌🏽	OK | compris | d’accord | geste | main | nickel | ok | ok : peau légèrement mate | parfait | peau légèrement mate | super | tout va bien
👌🏾	OK | compris | d’accord | geste | main | nickel | ok | ok : peau mate | parfait | peau mate | super | tout va bien
👌🏿	OK | compris | d’accord | geste | main | nickel | ok | ok : peau foncée | parfait | peau foncée | super | tout va bien
🤌	agacement | argumentation | bout des doigts joints | doigts | geste | interrogation | main | parler avec les mains | patience | silence !
🤌🏻	agacement | argumentation | bout des doigts joints | bout des doigts joints : peau claire | doigts | geste | interrogation | main | parler avec les mains | patience | peau claire | silence !
🤌🏼	agacement | argumentation | bout des doigts joints | bout des doigts joints : peau moyennement claire | doigts | geste | interrogation | main | parler avec les mains | patience | peau moyennement claire | silence !
🤌🏽	agacement | argumentation | bout des doigts joints | bout des doigts joints : peau légèrement mate | doigts | geste | interrogation | main | parler avec les mains | patience | peau légèrement mate | silence !
🤌🏾	agacement | argumentation | bout des doigts joints | bout des doigts joints : peau mate | doigts | geste | interrogation | main | parler avec les mains | patience | peau mate | silence !
🤌🏿	agacement | argumentation | bout des doigts joints | bout des doigts joints : peau foncée | doigts | geste | interrogation | main | parler avec les mains | patience | peau foncée | silence !
🤏	petit | petite | petite quantité | petite somme | peu | pouce et index rapprochés | un peu | à deux doigts
🤏🏻	peau claire | petit | petite | petite quantité | petite somme | peu | pouce et index rapprochés | pouce et index rapprochés : peau claire | un peu | à deux doigts
🤏🏼	peau moyennement claire | petit | petite | petite quantité | petite somme | peu | pouce et index rapprochés | pouce et index rapprochés : peau moyennement claire | un peu | à deux doigts
🤏🏽	peau légèrement mate | petit | petite | petite quantité | petite somme | peu | pouce et index rapprochés | pouce et index rapprochés : peau légèrement mate | un peu | à deux doigts
🤏🏾	peau mate | petit | petite | petite quantité | petite somme | peu | pouce et index rapprochés | pouce et index rapprochés : peau mate | un peu | à deux doigts
🤏🏿	peau foncée | petit | petite | petite quantité | petite somme | peu | pouce et index rapprochés | pouce et index rapprochés : peau foncée | un peu | à deux doigts
✌️	V de la victoire | ciseaux | doigts | main | paix et amour | peace and love | victoire
✌🏻	V de la victoire | V de la victoire : peau claire | ciseaux | doigts | main | paix et amour | peace and love | peau claire | victoire
✌🏼	V de la victoire | V de la victoire : peau moyennement claire | ciseaux | doigts | main | paix et amour | peace and love | peau moyennement claire | victoire
✌🏽	V de la victoire | V de la victoire : peau légèrement mate | ciseaux | doigts | main | paix et amour | peace and love | peau légèrement mate | victoire
✌🏾	V de la victoire | V de la victoire : peau mate | ciseaux | doigts | main | paix et amour | peace and love | peau mate | victoire
✌🏿	V de la victoire | V de la victoire : peau foncée | ciseaux | doigts | main | paix et amour | peace and love | peau foncée | victoire
🤞	bonne chance | chance | croisés | doigts | doigts croisés | main
🤞🏻	bonne chance | chance | croisés | doigts | doigts croisés : peau claire | main | peau claire
🤞🏼	bonne chance | chance | croisés | doigts | doigts croisés : peau moyennement claire | main | peau moyennement claire
🤞🏽	bonne chance | chance | croisés | doigts | doigts croisés : peau légèrement mate | main | peau légèrement mate
🤞🏾	bonne chance | chance | croisés | doigts | doigts croisés : peau mate | main | peau mate
🤞🏿	bonne chance | chance | croisés | doigts | doigts croisés : peau foncée | main | peau foncée
🫰	amour | argent | cher | claquer des doigts | cœur | main avec index et pouce croisés
🫰🏻	amour | argent | cher | claquer des doigts | cœur | main avec index et pouce croisés | main avec index et pouce croisés : peau claire | peau claire
🫰🏼	amour | argent | cher | claquer des doigts | cœur | main avec index et pouce croisés | main avec index et pouce croisés : peau moyennement claire | peau moyennement claire
🫰🏽	amour | argent | cher | claquer des doigts | cœur | main avec index et pouce croisés | main avec index et pouce croisés : peau légèrement mate | peau légèrement mate
🫰🏾	amour | argent | cher | claquer des doigts | cœur | main avec index et pouce croisés | main avec index et pouce croisés : peau mate | peau mate
🫰🏿	amour | argent | cher | claquer des doigts | cœur | main avec index et pouce croisés | main avec index et pouce croisés : peau foncée | peau foncée
🤟	ILY | amour | geste pour je t’aime | je t’aime | main | signe je t’aime | trois doigts
🤟🏻	ILY | amour | geste pour je t’aime | je t’aime | main | peau claire | signe je t’aime | signe je t’aime : peau claire | trois doigts
🤟🏼	ILY | amour | geste pour je t’aime | je t’aime | main | peau moyennement claire | signe je t’aime | signe je t’aime : peau moyennement claire | trois doigts
🤟🏽	ILY | amour | geste pour je t’aime | je t’aime | main | peau légèrement mate | signe je t’aime | signe je t’aime : peau légèrement mate | trois doigts
🤟🏾	ILY | amour | geste pour je t’aime | je t’aime | main | peau mate | signe je t’aime | signe je t’aime : peau mate | trois doigts
🤟🏿	ILY | amour | geste pour je t’aime | je t’aime | main | peau foncée | signe je t’aime | signe je t’aime : peau foncée | trois doigts
🤘	cornes | cornes avec les doigts | cornes du diable | doigts | main | rock | rock’n roll | yeah
🤘🏻	cornes | cornes avec les doigts | cornes avec les doigts : peau claire | cornes du diable | doigts | main | peau claire | rock | rock’n roll | yeah
🤘🏼	cornes | cornes avec les doigts | cornes avec les doigts : peau moyennement claire | cornes du diable | doigts | main | peau moyennement claire | rock | rock’n roll | yeah
🤘🏽	cornes | cornes avec les doigts | cornes avec les doigts : peau légèrement mate | cornes du diable | doigts | main | peau légèrement mate | rock | rock’n roll | yeah
🤘🏾	cornes | cornes avec les doigts | cornes avec les doigts : peau mate | cornes du diable | doigts | main | peau mate | rock | rock’n roll | yeah
🤘🏿	cornes | cornes avec les doigts | cornes avec les doigts : peau foncée | cornes du diable | doigts | main | peau foncée | rock | rock’n roll | yeah
🤙	appel | main | signe | signe appel téléphonique avec les doigts | téléphone
🤙🏻	appel | main | peau claire | signe | signe appel téléphonique avec les doigts | signe appel téléphonique avec les doigts : peau claire | téléphone
🤙🏼	appel | main | peau moyennement claire | signe | signe appel téléphonique avec les doigts | signe appel téléphonique avec les doigts : peau moyennement claire | téléphone
🤙🏽	appel | main | peau légèrement mate | signe | signe appel téléphonique avec les doigts | signe appel téléphonique avec les doigts : peau légèrement mate | téléphone
🤙🏾	appel | main | peau mate | signe | signe appel téléphonique avec les doigts | signe appel téléphonique avec les doigts : peau mate | téléphone
🤙🏿	appel | main | peau foncée | signe | signe appel téléphonique avec les doigts | signe appel téléphonique avec les doigts : peau foncée | téléphone
👈	doigt | gauche | index | index pointé vers la gauche | main | main avec index pointant à gauche
👈🏻	doigt | gauche | index | index pointé vers la gauche | main | main avec index pointant à gauche | main avec index pointant à gauche : peau claire | peau claire
👈🏼	doigt | gauche | index | index pointé vers la gauche | main | main avec index pointant à gauche | main avec index pointant à gauche : peau moyennement claire | peau moyennement claire
👈🏽	doigt | gauche | index | index pointé vers la gauche | main | main avec index pointant à gauche | main avec index pointant à gauche : peau légèrement mate | peau légèrement mate
👈🏾	doigt | gauche | index | index pointé vers la gauche | main | main avec index pointant à gauche | main avec index pointant à gauche : peau mate | peau mate
👈🏿	doigt | gauche | index | index pointé vers la gauche | main | main avec index pointant à gauche | main avec index pointant à gauche : peau foncée | peau foncée
👉	doigt | droite | index | index pointé vers la droite | main | main avec index pointant à droite
👉🏻	doigt | droite | index | index pointé vers la droite | main | main avec index pointant à droite | main avec index pointant à droite : peau claire | peau claire
👉🏼	doigt | droite | index | index pointé vers la droite | main | main avec index pointant à droite | main avec index pointant à droite : peau moyennement claire | peau moyennement claire
👉🏽	doigt | droite | index | index pointé vers la droite | main | main avec index pointant à droite | main avec index pointant à droite : peau légèrement mate | peau légèrement mate
👉🏾	doigt | droite | index | index pointé vers la droite | main | main avec index pointant à droite | main avec index pointant à droite : peau mate | peau mate
👉🏿	doigt | droite | index | index pointé vers la droite | main | main avec index pointant à droite | main avec index pointant à droite : peau foncée | peau foncée
👆	doigt | haut | index | index vers le haut | main | main avec index pointant vers le haut | montrer
👆🏻	doigt | haut | index | index vers le haut | main | main avec index pointant vers le haut | main avec index pointant vers le haut : peau claire | montrer | peau claire
👆🏼	doigt | haut | index | index vers le haut | main | main avec index pointant vers le haut | main avec index pointant vers le haut : peau moyennement claire | montrer | peau moyennement claire
👆🏽	doigt | haut | index | index vers le haut | main | main avec index pointant vers le haut | main avec index pointant vers le haut : peau légèrement mate | montrer | peau légèrement mate
👆🏾	doigt | haut | index | index vers le haut | main | main avec index pointant vers le haut | main avec index pointant vers le haut : peau mate | montrer | peau mate
👆🏿	doigt | haut | index | index vers le haut | main | main avec index pointant vers le haut | main avec index pointant vers le haut : peau foncée | montrer | peau foncée
🖕	doigt | doigt d’honneur | main | majeur
🖕🏻	doigt | doigt d’honneur | doigt d’honneur : peau claire | main | majeur | peau claire
🖕🏼	doigt | doigt d’honneur | doigt d’honneur : peau moyennement claire | main | majeur | peau moyennement claire
🖕🏽	doigt | doigt d’honneur | doigt d’honneur : peau légèrement mate | main | majeur | peau légèrement mate
🖕🏾	doigt | doigt d’honneur | doigt d’honneur : peau mate | main | majeur | peau mate
🖕🏿	doigt | doigt d’honneur | doigt d’honneur : peau foncée | main | majeur | peau foncée
👇	bas | doigt | index | index vers le bas | main | main avec index pointant vers le bas | montrer
👇🏻	bas | doigt | index | index vers le bas | main | main avec index pointant vers le bas | main avec index pointant vers le bas : peau claire | montrer | peau claire
👇🏼	bas | doigt | index | index vers le bas | main | main avec index pointant vers le bas | main avec index pointant vers le bas : peau moyennement claire | montrer | peau moyennement claire
👇🏽	bas | doigt | index | index vers le bas | main | main avec index pointant vers le bas | main avec index pointant vers le bas : peau légèrement mate | montrer | peau légèrement mate
👇🏾	bas | doigt | index | index vers le bas | main | main avec index pointant vers le bas | main avec index pointant vers le bas : peau mate | montrer | peau mate
👇🏿	bas | doigt | index | index vers le bas | main | main avec index pointant vers le bas | main avec index pointant vers le bas : peau foncée | montrer | peau foncée
☝️	doigt | haut | index | index pointant vers le haut | index pointé vers le haut | main | moi
☝🏻	doigt | haut | index | index pointant vers le haut | index pointant vers le haut : peau claire | index pointé vers le haut | main | moi | peau claire
☝🏼	doigt | haut | index | index pointant vers le haut | index pointant vers le haut : peau moyennement claire | index pointé vers le haut | main | moi | peau moyennement claire
☝🏽	doigt | haut | index | index pointant vers le haut | index pointant vers le haut : peau légèrement mate | index pointé vers le haut | main | moi | peau légèrement mate
☝🏾	doigt | haut | index | index pointant vers le haut | index pointant vers le haut : peau mate | index pointé vers le haut | main | moi | peau mate
☝🏿	doigt | haut | index | index pointant vers le haut | index pointant vers le haut : peau foncée | index pointé vers le haut | main | moi | peau foncée
🫵	index pointant vers l’utilisateur | pointer | toi
🫵🏻	index pointant vers l’utilisateur | index pointant vers l’utilisateur : peau claire | peau claire | pointer | toi
🫵🏼	index pointant vers l’utilisateur | index pointant vers l’utilisateur : peau moyennement claire | peau moyennement claire | pointer | toi
🫵🏽	index pointant vers l’utilisateur | index pointant vers l’utilisateur : peau légèrement mate | peau légèrement mate | pointer | toi
🫵🏾	index pointant vers l’utilisateur | index pointant vers l’utilisateur : peau mate | peau mate | pointer | toi
🫵🏿	index pointant vers l’utilisateur | index pointant vers l’utilisateur : peau foncée | peau foncée | pointer | toi
👍	OK | bien | compris | d’accord | génial | haut | main | moi aussi | oui | pouce levé | pouce vers le haut | super | top
👍🏻	+1 | OK | bien | compris | d’accord | génial | haut | oui | peau claire | pouce vers le haut : peau claire | super
👍🏼	+1 | OK | bien | compris | d’accord | génial | haut | oui | peau moyennement claire | pouce vers le haut : peau moyennement claire | super
👍🏽	+1 | OK | bien | compris | d’accord | génial | haut | oui | peau légèrement mate | pouce vers le haut : peau légèrement mate | super
👍🏾	+1 | OK | bien | compris | d’accord | génial | haut | oui | peau mate | pouce vers le haut : peau mate | super
👍🏿	+1 | OK | bien | compris | d’accord | génial | haut | oui | peau foncée | pouce vers le haut : peau foncée | super
👎	bas | main | mauvais | non | nul | pouce | pouce baissé | pouce vers le bas
👎🏻	bas | main | mauvais | non | nul | peau claire | pouce | pouce baissé | pouce vers le bas | pouce vers le bas : peau claire
👎🏼	bas | main | mauvais | non | nul | peau moyennement claire | pouce | pouce baissé | pouce vers le bas | pouce vers le bas : peau moyennement claire
👎🏽	bas | main | mauvais | non | nul | peau légèrement mate | pouce | pouce baissé | pouce vers le bas | pouce vers le bas : peau légèrement mate
👎🏾	bas | main | mauvais | non | nul | peau mate | pouce | pouce baissé | pouce vers le bas | pouce vers le bas : peau mate
👎🏿	bas | main | mauvais | non | nul | peau foncée | pouce | pouce baissé | pouce vers le bas | pouce vers le bas : peau foncée
✊	main | pierre | poing | poing levé | poing serré | solidarité
✊🏻	main | peau claire | pierre | poing | poing levé | poing levé : peau claire | poing serré | solidarité
✊🏼	main | peau moyennement claire | pierre | poing | poing levé | poing levé : peau moyennement claire | poing serré | solidarité
✊🏽	main | peau légèrement mate | pierre | poing | poing levé | poing levé : peau légèrement mate | poing serré | solidarité
✊🏾	main | peau mate | pierre | poing | poing levé | poing levé : peau mate | poing serré | solidarité
✊🏿	main | peau foncée | pierre | poing | poing levé | poing levé : peau foncée | poing serré | solidarité
👊	absolument | battre | boum | correct | coup de poing | d’accord | main | mon pote | poing | poing de face | serrer
👊🏻	absolument | battre | boum | correct | coup de poing | d’accord | main | mon pote | peau claire | poing | poing de face | poing de face : peau claire | serrer
👊🏼	absolument | battre | boum | correct | coup de poing | d’accord | main | mon pote | peau moyennement claire | poing | poing de face | poing de face : peau moyennement claire | serrer
👊🏽	absolument | battre | boum | correct | coup de poing | d’accord | main | mon pote | peau légèrement mate | poing | poing de face | poing de face : peau légèrement mate | serrer
👊🏾	absolument | battre | boum | correct | coup de poing | d’accord | main | mon pote | peau mate | poing | poing de face | poing de face : peau mate | serrer
👊🏿	absolument | battre | boum | correct | coup de poing | d’accord | main | mon pote | peau foncée | poing | poing de face | poing de face : peau foncée | serrer
🤛	fistbump | gauche | main | poing | poing à gauche
🤛🏻	fistbump | gauche | main | peau claire | poing | poing à gauche | poing à gauche : peau claire
🤛🏼	fistbump | gauche | main | peau moyennement claire | poing | poing à gauche | poing à gauche : peau moyennement claire
🤛🏽	fistbump | gauche | main | peau légèrement mate | poing | poing à gauche | poing à gauche : peau légèrement mate
🤛🏾	fistbump | gauche | main | peau mate | poing | poing à gauche | poing à gauche : peau mate
🤛🏿	fistbump | gauche | main | peau foncée | poing | poing à gauche | poing à gauche : peau foncée
🤜	droite | main | poing | poing à droite
🤜🏻	droite | main | peau claire | poing | poing à droite | poing à droite : peau claire
🤜🏼	droite | main | peau moyennement claire | poing | poing à droite | poing à droite : peau moyennement claire
🤜🏽	droite | main | peau légèrement mate | poing | poing à droite | poing à droite : peau légèrement mate
🤜🏾	droite | main | peau mate | poing | poing à droite | poing à droite : peau mate
🤜🏿	droite | main | peau foncée | poing | poing à droite | poing à droite : peau foncée
👏	applaudissements | bien joué | bon travail | bravo | formidable | félicitations | geste | mains | mains qui applaudissent | super
👏🏻	applaudissements | applaudissements : peau claire | bien joué | bon travail | bravo | formidable | félicitations | geste | mains | mains qui applaudissent | peau claire | super
👏🏼	applaudissements | applaudissements : peau moyennement claire | bien joué | bon travail | bravo | formidable | félicitations | geste | mains | mains qui applaudissent | peau moyennement claire | super
👏🏽	applaudissements | applaudissements : peau légèrement mate | bien joué | bon travail | bravo | formidable | félicitations | geste | mains | mains qui applaudissent | peau légèrement mate | super
👏🏾	applaudissements | applaudissements : peau mate | bien joué | bon travail | bravo | formidable | félicitations | geste | mains | mains qui applaudissent | peau mate | super
👏🏿	applaudissements | applaudissements : peau foncée | bien joué | bon travail | bravo | formidable | félicitations | geste | mains | mains qui applaudissent | peau foncée | super
🙌	air | geste | hourra | mains | mains en l’air | mains levées | youpi
🙌🏻	air | geste | hourra | mains | mains en l’air | mains levées | mains levées : peau claire | peau claire | youpi
🙌🏼	air | geste | hourra | mains | mains en l’air | mains levées | mains levées : peau moyennement claire | peau moyennement claire | youpi
🙌🏽	air | geste | hourra | mains | mains en l’air | mains levées | mains levées : peau légèrement mate | peau légèrement mate | youpi
🙌🏾	air | geste | hourra | mains | mains en l’air | mains levées | mains levées : peau mate | peau mate | youpi
🙌🏿	air | geste | hourra | mains | mains en l’air | mains levées | mains levées : peau foncée | peau foncée | youpi
🫶	amour | cœur | mains qui forment un cœur
🫶🏻	amour | cœur | mains qui forment un cœur | mains qui forment un cœur : peau claire | peau claire
🫶🏼	amour | cœur | mains qui forment un cœur | mains qui forment un cœur : peau moyennement claire | peau moyennement claire
🫶🏽	amour | cœur | mains qui forment un cœur | mains qui forment un cœur : peau légèrement mate | peau légèrement mate
🫶🏾	amour | cœur | mains qui forment un cœur | mains qui forment un cœur : peau mate | peau mate
🫶🏿	amour | cœur | mains qui forment un cœur | mains qui forment un cœur : peau foncée | peau foncée
👐	main | mains ouvertes | mains écartées | ouvert
👐🏻	main | mains ouvertes | mains ouvertes : peau claire | mains écartées | ouvert | peau claire
👐🏼	main | mains ouvertes | mains ouvertes : peau moyennement claire | mains écartées | ouvert | peau moyennement claire
👐🏽	main | mains ouvertes | mains ouvertes : peau légèrement mate | mains écartées | ouvert | peau légèrement mate
👐🏾	main | mains ouvertes | mains ouvertes : peau mate | mains écartées | ouvert | peau mate
👐🏿	main | mains ouvertes | mains ouvertes : peau foncée | mains écartées | ouvert | peau foncée
🤲	espérer | mains | paume contre paume doigts vers le haut | paumes des mains ensemble | prier | prière
🤲🏻	espérer | mains | paume contre paume doigts vers le haut | paume contre paume doigts vers le haut : peau claire | paumes des mains ensemble | peau claire | prier | prière
🤲🏼	espérer | mains | paume contre paume doigts vers le haut | paume contre paume doigts vers le haut : peau moyennement claire | paumes des mains ensemble | peau moyennement claire | prier | prière
🤲🏽	espérer | mains | paume contre paume doigts vers le haut | paume contre paume doigts vers le haut : peau légèrement mate | paumes des mains ensemble | peau légèrement mate | prier | prière
🤲🏾	espérer | mains | paume contre paume doigts vers le haut | paume contre paume doigts vers le haut : peau mate | paumes des mains ensemble | peau mate | prier | prière
🤲🏿	espérer | mains | paume contre paume doigts vers le haut | paume contre paume doigts vers le haut : peau foncée | paumes des mains ensemble | peau foncée | prier | prière
🤝	d’accord | main | mains | marché conclu | poignée | poignée de main | présentation | rencontre | serrer la main
🤝🏻	d’accord | main | mains | marché conclu | peau claire | poignée | poignée de main | poignée de main : peau claire | présentation | rencontre | serrer la main
🤝🏼	d’accord | main | mains | marché conclu | peau moyennement claire | poignée | poignée de main | poignée de main : peau moyennement claire | présentation | rencontre | serrer la main
🤝🏽	d’accord | main | mains | marché conclu | peau légèrement mate | poignée | poignée de main | poignée de main : peau légèrement mate | présentation | rencontre | serrer la main
🤝🏾	d’accord | main | mains | marché conclu | peau mate | poignée | poignée de main | poignée de main : peau mate | présentation | rencontre | serrer la main
🤝🏿	d’accord | main | mains | marché conclu | peau foncée | poignée | poignée de main | poignée de main : peau foncée | présentation | rencontre | serrer la main
🫱🏻‍🫲🏼	d’accord | main | mains | marché conclu | peau claire | peau moyennement claire | poignée | poignée de main | poignée de main : peau claire et peau moyennement claire | présentation | rencontre | serrer la main
🫱🏻‍🫲🏽	d’accord | main | mains | marché conclu | peau claire | peau légèrement mate | poignée | poignée de main | poignée de main : peau claire et peau légèrement mate | présentation | rencontre | serrer la main
🫱🏻‍🫲🏾	d’accord | main | mains | marché conclu | peau claire | peau mate | poignée | poignée de main | poignée de main : peau claire et peau mate | présentation | rencontre | serrer la main
🫱🏻‍🫲🏿	d’accord | main | mains | marché conclu | peau claire | peau foncée | poignée | poignée de main | poignée de main : peau claire et peau foncée | présentation | rencontre | serrer la main
🫱🏼‍🫲🏻	d’accord | main | mains | marché conclu | peau claire | peau moyennement claire | poignée | poignée de main | poignée de main : peau moyennement claire et peau claire | présentation | rencontre | serrer la main
🫱🏼‍🫲🏽	d’accord | main | mains | marché conclu | peau légèrement mate | peau moyennement claire | poignée | poignée de main | poignée de main : peau moyennement claire et peau légèrement mate | présentation | rencontre | serrer la main
🫱🏼‍🫲🏾	d’accord | main | mains | marché conclu | peau mate | peau moyennement claire | poignée | poignée de main | poignée de main : peau moyennement claire et peau mate | présentation | rencontre | serrer la main
🫱🏼‍🫲🏿	d’accord | main | mains | marché conclu | peau foncée | peau moyennement claire | poignée | poignée de main | poignée de main : peau moyennement claire et peau foncée | présentation | rencontre | serrer la main
🫱🏽‍🫲🏻	d’accord | main | mains | marché conclu | peau claire | peau légèrement mate | poignée | poignée de main | poignée de main : peau légèrement mate et peau claire | présentation | rencontre | serrer la main
🫱🏽‍🫲🏼	d’accord | main | mains | marché conclu | peau légèrement mate | peau moyennement claire | poignée | poignée de main | poignée de main : peau légèrement mate et peau moyennement claire | présentation | rencontre | serrer la main
🫱🏽‍🫲🏾	d’accord | main | mains | marché conclu | peau légèrement mate | peau mate | poignée | poignée de main | poignée de main : peau légèrement mate et peau mate | présentation | rencontre | serrer la main
🫱🏽‍🫲🏿	d’accord | main | mains | marché conclu | peau foncée | peau légèrement mate | poignée | poignée de main | poignée de main : peau légèrement mate et peau foncée | présentation | rencontre | serrer la main
🫱🏾‍🫲🏻	d’accord | main | mains | marché conclu | peau claire | peau mate | poignée | poignée de main | poignée de main : peau mate et peau claire | présentation | rencontre | serrer la main
🫱🏾‍🫲🏼	d’accord | main | mains | marché conclu | peau mate | peau moyennement claire | poignée | poignée de main | poignée de main : peau mate et peau moyennement claire | présentation | rencontre | serrer la main
🫱🏾‍🫲🏽	d’accord | main | mains | marché conclu | peau légèrement mate | peau mate | poignée | poignée de main | poignée de main : peau mate et peau légèrement mate | présentation | rencontre | serrer la main
🫱🏾‍🫲🏿	d’accord | main | mains | marché conclu | peau foncée | peau mate | poignée | poignée de main | poignée de main : peau mate et peau foncée | présentation | rencontre | serrer la main
🫱🏿‍🫲🏻	d’accord | main | mains | marché conclu | peau claire | peau foncée | poignée | poignée de main | poignée de main : peau foncée et peau claire | présentation | rencontre | serrer la main
🫱🏿‍🫲🏼	d’accord | main | mains | marché conclu | peau foncée | peau moyennement claire | poignée | poignée de main | poignée de main : peau foncée et peau moyennement claire | présentation | rencontre | serrer la main
🫱🏿‍🫲🏽	d’accord | main | mains | marché conclu | peau foncée | peau légèrement mate | poignée | poignée de main | poignée de main : peau foncée et peau légèrement mate | présentation | rencontre | serrer la main
🫱🏿‍🫲🏾	d’accord | main | mains | marché conclu | peau foncée | peau mate | poignée | poignée de main | poignée de main : peau foncée et peau mate | présentation | rencontre | serrer la main
🙏	demander | félicitations | mains | mains en prière | mains l’une contre l’autre | merci | prier | prière | salut | se taper dans la main | s’il te plaît | s’il vous plaît | tope là
🙏🏻	demander | félicitations | mains | mains en prière | mains en prière : peau claire | mains l’une contre l’autre | merci | peau claire | prier | prière | salut | se taper dans la main | s’il te plaît | s’il vous plaît | tope là
🙏🏼	demander | félicitations | mains | mains en prière | mains en prière : peau moyennement claire | mains l’une contre l’autre | merci | peau moyennement claire | prier | prière | salut | se taper dans la main | s’il te plaît | s’il vous plaît | tope là
🙏🏽	demander | félicitations | mains | mains en prière | mains en prière : peau légèrement mate | mains l’une contre l’autre | merci | peau légèrement mate | prier | prière | salut | se taper dans la main | s’il te plaît | s’il vous plaît | tope là
🙏🏾	demander | félicitations | mains | mains en prière | mains en prière : peau mate | mains l’une contre l’autre | merci | peau mate | prier | prière | salut | se taper dans la main | s’il te plaît | s’il vous plaît | tope là
🙏🏿	demander | félicitations | mains | mains en prière | mains en prière : peau foncée | mains l’une contre l’autre | merci | peau foncée | prier | prière | salut | se taper dans la main | s’il te plaît | s’il vous plaît | tope là
✍️	main | main qui écrit | écrire
✍🏻	main | main qui écrit | main qui écrit : peau claire | peau claire | écrire
✍🏼	main | main qui écrit | main qui écrit : peau moyennement claire | peau moyennement claire | écrire
✍🏽	main | main qui écrit | main qui écrit : peau légèrement mate | peau légèrement mate | écrire
✍🏾	main | main qui écrit | main qui écrit : peau mate | peau mate | écrire
✍🏿	main | main qui écrit | main qui écrit : peau foncée | peau foncée | écrire
💅	cosmétiques | manucure | maquillage | peu importe | s’ennuyer | vernis à ongles
💅🏻	cosmétiques | manucure | maquillage | peau claire | peu importe | s’ennuyer | vernis à ongles | vernis à ongles : peau claire
💅🏼	cosmétiques | manucure | maquillage | peau moyennement claire | peu importe | s’ennuyer | vernis à ongles | vernis à ongles : peau moyennement claire
💅🏽	cosmétiques | manucure | maquillage | peau légèrement mate | peu importe | s’ennuyer | vernis à ongles | vernis à ongles : peau légèrement mate
💅🏾	cosmétiques | manucure | maquillage | peau mate | peu importe | s’ennuyer | vernis à ongles | vernis à ongles : peau mate
💅🏿	cosmétiques | manucure | maquillage | peau foncée | peu importe | s’ennuyer | vernis à ongles | vernis à ongles : peau foncée
🤳	appareil photo | photo | selfie | téléphone
🤳🏻	appareil photo | peau claire | photo | selfie | selfie : peau claire | téléphone
🤳🏼	appareil photo | peau moyennement claire | photo | selfie | selfie : peau moyennement claire | téléphone
🤳🏽	appareil photo | peau légèrement mate | photo | selfie | selfie : peau légèrement mate | téléphone
🤳🏾	appareil photo | peau mate | photo | selfie | selfie : peau mate | téléphone
🤳🏿	appareil photo | peau foncée | photo | selfie | selfie : peau foncée | téléphone
💪	BD | bande dessinée | biceps | biceps contracté | bodybuilding | contracté | corps | culturisme | entraînement | exercice | force | haltérophilie | muscle | muscles | soulever
💪🏻	BD | bande dessinée | biceps | biceps contracté : peau claire | bodybuilding | contracté | corps | culturisme | entraînement | exercice | force | haltérophilie | muscle | muscles | peau claire | soulever
💪🏼	BD | bande dessinée | biceps | biceps contracté : peau moyennement claire | bodybuilding | contracté | corps | culturisme | entraînement | exercice | force | haltérophilie | muscle | muscles | peau moyennement claire | soulever
💪🏽	BD | bande dessinée | biceps | biceps contracté : peau légèrement mate | bodybuilding | contracté | corps | culturisme | entraînement | exercice | force | haltérophilie | muscle | muscles | peau légèrement mate | soulever
💪🏾	BD | bande dessinée | biceps | biceps contracté : peau mate | bodybuilding | contracté | corps | culturisme | entraînement | exercice | force | haltérophilie | muscle | muscles | peau mate | soulever
💪🏿	BD | bande dessinée | biceps | biceps contracté : peau foncée | bodybuilding | contracté | corps | culturisme | entraînement | exercice | force | haltérophilie | muscle | muscles | peau foncée | soulever
🦾	accessibilité | bras | bras mécanique | bras robot | handicap | prothèse | prothèse de bras
🦿	accessibilité | handicap | jambe artificielle | jambe mécanique | jambe robot | prothèse | prothèse de jambe
🦵	coup de pied | cuisse | genou | genou fléchi | genoux | jambe | membre | pied
🦵🏻	coup de pied | cuisse | genou | genou fléchi | genoux | jambe | jambe : peau claire | membre | peau claire | pied
🦵🏼	coup de pied | cuisse | genou | genou fléchi | genoux | jambe | jambe : peau moyennement claire | membre | peau moyennement claire | pied
🦵🏽	coup de pied | cuisse | genou | genou fléchi | genoux | jambe | jambe : peau légèrement mate | membre | peau légèrement mate | pied
🦵🏾	coup de pied | cuisse | genou | genou fléchi | genoux | jambe | jambe : peau mate | membre | peau mate | pied
🦵🏿	coup de pied | cuisse | genou | genou fléchi | genoux | jambe | jambe : peau foncée | membre | peau foncée | pied
🦶	cheville | coup de pied | pas lourd | pied
🦶🏻	cheville | coup de pied | pas lourd | peau claire | pied | pied : peau claire
🦶🏼	cheville | coup de pied | pas lourd | peau moyennement claire | pied | pied : peau moyennement claire
🦶🏽	cheville | coup de pied | pas lourd | peau légèrement mate | pied | pied : peau légèrement mate
🦶🏾	cheville | coup de pied | pas lourd | peau mate | pied | pied : peau mate
🦶🏿	cheville | coup de pied | pas lourd | peau foncée | pied | pied : peau foncée
👂	corps | entendre | oreille | ouïe | son | écouter
👂🏻	corps | entendre | oreille | oreille : peau claire | ouïe | peau claire | son | écouter
👂🏼	corps | entendre | oreille | oreille : peau moyennement claire | ouïe | peau moyennement claire | son | écouter
👂🏽	corps | entendre | oreille | oreille : peau légèrement mate | ouïe | peau légèrement mate | son | écouter
👂🏾	corps | entendre | oreille | oreille : peau mate | ouïe | peau mate | son | écouter
👂🏿	corps | entendre | oreille | oreille : peau foncée | ouïe | peau foncée | son | écouter
🦻	accessibilité | handicap | malentendant | oreille appareillée | prothèse auditive | sonotone | sourd | surdité
🦻🏻	accessibilité | handicap | malentendant | oreille appareillée | oreille appareillée : peau claire | peau claire | prothèse auditive | sonotone | sourd | surdité
🦻🏼	accessibilité | handicap | malentendant | oreille appareillée | oreille appareillée : peau moyennement claire | peau moyennement claire | prothèse auditive | sonotone | sourd | surdité
🦻🏽	accessibilité | handicap | malentendant | oreille appareillée | oreille appareillée : peau légèrement mate | peau légèrement mate | prothèse auditive | sonotone | sourd | surdité
🦻🏾	accessibilité | handicap | malentendant | oreille appareillée | oreille appareillée : peau mate | peau mate | prothèse auditive | sonotone | sourd | surdité
🦻🏿	accessibilité | handicap | malentendant | oreille appareillée | oreille appareillée : peau foncée | peau foncée | prothèse auditive | sonotone | sourd | surdité
👃	corps | narines | nez | odeur | sentir
👃🏻	corps | narines | nez | nez : peau claire | odeur | peau claire | sentir
👃🏼	corps | narines | nez | nez : peau moyennement claire | odeur | peau moyennement claire | sentir
👃🏽	corps | narines | nez | nez : peau légèrement mate | odeur | peau légèrement mate | sentir
👃🏾	corps | narines | nez | nez : peau mate | odeur | peau mate | sentir
👃🏿	corps | narines | nez | nez : peau foncée | odeur | peau foncée | sentir
🧠	cerveau | intelligent | intelligente
🫀	anatomie | battement de coeur | battements | cardiologie | cœur | organe | pouls | pulsation
🫁	anatomie | expiration | inspiration | organe | poumons | respiration | respirer | souffle
🦷	carie | dent | dentiste | émail diamant
🦴	chien | halloween | os | squelette
👀	chercher | corps | coup d’œil | regarder | visage | voir | yeux | œil
👁️	corps | œil
👅	corps | langue | lécher
👄	baiser | beauté | bise | bisou | bouche | corps | embrasser | lèvres | rouge à lèvres
🫦	anxieux | flirt | inquiet | lèvre mordue | lèvres qui se mordent | mal à l’aise | nerveux
👶	bébé | enceinte | enfant | nouveau-né | petit | émoticône
👶🏻	bébé | bébé : peau claire | enceinte | enfant | nouveau-né | peau claire | petit | émoticône
👶🏼	bébé | bébé : peau moyennement claire | enceinte | enfant | nouveau-né | peau moyennement claire | petit | émoticône
👶🏽	bébé | bébé : peau légèrement mate | enceinte | enfant | nouveau-né | peau légèrement mate | petit | émoticône
👶🏾	bébé | bébé : peau mate | enceinte | enfant | nouveau-né | peau mate | petit | émoticône
👶🏿	bébé | bébé : peau foncée | enceinte | enfant | nouveau-né | peau foncée | petit | émoticône
🧒	enfant | genre neutre | jeune | non-genré
🧒🏻	enfant | enfant : peau claire | genre neutre | jeune | non-genré | peau claire
🧒🏼	enfant | enfant : peau moyennement claire | genre neutre | jeune | non-genré | peau moyennement claire
🧒🏽	enfant | enfant : peau légèrement mate | genre neutre | jeune | non-genré | peau légèrement mate
🧒🏾	enfant | enfant : peau mate | genre neutre | jeune | non-genré | peau mate
🧒🏿	enfant | enfant : peau foncée | genre neutre | jeune | non-genré | peau foncée
👦	enfant | garçon | jeune | personne | émoticône
👦🏻	enfant | garçon | garçon : peau claire | jeune | peau claire | personne | émoticône
👦🏼	enfant | garçon | garçon : peau moyennement claire | jeune | peau moyennement claire | personne | émoticône
👦🏽	enfant | garçon | garçon : peau légèrement mate | jeune | peau légèrement mate | personne | émoticône
👦🏾	enfant | garçon | garçon : peau mate | jeune | peau mate | personne | émoticône
👦🏿	enfant | garçon | garçon : peau foncée | jeune | peau foncée | personne | émoticône
👧	couettes | enfant | fille | grands yeux | jeune | nattes | personne | petite fille | tresses | vierge | visage | zodiaque | émoticône
👧🏻	couettes | enfant | fille | fille : peau claire | grands yeux | jeune | nattes | peau claire | personne | petite fille | tresses | vierge | visage | zodiaque | émoticône
👧🏼	couettes | enfant | fille | fille : peau moyennement claire | grands yeux | jeune | nattes | peau moyennement claire | personne | petite fille | tresses | vierge | visage | zodiaque | émoticône
👧🏽	couettes | enfant | fille | fille : peau légèrement mate | grands yeux | jeune | nattes | peau légèrement mate | personne | petite fille | tresses | vierge | visage | zodiaque | émoticône
👧🏾	couettes | enfant | fille | fille : peau mate | grands yeux | jeune | nattes | peau mate | personne | petite fille | tresses | vierge | visage | zodiaque | émoticône
👧🏿	couettes | enfant | fille | fille : peau foncée | grands yeux | jeune | nattes | peau foncée | personne | petite fille | tresses | vierge | visage | zodiaque | émoticône
🧑	adulte | genre neutre | non-genré
🧑🏻	adulte | adulte : peau claire | genre neutre | non-genré | peau claire
🧑🏼	adulte | adulte : peau moyennement claire | genre neutre | non-genré | peau moyennement claire
🧑🏽	adulte | adulte : peau légèrement mate | genre neutre | non-genré | peau légèrement mate
🧑🏾	adulte | adulte : peau mate | genre neutre | non-genré | peau mate
🧑🏿	adulte | adulte : peau foncée | genre neutre | non-genré | peau foncée
👱	blond | cheveux | garçon | homme | humain | personne blonde | tête | visage
👱🏻	blond | cheveux | garçon | homme | humain | peau claire | personne blonde | personne blonde : peau claire | tête | visage
👱🏼	blond | cheveux | garçon | homme | humain | peau moyennement claire | personne blonde | personne blonde : peau moyennement claire | tête | visage
👱🏽	blond | cheveux | garçon | homme | humain | peau légèrement mate | personne blonde | personne blonde : peau légèrement mate | tête | visage
👱🏾	blond | cheveux | garçon | homme | humain | peau mate | personne blonde | personne blonde : peau mate | tête | visage
👱🏿	blond | cheveux | garçon | homme | humain | peau foncée | personne blonde | personne blonde : peau foncée | tête | visage
👨	ami | garçon | homme | personne | petit ami | pote
👨🏻	ami | garçon | homme | homme : peau claire | peau claire | personne | petit ami | pote
👨🏼	ami | garçon | homme | homme : peau moyennement claire | peau moyennement claire | personne | petit ami | pote
👨🏽	ami | garçon | homme | homme : peau légèrement mate | peau légèrement mate | personne | petit ami | pote
👨🏾	ami | garçon | homme | homme : peau mate | peau mate | personne | petit ami | pote
👨🏿	ami | garçon | homme | homme : peau foncée | peau foncée | personne | petit ami | pote
🧔	barbe | barbu | personne avec une barbe | personne barbue
🧔🏻	barbe | barbu | peau claire | personne avec une barbe | personne barbue | personne barbue : peau claire
🧔🏼	barbe | barbu | peau moyennement claire | personne avec une barbe | personne barbue | personne barbue : peau moyennement claire
🧔🏽	barbe | barbu | peau légèrement mate | personne avec une barbe | personne barbue | personne barbue : peau légèrement mate
🧔🏾	barbe | barbu | peau mate | personne avec une barbe | personne barbue | personne barbue : peau mate
🧔🏿	barbe | barbu | peau foncée | personne avec une barbe | personne barbue | personne barbue : peau foncée
🧔‍♂️	barbe | homme barbu
🧔🏻‍♂️	barbe | homme barbu | homme barbu : peau claire | peau claire
🧔🏼‍♂️	barbe | homme barbu | homme barbu : peau moyennement claire | peau moyennement claire
🧔🏽‍♂️	barbe | homme barbu | homme barbu : peau légèrement mate | peau légèrement mate
🧔🏾‍♂️	barbe | homme barbu | homme barbu : peau mate | peau mate
🧔🏿‍♂️	barbe | homme barbu | homme barbu : peau foncée | peau foncée
🧔‍♀️	barbe | femme barbue
🧔🏻‍♀️	barbe | femme barbue | femme barbue : peau claire | peau claire
🧔🏼‍♀️	barbe | femme barbue | femme barbue : peau moyennement claire | peau moyennement claire
🧔🏽‍♀️	barbe | femme barbue | femme barbue : peau légèrement mate | peau légèrement mate
🧔🏾‍♀️	barbe | femme barbue | femme barbue : peau mate | peau mate
🧔🏿‍♀️	barbe | femme barbue | femme barbue : peau foncée | peau foncée
👨‍🦰	ami | cheveux roux | garçon | homme | homme : cheveux roux | personne | petit ami | pote
👨🏻‍🦰	ami | cheveux roux | garçon | homme | homme : peau claire et cheveux roux | peau claire | personne | petit ami | pote
👨🏼‍🦰	ami | cheveux roux | garçon | homme | homme : peau moyennement claire et cheveux roux | peau moyennement claire | personne | petit ami | pote
👨🏽‍🦰	ami | cheveux roux | garçon | homme | homme : peau légèrement mate et cheveux roux | peau légèrement mate | personne | petit ami | pote
👨🏾‍🦰	ami | cheveux roux | garçon | homme | homme : peau mate et cheveux roux | peau mate | personne | petit ami | pote
👨🏿‍🦰	ami | cheveux roux | garçon | homme | homme : peau foncée et cheveux roux | peau foncée | personne | petit ami | pote
👨‍🦱	ami | cheveux bouclés | garçon | homme | homme : cheveux bouclés | personne | petit ami | pote
👨🏻‍🦱	ami | cheveux bouclés | garçon | homme | homme : peau claire et cheveux bouclés | peau claire | personne | petit ami | pote
👨🏼‍🦱	ami | cheveux bouclés | garçon | homme | homme : peau moyennement claire et cheveux bouclés | peau moyennement claire | personne | petit ami | pote
👨🏽‍🦱	ami | cheveux bouclés | garçon | homme | homme : peau légèrement mate et cheveux bouclés | peau légèrement mate | personne | petit ami | pote
👨🏾‍🦱	ami | cheveux bouclés | garçon | homme | homme : peau mate et cheveux bouclés | peau mate | personne | petit ami | pote
👨🏿‍🦱	ami | cheveux bouclés | garçon | homme | homme : peau foncée et cheveux bouclés | peau foncée | personne | petit ami | pote
👨‍🦳	ami | cheveux blancs | garçon | homme | homme : cheveux blancs | personne | petit ami | pote
👨🏻‍🦳	ami | cheveux blancs | garçon | homme | homme : peau claire et cheveux blancs | peau claire | personne | petit ami | pote
👨🏼‍🦳	ami | cheveux blancs | garçon | homme | homme : peau moyennement claire et cheveux blancs | peau moyennement claire | personne | petit ami | pote
👨🏽‍🦳	ami | cheveux blancs | garçon | homme | homme : peau légèrement mate et cheveux blancs | peau légèrement mate | personne | petit ami | pote
👨🏾‍🦳	ami | cheveux blancs | garçon | homme | homme : peau mate et cheveux blancs | peau mate | personne | petit ami | pote
👨🏿‍🦳	ami | cheveux blancs | garçon | homme | homme : peau foncée et cheveux blancs | peau foncée | personne | petit ami | pote
👨‍🦲	ami | chauve | garçon | homme | homme : chauve | personne | petit ami | pote
👨🏻‍🦲	ami | chauve | garçon | homme | homme : peau claire et chauve | peau claire | personne | petit ami | pote
👨🏼‍🦲	ami | chauve | garçon | homme | homme : peau moyennement claire et chauve | peau moyennement claire | personne | petit ami | pote
👨🏽‍🦲	ami | chauve | garçon | homme | homme : peau légèrement mate et chauve | peau légèrement mate | personne | petit ami | pote
👨🏾‍🦲	ami | chauve | garçon | homme | homme : peau mate et chauve | peau mate | personne | petit ami | pote
👨🏿‍🦲	ami | chauve | garçon | homme | homme : peau foncée et chauve | peau foncée | personne | petit ami | pote
👩	blonde | coupe de cheveux | femme | personne
👩🏻	blonde | coupe de cheveux | femme | femme : peau claire | peau claire | personne
👩🏼	blonde | coupe de cheveux | femme | femme : peau moyennement claire | peau moyennement claire | personne
👩🏽	blonde | coupe de cheveux | femme | femme : peau légèrement mate | peau légèrement mate | personne
👩🏾	blonde | coupe de cheveux | femme | femme : peau mate | peau mate | personne
👩🏿	blonde | coupe de cheveux | femme | femme : peau foncée | peau foncée | personne
👩‍🦰	blonde | cheveux roux | coupe de cheveux | femme | femme : cheveux roux | personne
👩🏻‍🦰	blonde | cheveux roux | coupe de cheveux | femme | femme : peau claire et cheveux roux | peau claire | personne
👩🏼‍🦰	blonde | cheveux roux | coupe de cheveux | femme | femme : peau moyennement claire et cheveux roux | peau moyennement claire | personne
👩🏽‍🦰	blonde | cheveux roux | coupe de cheveux | femme | femme : peau légèrement mate et cheveux roux | peau légèrement mate | personne
👩🏾‍🦰	blonde | cheveux roux | coupe de cheveux | femme | femme : peau mate et cheveux roux | peau mate | personne
👩🏿‍🦰	blonde | cheveux roux | coupe de cheveux | femme | femme : peau foncée et cheveux roux | peau foncée | personne
🧑‍🦰	adulte | adulte : cheveux roux | cheveux roux | genre neutre | non-genré
🧑🏻‍🦰	adulte | adulte : peau claire et cheveux roux | cheveux roux | genre neutre | non-genré | peau claire
🧑🏼‍🦰	adulte | adulte : peau moyennement claire et cheveux roux | cheveux roux | genre neutre | non-genré | peau moyennement claire
🧑🏽‍🦰	adulte | adulte : peau légèrement mate et cheveux roux | cheveux roux | genre neutre | non-genré | peau légèrement mate
🧑🏾‍🦰	adulte | adulte : peau mate et cheveux roux | cheveux roux | genre neutre | non-genré | peau mate
🧑🏿‍🦰	adulte | adulte : peau foncée et cheveux roux | cheveux roux | genre neutre | non-genré | peau foncée
👩‍🦱	blonde | cheveux bouclés | coupe de cheveux | femme | femme : cheveux bouclés | personne
👩🏻‍🦱	blonde | cheveux bouclés | coupe de cheveux | femme | femme : peau claire et cheveux bouclés | peau claire | personne
👩🏼‍🦱	blonde | cheveux bouclés | coupe de cheveux | femme | femme : peau moyennement claire et cheveux bouclés | peau moyennement claire | personne
👩🏽‍🦱	blonde | cheveux bouclés | coupe de cheveux | femme | femme : peau légèrement mate et cheveux bouclés | peau légèrement mate | personne
👩🏾‍🦱	blonde | cheveux bouclés | coupe de cheveux | femme | femme : peau mate et cheveux bouclés | peau mate | personne
👩🏿‍🦱	blonde | cheveux bouclés | coupe de cheveux | femme | femme : peau foncée et cheveux bouclés | peau foncée | personne
🧑‍🦱	adulte | adulte : cheveux bouclés | cheveux bouclés | genre neutre | non-genré
🧑🏻‍🦱	adulte | adulte : peau claire et cheveux bouclés | cheveux bouclés | genre neutre | non-genré | peau claire
🧑🏼‍🦱	adulte | adulte : peau moyennement claire et cheveux bouclés | cheveux bouclés | genre neutre | non-genré | peau moyennement claire
🧑🏽‍🦱	adulte | adulte : peau légèrement mate et cheveux bouclés | cheveux bouclés | genre neutre | non-genré | peau légèrement mate
🧑🏾‍🦱	adulte | adulte : peau mate et cheveux bouclés | cheveux bouclés | genre neutre | non-genré | peau mate
🧑🏿‍🦱	adulte | adulte : peau foncée et cheveux bouclés | cheveux bouclés | genre neutre | non-genré | peau foncée
👩‍🦳	blonde | cheveux blancs | coupe de cheveux | femme | femme : cheveux blancs | personne
👩🏻‍🦳	blonde | cheveux blancs | coupe de cheveux | femme | femme : peau claire et cheveux blancs | peau claire | personne
👩🏼‍🦳	blonde | cheveux blancs | coupe de cheveux | femme | femme : peau moyennement claire et cheveux blancs | peau moyennement claire | personne
👩🏽‍🦳	blonde | cheveux blancs | coupe de cheveux | femme | femme : peau légèrement mate et cheveux blancs | peau légèrement mate | personne
👩🏾‍🦳	blonde | cheveux blancs | coupe de cheveux | femme | femme : peau mate et cheveux blancs | peau mate | personne
👩🏿‍🦳	blonde | cheveux blancs | coupe de cheveux | femme | femme : peau foncée et cheveux blancs | peau foncée | personne
🧑‍🦳	adulte | adulte : cheveux blancs | cheveux blancs | genre neutre | non-genré
🧑🏻‍🦳	adulte | adulte : peau claire et cheveux blancs | cheveux blancs | genre neutre | non-genré | peau claire
🧑🏼‍🦳	adulte | adulte : peau moyennement claire et cheveux blancs | cheveux blancs | genre neutre | non-genré | peau moyennement claire
🧑🏽‍🦳	adulte | adulte : peau légèrement mate et cheveux blancs | cheveux blancs | genre neutre | non-genré | peau légèrement mate
🧑🏾‍🦳	adulte | adulte : peau mate et cheveux blancs | cheveux blancs | genre neutre | non-genré | peau mate
🧑🏿‍🦳	adulte | adulte : peau foncée et cheveux blancs | cheveux blancs | genre neutre | non-genré | peau foncée
👩‍🦲	blonde | chauve | coupe de cheveux | femme | femme : chauve | personne
👩🏻‍🦲	blonde | chauve | coupe de cheveux | femme | femme : peau claire et chauve | peau claire | personne
👩🏼‍🦲	blonde | chauve | coupe de cheveux | femme | femme : peau moyennement claire et chauve | peau moyennement claire | personne
👩🏽‍🦲	blonde | chauve | coupe de cheveux | femme | femme : peau légèrement mate et chauve | peau légèrement mate | personne
👩🏾‍🦲	blonde | chauve | coupe de cheveux | femme | femme : peau mate et chauve | peau mate | personne
👩🏿‍🦲	blonde | chauve | coupe de cheveux | femme | femme : peau foncée et chauve | peau foncée | personne
🧑‍🦲	adulte | adulte : chauve | chauve | genre neutre | non-genré
🧑🏻‍🦲	adulte | adulte : peau claire et chauve | chauve | genre neutre | non-genré | peau claire
🧑🏼‍🦲	adulte | adulte : peau moyennement claire et chauve | chauve | genre neutre | non-genré | peau moyennement claire
🧑🏽‍🦲	adulte | adulte : peau légèrement mate et chauve | chauve | genre neutre | non-genré | peau légèrement mate
🧑🏾‍🦲	adulte | adulte : peau mate et chauve | chauve | genre neutre | non-genré | peau mate
🧑🏿‍🦲	adulte | adulte : peau foncée et chauve | chauve | genre neutre | non-genré | peau foncée
👱‍♀️	blonde | cheveux | femme | femme blonde | personne
👱🏻‍♀️	blonde | cheveux | femme | femme blonde : peau claire | peau claire | personne
👱🏼‍♀️	blonde | cheveux | femme | femme blonde : peau moyennement claire | peau moyennement claire | personne
👱🏽‍♀️	blonde | cheveux | femme | femme blonde : peau légèrement mate | peau légèrement mate | personne
👱🏾‍♀️	blonde | cheveux | femme | femme blonde : peau mate | peau mate | personne
👱🏿‍♀️	blonde | cheveux | femme | femme blonde : peau foncée | peau foncée | personne
👱‍♂️	blond | cheveux | homme blond
👱🏻‍♂️	blond | cheveux | homme blond | homme blond : peau claire | peau claire
👱🏼‍♂️	blond | cheveux | homme blond | homme blond : peau moyennement claire | peau moyennement claire
👱🏽‍♂️	blond | cheveux | homme blond | homme blond : peau légèrement mate | peau légèrement mate
👱🏾‍♂️	blond | cheveux | homme blond | homme blond : peau mate | peau mate
👱🏿‍♂️	blond | cheveux | homme blond | homme blond : peau foncée | peau foncée
🧓	adulte | genre neutre | non-genré | personne âgée | âgé
🧓🏻	adulte | genre neutre | non-genré | peau claire | personne âgée | personne âgée : peau claire | âgé
🧓🏼	adulte | genre neutre | non-genré | peau moyennement claire | personne âgée | personne âgée : peau moyennement claire | âgé
🧓🏽	adulte | genre neutre | non-genré | peau légèrement mate | personne âgée | personne âgée : peau légèrement mate | âgé
🧓🏾	adulte | genre neutre | non-genré | peau mate | personne âgée | personne âgée : peau mate | âgé
🧓🏿	adulte | genre neutre | non-genré | peau foncée | personne âgée | personne âgée : peau foncée | âgé
👴	chauve | grand-père | homme | homme âgé | papi | personne | personne âgée | sage | vieux monsieur | âgé | émoticône
👴🏻	chauve | grand-père | homme | homme âgé : peau claire | papi | peau claire | personne | personne âgée | sage | vieux monsieur | âgé | émoticône
👴🏼	chauve | grand-père | homme | homme âgé : peau moyennement claire | papi | peau moyennement claire | personne | personne âgée | sage | vieux monsieur | âgé | émoticône
👴🏽	chauve | grand-père | homme | homme âgé : peau légèrement mate | papi | peau légèrement mate | personne | personne âgée | sage | vieux monsieur | âgé | émoticône
👴🏾	chauve | grand-père | homme | homme âgé : peau mate | papi | peau mate | personne | personne âgée | sage | vieux monsieur | âgé | émoticône
👴🏿	chauve | grand-père | homme | homme âgé : peau foncée | papi | peau foncée | personne | personne âgée | sage | vieux monsieur | âgé | émoticône
👵	blonde | dame | femme | femme âgée | grand-mère | mamie | personne | sage | âgée | émoticône
👵🏻	blonde | dame | femme | femme âgée : peau claire | grand-mère | mamie | peau claire | personne | sage | âgée | émoticône
👵🏼	blonde | dame | femme | femme âgée : peau moyennement claire | grand-mère | mamie | peau moyennement claire | personne | sage | âgée | émoticône
👵🏽	blonde | dame | femme | femme âgée : peau légèrement mate | grand-mère | mamie | peau légèrement mate | personne | sage | âgée | émoticône
👵🏾	blonde | dame | femme | femme âgée : peau mate | grand-mère | mamie | peau mate | personne | sage | âgée | émoticône
👵🏿	blonde | dame | femme | femme âgée : peau foncée | grand-mère | mamie | peau foncée | personne | sage | âgée | émoticône
🙍	contrariée | déçue | embêtée | femme | froncer | geste | gênée | mécontente | pas contente | personne | personne fronçant les sourcils | sourcils | triste
🙍🏻	contrariée | déçue | embêtée | femme | froncer | geste | gênée | mécontente | pas contente | peau claire | personne | personne fronçant les sourcils | personne fronçant les sourcils : peau claire | sourcils | triste
🙍🏼	contrariée | déçue | embêtée | femme | froncer | geste | gênée | mécontente | pas contente | peau moyennement claire | personne | personne fronçant les sourcils | personne fronçant les sourcils : peau moyennement claire | sourcils | triste
🙍🏽	contrariée | déçue | embêtée | femme | froncer | geste | gênée | mécontente | pas contente | peau légèrement mate | personne | personne fronçant les sourcils | personne fronçant les sourcils : peau légèrement mate | sourcils | triste
🙍🏾	contrariée | déçue | embêtée | femme | froncer | geste | gênée | mécontente | pas contente | peau mate | personne | personne fronçant les sourcils | personne fronçant les sourcils : peau mate | sourcils | triste
🙍🏿	contrariée | déçue | embêtée | femme | froncer | geste | gênée | mécontente | pas contente | peau foncée | personne | personne fronçant les sourcils | personne fronçant les sourcils : peau foncée | sourcils | triste
🙍‍♂️	froncement | geste | homme | homme fronçant les sourcils | homme mécontent | homme renfrogné
🙍🏻‍♂️	froncement | geste | homme | homme fronçant les sourcils | homme fronçant les sourcils : peau claire | homme mécontent | homme renfrogné | peau claire
🙍🏼‍♂️	froncement | geste | homme | homme fronçant les sourcils | homme fronçant les sourcils : peau moyennement claire | homme mécontent | homme renfrogné | peau moyennement claire
🙍🏽‍♂️	froncement | geste | homme | homme fronçant les sourcils | homme fronçant les sourcils : peau légèrement mate | homme mécontent | homme renfrogné | peau légèrement mate
🙍🏾‍♂️	froncement | geste | homme | homme fronçant les sourcils | homme fronçant les sourcils : peau mate | homme mécontent | homme renfrogné | peau mate
🙍🏿‍♂️	froncement | geste | homme | homme fronçant les sourcils | homme fronçant les sourcils : peau foncée | homme mécontent | homme renfrogné | peau foncée
🙍‍♀️	femme | femme fronçant les sourcils | froncement | geste
🙍🏻‍♀️	femme | femme fronçant les sourcils | femme fronçant les sourcils : peau claire | froncement | geste | peau claire
🙍🏼‍♀️	femme | femme fronçant les sourcils | femme fronçant les sourcils : peau moyennement claire | froncement | geste | peau moyennement claire
🙍🏽‍♀️	femme | femme fronçant les sourcils | femme fronçant les sourcils : peau légèrement mate | froncement | geste | peau légèrement mate
🙍🏾‍♀️	femme | femme fronçant les sourcils | femme fronçant les sourcils : peau mate | froncement | geste | peau mate
🙍🏿‍♀️	femme | femme fronçant les sourcils | femme fronçant les sourcils : peau foncée | froncement | geste | peau foncée
🙎	bouder | déçue | expression | faire la tête | femme | froncer les sourcils | fâchée | geste | inquiète | moue | personne | personne qui boude | énervée
🙎🏻	bouder | déçue | expression | faire la tête | femme | froncer les sourcils | fâchée | geste | inquiète | moue | peau claire | personne | personne qui boude | personne qui boude : peau claire | énervée
🙎🏼	bouder | déçue | expression | faire la tête | femme | froncer les sourcils | fâchée | geste | inquiète | moue | peau moyennement claire | personne | personne qui boude | personne qui boude : peau moyennement claire | énervée
🙎🏽	bouder | déçue | expression | faire la tête | femme | froncer les sourcils | fâchée | geste | inquiète | moue | peau légèrement mate | personne | personne qui boude | personne qui boude : peau légèrement mate | énervée
🙎🏾	bouder | déçue | expression | faire la tête | femme | froncer les sourcils | fâchée | geste | inquiète | moue | peau mate | personne | personne qui boude | personne qui boude : peau mate | énervée
🙎🏿	bouder | déçue | expression | faire la tête | femme | froncer les sourcils | fâchée | geste | inquiète | moue | peau foncée | personne | personne qui boude | personne qui boude : peau foncée | énervée
🙎‍♂️	boude | bouder | faire la moue | geste | homme | homme qui boude | moue
🙎🏻‍♂️	boude | bouder | faire la moue | geste | homme | homme qui boude | homme qui boude : peau claire | moue | peau claire
🙎🏼‍♂️	boude | bouder | faire la moue | geste | homme | homme qui boude | homme qui boude : peau moyennement claire | moue | peau moyennement claire
🙎🏽‍♂️	boude | bouder | faire la moue | geste | homme | homme qui boude | homme qui boude : peau légèrement mate | moue | peau légèrement mate
🙎🏾‍♂️	boude | bouder | faire la moue | geste | homme | homme qui boude | homme qui boude : peau mate | moue | peau mate
🙎🏿‍♂️	boude | bouder | faire la moue | geste | homme | homme qui boude | homme qui boude : peau foncée | moue | peau foncée
🙎‍♀️	boude | femme | femme qui boude | geste
🙎🏻‍♀️	boude | femme | femme qui boude | femme qui boude : peau claire | geste | peau claire
🙎🏼‍♀️	boude | femme | femme qui boude | femme qui boude : peau moyennement claire | geste | peau moyennement claire
🙎🏽‍♀️	boude | femme | femme qui boude | femme qui boude : peau légèrement mate | geste | peau légèrement mate
🙎🏾‍♀️	boude | femme | femme qui boude | femme qui boude : peau mate | geste | peau mate
🙎🏿‍♀️	boude | femme | femme qui boude | femme qui boude : peau foncée | geste | peau foncée
🙅	aucune chance | bloquer | femme | geste | impossible | interdit | main | niet | non | pas possible | personne faisant un geste d’interdiction | stop
🙅🏻	aucune chance | bloquer | femme | geste | impossible | interdit | main | niet | non | pas possible | peau claire | personne faisant un geste d’interdiction | personne faisant un geste d’interdiction : peau claire | stop
🙅🏼	aucune chance | bloquer | femme | geste | impossible | interdit | main | niet | non | pas possible | peau moyennement claire | personne faisant un geste d’interdiction | personne faisant un geste d’interdiction : peau moyennement claire | stop
🙅🏽	aucune chance | bloquer | femme | geste | impossible | interdit | main | niet | non | pas possible | peau légèrement mate | personne faisant un geste d’interdiction | personne faisant un geste d’interdiction : peau légèrement mate | stop
🙅🏾	aucune chance | bloquer | femme | geste | impossible | interdit | main | niet | non | pas possible | peau mate | personne faisant un geste d’interdiction | personne faisant un geste d’interdiction : peau mate | stop
🙅🏿	aucune chance | bloquer | femme | geste | impossible | interdit | main | niet | non | pas possible | peau foncée | personne faisant un geste d’interdiction | personne faisant un geste d’interdiction : peau foncée | stop
🙅‍♂️	geste | homme | homme faisant un geste d’interdiction | interdit | main | non
🙅🏻‍♂️	geste | homme | homme faisant un geste d’interdiction | homme faisant un geste d’interdiction : peau claire | interdit | main | non | peau claire
🙅🏼‍♂️	geste | homme | homme faisant un geste d’interdiction | homme faisant un geste d’interdiction : peau moyennement claire | interdit | main | non | peau moyennement claire
🙅🏽‍♂️	geste | homme | homme faisant un geste d’interdiction | homme faisant un geste d’interdiction : peau légèrement mate | interdit | main | non | peau légèrement mate
🙅🏾‍♂️	geste | homme | homme faisant un geste d’interdiction | homme faisant un geste d’interdiction : peau mate | interdit | main | non | peau mate
🙅🏿‍♂️	geste | homme | homme faisant un geste d’interdiction | homme faisant un geste d’interdiction : peau foncée | interdit | main | non | peau foncée
🙅‍♀️	femme | femme faisant un geste d’interdiction | geste | interdit | main
🙅🏻‍♀️	femme | femme faisant un geste d’interdiction | femme faisant un geste d’interdiction : peau claire | geste | interdit | main | peau claire
🙅🏼‍♀️	femme | femme faisant un geste d’interdiction | femme faisant un geste d’interdiction : peau moyennement claire | geste | interdit | main | peau moyennement claire
🙅🏽‍♀️	femme | femme faisant un geste d’interdiction | femme faisant un geste d’interdiction : peau légèrement mate | geste | interdit | main | peau légèrement mate
🙅🏾‍♀️	femme | femme faisant un geste d’interdiction | femme faisant un geste d’interdiction : peau mate | geste | interdit | main | peau mate
🙅🏿‍♀️	femme | femme faisant un geste d’interdiction | femme faisant un geste d’interdiction : peau foncée | geste | interdit | main | peau foncée
🙆	OK | danser | d’accord | exercice | femme | geste | grandir | lever les bras | main | personne | personne faisant un geste d’acceptation
🙆🏻	OK | danser | d’accord | exercice | femme | geste | grandir | lever les bras | main | peau claire | personne | personne faisant un geste d’acceptation | personne faisant un geste d’acceptation : peau claire
🙆🏼	OK | danser | d’accord | exercice | femme | geste | grandir | lever les bras | main | peau moyennement claire | personne | personne faisant un geste d’acceptation | personne faisant un geste d’acceptation : peau moyennement claire
🙆🏽	OK | danser | d’accord | exercice | femme | geste | grandir | lever les bras | main | peau légèrement mate | personne | personne faisant un geste d’acceptation | personne faisant un geste d’acceptation : peau légèrement mate
🙆🏾	OK | danser | d’accord | exercice | femme | geste | grandir | lever les bras | main | peau mate | personne | personne faisant un geste d’acceptation | personne faisant un geste d’acceptation : peau mate
🙆🏿	OK | danser | d’accord | exercice | femme | geste | grandir | lever les bras | main | peau foncée | personne | personne faisant un geste d’acceptation | personne faisant un geste d’acceptation : peau foncée
🙆‍♂️	d’accord | geste | homme | homme faisant un geste d’acceptation | homme faisant un geste d’accord | main | ok
🙆🏻‍♂️	d’accord | geste | homme | homme faisant un geste d’acceptation | homme faisant un geste d’acceptation : peau claire | homme faisant un geste d’accord | main | ok | peau claire
🙆🏼‍♂️	d’accord | geste | homme | homme faisant un geste d’acceptation | homme faisant un geste d’acceptation : peau moyennement claire | homme faisant un geste d’accord | main | ok | peau moyennement claire
🙆🏽‍♂️	d’accord | geste | homme | homme faisant un geste d’acceptation | homme faisant un geste d’acceptation : peau légèrement mate | homme faisant un geste d’accord | main | ok | peau légèrement mate
🙆🏾‍♂️	d’accord | geste | homme | homme faisant un geste d’acceptation | homme faisant un geste d’acceptation : peau mate | homme faisant un geste d’accord | main | ok | peau mate
🙆🏿‍♂️	d’accord | geste | homme | homme faisant un geste d’acceptation | homme faisant un geste d’acceptation : peau foncée | homme faisant un geste d’accord | main | ok | peau foncée
🙆‍♀️	femme | femme faisant un geste d’acceptation | geste d’accord | main | ok
🙆🏻‍♀️	femme | femme faisant un geste d’acceptation | femme faisant un geste d’acceptation : peau claire | geste d’accord | main | ok | peau claire
🙆🏼‍♀️	femme | femme faisant un geste d’acceptation | femme faisant un geste d’acceptation : peau moyennement claire | geste d’accord | main | ok | peau moyennement claire
🙆🏽‍♀️	femme | femme faisant un geste d’acceptation | femme faisant un geste d’acceptation : peau légèrement mate | geste d’accord | main | ok | peau légèrement mate
🙆🏾‍♀️	femme | femme faisant un geste d’acceptation | femme faisant un geste d’acceptation : peau mate | geste d’accord | main | ok | peau mate
🙆🏿‍♀️	femme | femme faisant un geste d’acceptation | femme faisant un geste d’acceptation : peau foncée | geste d’accord | main | ok | peau foncée
💁	aide | diva | femme | information | insouciante | main | personne | personne paume vers le haut | peu importe | potins | prétentieuse | sarcastique | sophistiqué
💁🏻	aide | diva | femme | information | insouciante | main | peau claire | personne | personne paume vers le haut | personne paume vers le haut : peau claire | peu importe | potins | prétentieuse | sarcastique | sophistiqué
💁🏼	aide | diva | femme | information | insouciante | main | peau moyennement claire | personne | personne paume vers le haut | personne paume vers le haut : peau moyennement claire | peu importe | potins | prétentieuse | sarcastique | sophistiqué
💁🏽	aide | diva | femme | information | insouciante | main | peau légèrement mate | personne | personne paume vers le haut | personne paume vers le haut : peau légèrement mate | peu importe | potins | prétentieuse | sarcastique | sophistiqué
💁🏾	aide | diva | femme | information | insouciante | main | peau mate | personne | personne paume vers le haut | personne paume vers le haut : peau mate | peu importe | potins | prétentieuse | sarcastique | sophistiqué
💁🏿	aide | diva | femme | information | insouciante | main | peau foncée | personne | personne paume vers le haut | personne paume vers le haut : peau foncée | peu importe | potins | prétentieuse | sarcastique | sophistiqué
💁‍♂️	aide | apporter | diva | homme | homme avec paume vers le haut | homme paume vers le haut | informations | insolent | main | paume vers le haut | peu importe | potins | sarcastique
💁🏻‍♂️	aide | apporter | diva | homme | homme avec paume vers le haut | homme paume vers le haut | homme paume vers le haut : peau claire | informations | insolent | main | paume vers le haut | peau claire | peu importe | potins | sarcastique
💁🏼‍♂️	aide | apporter | diva | homme | homme avec paume vers le haut | homme paume vers le haut | homme paume vers le haut : peau moyennement claire | informations | insolent | main | paume vers le haut | peau moyennement claire | peu importe | potins | sarcastique
💁🏽‍♂️	aide | apporter | diva | homme | homme avec paume vers le haut | homme paume vers le haut | homme paume vers le haut : peau légèrement mate | informations | insolent | main | paume vers le haut | peau légèrement mate | peu importe | potins | sarcastique
💁🏾‍♂️	aide | apporter | diva | homme | homme avec paume vers le haut | homme paume vers le haut | homme paume vers le haut : peau mate | informations | insolent | main | paume vers le haut | peau mate | peu importe | potins | sarcastique
💁🏿‍♂️	aide | apporter | diva | homme | homme avec paume vers le haut | homme paume vers le haut | homme paume vers le haut : peau foncée | informations | insolent | main | paume vers le haut | peau foncée | peu importe | potins | sarcastique
💁‍♀️	femme | femme paume vers le haut | paume vers le haut
💁🏻‍♀️	femme | femme paume vers le haut | femme paume vers le haut : peau claire | paume vers le haut | peau claire
💁🏼‍♀️	femme | femme paume vers le haut | femme paume vers le haut : peau moyennement claire | paume vers le haut | peau moyennement claire
💁🏽‍♀️	femme | femme paume vers le haut | femme paume vers le haut : peau légèrement mate | paume vers le haut | peau légèrement mate
💁🏾‍♀️	femme | femme paume vers le haut | femme paume vers le haut : peau mate | paume vers le haut | peau mate
💁🏿‍♀️	femme | femme paume vers le haut | femme paume vers le haut : peau foncée | paume vers le haut | peau foncée
🙋	compte sur moi | content | femme qui lève la main | geste | ici | je sais | levée | main | moi | participer | personne qui lève la main | présente
🙋🏻	compte sur moi | content | femme qui lève la main | geste | ici | je sais | levée | main | moi | participer | peau claire | personne qui lève la main | personne qui lève la main : peau claire | présente
🙋🏼	compte sur moi | content | femme qui lève la main | geste | ici | je sais | levée | main | moi | participer | peau moyennement claire | personne qui lève la main | personne qui lève la main : peau moyennement claire | présente
🙋🏽	compte sur moi | content | femme qui lève la main | geste | ici | je sais | levée | main | moi | participer | peau légèrement mate | personne qui lève la main | personne qui lève la main : peau légèrement mate | présente
🙋🏾	compte sur moi | content | femme qui lève la main | geste | ici | je sais | levée | main | moi | participer | peau mate | personne qui lève la main | personne qui lève la main : peau mate | présente
🙋🏿	compte sur moi | content | femme qui lève la main | geste | ici | je sais | levée | main | moi | participer | peau foncée | personne qui lève la main | personne qui lève la main : peau foncée | présente
🙋‍♂️	geste | homme | homme qui lève la main | je sais | main | main levée | moi | personne qui lève la main | répondre
🙋🏻‍♂️	geste | homme | homme qui lève la main | homme qui lève la main : peau claire | je sais | main | main levée | moi | peau claire | personne qui lève la main | répondre
🙋🏼‍♂️	geste | homme | homme qui lève la main | homme qui lève la main : peau moyennement claire | je sais | main | main levée | moi | peau moyennement claire | personne qui lève la main | répondre
🙋🏽‍♂️	geste | homme | homme qui lève la main | homme qui lève la main : peau légèrement mate | je sais | main | main levée | moi | peau légèrement mate | personne qui lève la main | répondre
🙋🏾‍♂️	geste | homme | homme qui lève la main | homme qui lève la main : peau mate | je sais | main | main levée | moi | peau mate | personne qui lève la main | répondre
🙋🏿‍♂️	geste | homme | homme qui lève la main | homme qui lève la main : peau foncée | je sais | main | main levée | moi | peau foncée | personne qui lève la main | répondre
🙋‍♀️	femme | femme qui lève la main | geste | main levée
🙋🏻‍♀️	femme | femme qui lève la main | femme qui lève la main : peau claire | geste | main levée | peau claire
🙋🏼‍♀️	femme | femme qui lève la main | femme qui lève la main : peau moyennement claire | geste | main levée | peau moyennement claire
🙋🏽‍♀️	femme | femme qui lève la main | femme qui lève la main : peau légèrement mate | geste | main levée | peau légèrement mate
🙋🏾‍♀️	femme | femme qui lève la main | femme qui lève la main : peau mate | geste | main levée | peau mate
🙋🏿‍♀️	femme | femme qui lève la main | femme qui lève la main : peau foncée | geste | main levée | peau foncée
🧏	accessibilité | entendre | malentendant | oreille | personne sourde | sourd | surdité
🧏🏻	accessibilité | entendre | malentendant | oreille | peau claire | personne sourde | personne sourde : peau claire | sourd | surdité
🧏🏼	accessibilité | entendre | malentendant | oreille | peau moyennement claire | personne sourde | personne sourde : peau moyennement claire | sourd | surdité
🧏🏽	accessibilité | entendre | malentendant | oreille | peau légèrement mate | personne sourde | personne sourde : peau légèrement mate | sourd | surdité
🧏🏾	accessibilité | entendre | malentendant | oreille | peau mate | personne sourde | personne sourde : peau mate | sourd | surdité
🧏🏿	accessibilité | entendre | malentendant | oreille | peau foncée | personne sourde | personne sourde : peau foncée | sourd | surdité
🧏‍♂️	accessibilité | entendre | homme sourd | malentendant | oreille | sourd
🧏🏻‍♂️	accessibilité | entendre | homme sourd | homme sourd : peau claire | malentendant | oreille | peau claire | sourd
🧏🏼‍♂️	accessibilité | entendre | homme sourd | homme sourd : peau moyennement claire | malentendant | oreille | peau moyennement claire | sourd
🧏🏽‍♂️	accessibilité | entendre | homme sourd | homme sourd : peau légèrement mate | malentendant | oreille | peau légèrement mate | sourd
🧏🏾‍♂️	accessibilité | entendre | homme sourd | homme sourd : peau mate | malentendant | oreille | peau mate | sourd
🧏🏿‍♂️	accessibilité | entendre | homme sourd | homme sourd : peau foncée | malentendant | oreille | peau foncée | sourd
🧏‍♀️	accessibilité | entendre | femme sourde | malentendant | oreille | sourd
🧏🏻‍♀️	accessibilité | entendre | femme sourde | femme sourde : peau claire | malentendant | oreille | peau claire | sourd
🧏🏼‍♀️	accessibilité | entendre | femme sourde | femme sourde : peau moyennement claire | malentendant | oreille | peau moyennement claire | sourd
🧏🏽‍♀️	accessibilité | entendre | femme sourde | femme sourde : peau légèrement mate | malentendant | oreille | peau légèrement mate | sourd
🧏🏾‍♀️	accessibilité | entendre | femme sourde | femme sourde : peau mate | malentendant | oreille | peau mate | sourd
🧏🏿‍♀️	accessibilité | entendre | femme sourde | femme sourde : peau foncée | malentendant | oreille | peau foncée | sourd
🙇	OK | confus | désolé | excuses | geste | gronder | incliné | j’ai compris | pardon | personne inclinée | personne qui s’incline
🙇🏻	OK | confus | désolé | excuses | geste | gronder | incliné | j’ai compris | pardon | peau claire | personne inclinée | personne qui s’incline | personne qui s’incline : peau claire
🙇🏼	OK | confus | désolé | excuses | geste | gronder | incliné | j’ai compris | pardon | peau moyennement claire | personne inclinée | personne qui s’incline | personne qui s’incline : peau moyennement claire
🙇🏽	OK | confus | désolé | excuses | geste | gronder | incliné | j’ai compris | pardon | peau légèrement mate | personne inclinée | personne qui s’incline | personne qui s’incline : peau légèrement mate
🙇🏾	OK | confus | désolé | excuses | geste | gronder | incliné | j’ai compris | pardon | peau mate | personne inclinée | personne qui s’incline | personne qui s’incline : peau mate
🙇🏿	OK | confus | désolé | excuses | geste | gronder | incliné | j’ai compris | pardon | peau foncée | personne inclinée | personne qui s’incline | personne qui s’incline : peau foncée
🙇‍♂️	désolé | geste | homme | homme qui s’incline | incliné
🙇🏻‍♂️	désolé | geste | homme | homme qui s’incline | homme qui s’incline : peau claire | incliné | peau claire
🙇🏼‍♂️	désolé | geste | homme | homme qui s’incline | homme qui s’incline : peau moyennement claire | incliné | peau moyennement claire
🙇🏽‍♂️	désolé | geste | homme | homme qui s’incline | homme qui s’incline : peau légèrement mate | incliné | peau légèrement mate
🙇🏾‍♂️	désolé | geste | homme | homme qui s’incline | homme qui s’incline : peau mate | incliné | peau mate
🙇🏿‍♂️	désolé | geste | homme | homme qui s’incline | homme qui s’incline : peau foncée | incliné | peau foncée
🙇‍♀️	désolée | excuses | femme | femme qui se prosterne | femme qui s’incline | geste | inclinée | méditation | méditer
🙇🏻‍♀️	désolée | excuses | femme | femme qui se prosterne | femme qui s’incline | femme qui s’incline : peau claire | geste | inclinée | méditation | méditer | peau claire
🙇🏼‍♀️	désolée | excuses | femme | femme qui se prosterne | femme qui s’incline | femme qui s’incline : peau moyennement claire | geste | inclinée | méditation | méditer | peau moyennement claire
🙇🏽‍♀️	désolée | excuses | femme | femme qui se prosterne | femme qui s’incline | femme qui s’incline : peau légèrement mate | geste | inclinée | méditation | méditer | peau légèrement mate
🙇🏾‍♀️	désolée | excuses | femme | femme qui se prosterne | femme qui s’incline | femme qui s’incline : peau mate | geste | inclinée | méditation | méditer | peau mate
🙇🏿‍♀️	désolée | excuses | femme | femme qui se prosterne | femme qui s’incline | femme qui s’incline : peau foncée | geste | inclinée | méditation | méditer | peau foncée
🤦	drame | exaspération | femme avec paume sur visage | geste | incroyable | incrédulité | j’en peux plus | main | pas possible | paume de main | personne | personne avec la paume sur le visage | visage
🤦🏻	drame | exaspération | femme avec paume sur visage | geste | incroyable | incrédulité | j’en peux plus | main | pas possible | paume de main | peau claire | personne | personne avec la paume sur le visage | personne avec la paume sur le visage : peau claire | visage
🤦🏼	drame | exaspération | femme avec paume sur visage | geste | incroyable | incrédulité | j’en peux plus | main | pas possible | paume de main | peau moyennement claire | personne | personne avec la paume sur le visage | personne avec la paume sur le visage : peau moyennement claire | visage
🤦🏽	drame | exaspération | femme avec paume sur visage | geste | incroyable | incrédulité | j’en peux plus | main | pas possible | paume de main | peau légèrement mate | personne | personne avec la paume sur le visage | personne avec la paume sur le visage : peau légèrement mate | visage
🤦🏾	drame | exaspération | femme avec paume sur visage | geste | incroyable | incrédulité | j’en peux plus | main | pas possible | paume de main | peau mate | personne | personne avec la paume sur le visage | personne avec la paume sur le visage : peau mate | visage
🤦🏿	drame | exaspération | femme avec paume sur visage | geste | incroyable | incrédulité | j’en peux plus | main | pas possible | paume de main | peau foncée | personne | personne avec la paume sur le visage | personne avec la paume sur le visage : peau foncée | visage
🤦‍♂️	encore | exaspération | homme | homme avec la paume sur le visage | incroyable | incrédulité | main sur le visage | oh non | oubli | paume | personne
🤦🏻‍♂️	encore | exaspération | homme | homme avec la paume sur le visage | homme avec la paume sur le visage : peau claire | incroyable | incrédulité | main sur le visage | oh non | oubli | paume | peau claire | personne
🤦🏼‍♂️	encore | exaspération | homme | homme avec la paume sur le visage | homme avec la paume sur le visage : peau moyennement claire | incroyable | incrédulité | main sur le visage | oh non | oubli | paume | peau moyennement claire | personne
🤦🏽‍♂️	encore | exaspération | homme | homme avec la paume sur le visage | homme avec la paume sur le visage : peau légèrement mate | incroyable | incrédulité | main sur le visage | oh non | oubli | paume | peau légèrement mate | personne
🤦🏾‍♂️	encore | exaspération | homme | homme avec la paume sur le visage | homme avec la paume sur le visage : peau mate | incroyable | incrédulité | main sur le visage | oh non | oubli | paume | peau mate | personne
🤦🏿‍♂️	encore | exaspération | homme | homme avec la paume sur le visage | homme avec la paume sur le visage : peau foncée | incroyable | incrédulité | main sur le visage | oh non | oubli | paume | peau foncée | personne
🤦‍♀️	encore | exaspération | femme | femme avec la paume sur le visage | incroyable | incrédulité | j’y crois pas | main sur le visage | oh non | oubli | paume | personne
🤦🏻‍♀️	encore | exaspération | femme | femme avec la paume sur le visage | femme avec la paume sur le visage : peau claire | incroyable | incrédulité | j’y crois pas | main sur le visage | oh non | oubli | paume | peau claire | personne
🤦🏼‍♀️	encore | exaspération | femme | femme avec la paume sur le visage | femme avec la paume sur le visage : peau moyennement claire | incroyable | incrédulité | j’y crois pas | main sur le visage | oh non | oubli | paume | peau moyennement claire | personne
🤦🏽‍♀️	encore | exaspération | femme | femme avec la paume sur le visage | femme avec la paume sur le visage : peau légèrement mate | incroyable | incrédulité | j’y crois pas | main sur le visage | oh non | oubli | paume | peau légèrement mate | personne
🤦🏾‍♀️	encore | exaspération | femme | femme avec la paume sur le visage | femme avec la paume sur le visage : peau mate | incroyable | incrédulité | j’y crois pas | main sur le visage | oh non | oubli | paume | peau mate | personne
🤦🏿‍♀️	encore | exaspération | femme | femme avec la paume sur le visage | femme avec la paume sur le visage : peau foncée | incroyable | incrédulité | j’y crois pas | main sur le visage | oh non | oubli | paume | peau foncée | personne
🤷	aucune idée | c’est comme ça | doute | femme qui hausse les épaules | haussement d’épaules | ignorance | indifférence | je ne sais pas | personne | personne qui hausse les épaules | peut-être | que faire | qui sait
🤷🏻	aucune idée | c’est comme ça | doute | femme qui hausse les épaules | haussement d’épaules | ignorance | indifférence | je ne sais pas | peau claire | personne | personne qui hausse les épaules | personne qui hausse les épaules : peau claire | peut-être | que faire | qui sait
🤷🏼	aucune idée | c’est comme ça | doute | femme qui hausse les épaules | haussement d’épaules | ignorance | indifférence | je ne sais pas | peau moyennement claire | personne | personne qui hausse les épaules | personne qui hausse les épaules : peau moyennement claire | peut-être | que faire | qui sait
🤷🏽	aucune idée | c’est comme ça | doute | femme qui hausse les épaules | haussement d’épaules | ignorance | indifférence | je ne sais pas | peau légèrement mate | personne | personne qui hausse les épaules | personne qui hausse les épaules : peau légèrement mate | peut-être | que faire | qui sait
🤷🏾	aucune idée | c’est comme ça | doute | femme qui hausse les épaules | haussement d’épaules | ignorance | indifférence | je ne sais pas | peau mate | personne | personne qui hausse les épaules | personne qui hausse les épaules : peau mate | peut-être | que faire | qui sait
🤷🏿	aucune idée | c’est comme ça | doute | femme qui hausse les épaules | haussement d’épaules | ignorance | indifférence | je ne sais pas | peau foncée | personne | personne qui hausse les épaules | personne qui hausse les épaules : peau foncée | peut-être | que faire | qui sait
🤷‍♂️	aucune idée | doute | haussement | haussement d’épaules | homme | homme qui hausse les épaules | ignorance | indifférence | pas moi | personne | rien vu | sais pas
🤷🏻‍♂️	aucune idée | doute | haussement | haussement d’épaules | homme | homme qui hausse les épaules | homme qui hausse les épaules : peau claire | ignorance | indifférence | pas moi | peau claire | personne | rien vu | sais pas
🤷🏼‍♂️	aucune idée | doute | haussement | haussement d’épaules | homme | homme qui hausse les épaules | homme qui hausse les épaules : peau moyennement claire | ignorance | indifférence | pas moi | peau moyennement claire | personne | rien vu | sais pas
🤷🏽‍♂️	aucune idée | doute | haussement | haussement d’épaules | homme | homme qui hausse les épaules | homme qui hausse les épaules : peau légèrement mate | ignorance | indifférence | pas moi | peau légèrement mate | personne | rien vu | sais pas
🤷🏾‍♂️	aucune idée | doute | haussement | haussement d’épaules | homme | homme qui hausse les épaules | homme qui hausse les épaules : peau mate | ignorance | indifférence | pas moi | peau mate | personne | rien vu | sais pas
🤷🏿‍♂️	aucune idée | doute | haussement | haussement d’épaules | homme | homme qui hausse les épaules | homme qui hausse les épaules : peau foncée | ignorance | indifférence | pas moi | peau foncée | personne | rien vu | sais pas
🤷‍♀️	aucune idée | doute | femme | femme qui hausse les épaules | haussement | haussement d’épaules | ignorance | indifférence | je sais pas | pas moi | personne | rien vu
🤷🏻‍♀️	aucune idée | doute | femme | femme qui hausse les épaules | femme qui hausse les épaules : peau claire | haussement | haussement d’épaules | ignorance | indifférence | je sais pas | pas moi | peau claire | personne | rien vu
🤷🏼‍♀️	aucune idée | doute | femme | femme qui hausse les épaules | femme qui hausse les épaules : peau moyennement claire | haussement | haussement d’épaules | ignorance | indifférence | je sais pas | pas moi | peau moyennement claire | personne | rien vu
🤷🏽‍♀️	aucune idée | doute | femme | femme qui hausse les épaules | femme qui hausse les épaules : peau légèrement mate | haussement | haussement d’épaules | ignorance | indifférence | je sais pas | pas moi | peau légèrement mate | personne | rien vu
🤷🏾‍♀️	aucune idée | doute | femme | femme qui hausse les épaules | femme qui hausse les épaules : peau mate | haussement | haussement d’épaules | ignorance | indifférence | je sais pas | pas moi | peau mate | personne | rien vu
🤷🏿‍♀️	aucune idée | doute | femme | femme qui hausse les épaules | femme qui hausse les épaules : peau foncée | haussement | haussement d’épaules | ignorance | indifférence | je sais pas | pas moi | peau foncée | personne | rien vu
🧑‍⚕️	docteur | infirmier | médecin | professionnel de la santé (tous genres) | santé | thérapeute
🧑🏻‍⚕️	docteur | infirmier | médecin | peau claire | professionnel de la santé (tous genres) | professionnel de la santé (tous genres) : peau claire | santé | thérapeute
🧑🏼‍⚕️	docteur | infirmier | médecin | peau moyennement claire | professionnel de la santé (tous genres) | professionnel de la santé (tous genres) : peau moyennement claire | santé | thérapeute
🧑🏽‍⚕️	docteur | infirmier | médecin | peau légèrement mate | professionnel de la santé (tous genres) | professionnel de la santé (tous genres) : peau légèrement mate | santé | thérapeute
🧑🏾‍⚕️	docteur | infirmier | médecin | peau mate | professionnel de la santé (tous genres) | professionnel de la santé (tous genres) : peau mate | santé | thérapeute
🧑🏿‍⚕️	docteur | infirmier | médecin | peau foncée | professionnel de la santé (tous genres) | professionnel de la santé (tous genres) : peau foncée | santé | thérapeute
👨‍⚕️	docteur | homme | homme profession médicale | infirmier | médecin | métier | profession médicale | professionnel de la santé | santé
👨🏻‍⚕️	docteur | homme | homme profession médicale | infirmier | médecin | métier | peau claire | profession médicale | professionnel de la santé | professionnel de la santé : peau claire | santé
👨🏼‍⚕️	docteur | homme | homme profession médicale | infirmier | médecin | métier | peau moyennement claire | profession médicale | professionnel de la santé | professionnel de la santé : peau moyennement claire | santé
👨🏽‍⚕️	docteur | homme | homme profession médicale | infirmier | médecin | métier | peau légèrement mate | profession médicale | professionnel de la santé | professionnel de la santé : peau légèrement mate | santé
👨🏾‍⚕️	docteur | homme | homme profession médicale | infirmier | médecin | métier | peau mate | profession médicale | professionnel de la santé | professionnel de la santé : peau mate | santé
👨🏿‍⚕️	docteur | homme | homme profession médicale | infirmier | médecin | métier | peau foncée | profession médicale | professionnel de la santé | professionnel de la santé : peau foncée | santé
👩‍⚕️	docteur | docteure | femme | femme profession médicale | infirmière | médecin | métier | profession médicale | professionnelle de la santé | santé
👩🏻‍⚕️	docteur | docteure | femme | femme profession médicale | infirmière | médecin | métier | peau claire | profession médicale | professionnelle de la santé | professionnelle de la santé : peau claire | santé
👩🏼‍⚕️	docteur | docteure | femme | femme profession médicale | infirmière | médecin | métier | peau moyennement claire | profession médicale | professionnelle de la santé | professionnelle de la santé : peau moyennement claire | santé
👩🏽‍⚕️	docteur | docteure | femme | femme profession médicale | infirmière | médecin | métier | peau légèrement mate | profession médicale | professionnelle de la santé | professionnelle de la santé : peau légèrement mate | santé
👩🏾‍⚕️	docteur | docteure | femme | femme profession médicale | infirmière | médecin | métier | peau mate | profession médicale | professionnelle de la santé | professionnelle de la santé : peau mate | santé
👩🏿‍⚕️	docteur | docteure | femme | femme profession médicale | infirmière | médecin | métier | peau foncée | profession médicale | professionnelle de la santé | professionnelle de la santé : peau foncée | santé
🧑‍🎓	diplôme | étudiant | étudiant (tous genres) | étudiante
🧑🏻‍🎓	diplôme | peau claire | étudiant | étudiant (tous genres) | étudiant (tous genres) : peau claire | étudiante
🧑🏼‍🎓	diplôme | peau moyennement claire | étudiant | étudiant (tous genres) | étudiant (tous genres) : peau moyennement claire | étudiante
🧑🏽‍🎓	diplôme | peau légèrement mate | étudiant | étudiant (tous genres) | étudiant (tous genres) : peau légèrement mate | étudiante
🧑🏾‍🎓	diplôme | peau mate | étudiant | étudiant (tous genres) | étudiant (tous genres) : peau mate | étudiante
🧑🏿‍🎓	diplôme | peau foncée | étudiant | étudiant (tous genres) | étudiant (tous genres) : peau foncée | étudiante
👨‍🎓	diplômé | homme | étudiant
👨🏻‍🎓	diplômé | homme | peau claire | étudiant | étudiant : peau claire
👨🏼‍🎓	diplômé | homme | peau moyennement claire | étudiant | étudiant : peau moyennement claire
👨🏽‍🎓	diplômé | homme | peau légèrement mate | étudiant | étudiant : peau légèrement mate
👨🏾‍🎓	diplômé | homme | peau mate | étudiant | étudiant : peau mate
👨🏿‍🎓	diplômé | homme | peau foncée | étudiant | étudiant : peau foncée
👩‍🎓	diplômée | femme | étudiante
👩🏻‍🎓	diplômée | femme | peau claire | étudiante | étudiante : peau claire
👩🏼‍🎓	diplômée | femme | peau moyennement claire | étudiante | étudiante : peau moyennement claire
👩🏽‍🎓	diplômée | femme | peau légèrement mate | étudiante | étudiante : peau légèrement mate
👩🏾‍🎓	diplômée | femme | peau mate | étudiante | étudiante : peau mate
👩🏿‍🎓	diplômée | femme | peau foncée | étudiante | étudiante : peau foncée
🧑‍🏫	enseignant | enseignante | formateur | formatrice | personnel enseignant | professeur
🧑🏻‍🏫	enseignant | enseignante | formateur | formatrice | peau claire | personnel enseignant | personnel enseignant : peau claire | professeur
🧑🏼‍🏫	enseignant | enseignante | formateur | formatrice | peau moyennement claire | personnel enseignant | personnel enseignant : peau moyennement claire | professeur
🧑🏽‍🏫	enseignant | enseignante | formateur | formatrice | peau légèrement mate | personnel enseignant | personnel enseignant : peau légèrement mate | professeur
🧑🏾‍🏫	enseignant | enseignante | formateur | formatrice | peau mate | personnel enseignant | personnel enseignant : peau mate | professeur
🧑🏿‍🏫	enseignant | enseignante | formateur | formatrice | peau foncée | personnel enseignant | personnel enseignant : peau foncée | professeur
👨‍🏫	enseignant | homme | instituteur | instructeur | métier | professeur
👨🏻‍🏫	enseignant | enseignant : peau claire | homme | instituteur | instructeur | métier | peau claire | professeur
👨🏼‍🏫	enseignant | enseignant : peau moyennement claire | homme | instituteur | instructeur | métier | peau moyennement claire | professeur
👨🏽‍🏫	enseignant | enseignant : peau légèrement mate | homme | instituteur | instructeur | métier | peau légèrement mate | professeur
👨🏾‍🏫	enseignant | enseignant : peau mate | homme | instituteur | instructeur | métier | peau mate | professeur
👨🏿‍🏫	enseignant | enseignant : peau foncée | homme | instituteur | instructeur | métier | peau foncée | professeur
👩‍🏫	enseignante | femme | institutrice | instructrice | professeure
👩🏻‍🏫	enseignante | enseignante : peau claire | femme | institutrice | instructrice | peau claire | professeure
👩🏼‍🏫	enseignante | enseignante : peau moyennement claire | femme | institutrice | instructrice | peau moyennement claire | professeure
👩🏽‍🏫	enseignante | enseignante : peau légèrement mate | femme | institutrice | instructrice | peau légèrement mate | professeure
👩🏾‍🏫	enseignante | enseignante : peau mate | femme | institutrice | instructrice | peau mate | professeure
👩🏿‍🏫	enseignante | enseignante : peau foncée | femme | institutrice | instructrice | peau foncée | professeure
🧑‍⚖️	balance | juge
🧑🏻‍⚖️	balance | juge | juge : peau claire | peau claire
🧑🏼‍⚖️	balance | juge | juge : peau moyennement claire | peau moyennement claire
🧑🏽‍⚖️	balance | juge | juge : peau légèrement mate | peau légèrement mate
🧑🏾‍⚖️	balance | juge | juge : peau mate | peau mate
🧑🏿‍⚖️	balance | juge | juge : peau foncée | peau foncée
👨‍⚖️	balance | homme | juge | juge homme | justice | métier
👨🏻‍⚖️	balance | homme | juge | juge homme : peau claire | justice | métier | peau claire
👨🏼‍⚖️	balance | homme | juge | juge homme : peau moyennement claire | justice | métier | peau moyennement claire
👨🏽‍⚖️	balance | homme | juge | juge homme : peau légèrement mate | justice | métier | peau légèrement mate
👨🏾‍⚖️	balance | homme | juge | juge homme : peau mate | justice | métier | peau mate
👨🏿‍⚖️	balance | homme | juge | juge homme : peau foncée | justice | métier | peau foncée
👩‍⚖️	balance | femme | juge | juge femme | justice | métier
👩🏻‍⚖️	balance | femme | juge | juge femme : peau claire | justice | métier | peau claire
👩🏼‍⚖️	balance | femme | juge | juge femme : peau moyennement claire | justice | métier | peau moyennement claire
👩🏽‍⚖️	balance | femme | juge | juge femme : peau légèrement mate | justice | métier | peau légèrement mate
👩🏾‍⚖️	balance | femme | juge | juge femme : peau mate | justice | métier | peau mate
👩🏿‍⚖️	balance | femme | juge | juge femme : peau foncée | justice | métier | peau foncée
🧑‍🌾	fermier | fermier (tous genres) | fermière | jardinier | jardinière
🧑🏻‍🌾	fermier | fermier (tous genres) | fermier (tous genres) : peau claire | fermière | jardinier | jardinière | peau claire
🧑🏼‍🌾	fermier | fermier (tous genres) | fermier (tous genres) : peau moyennement claire | fermière | jardinier | jardinière | peau moyennement claire
🧑🏽‍🌾	fermier | fermier (tous genres) | fermier (tous genres) : peau légèrement mate | fermière | jardinier | jardinière | peau légèrement mate
🧑🏾‍🌾	fermier | fermier (tous genres) | fermier (tous genres) : peau mate | fermière | jardinier | jardinière | peau mate
🧑🏿‍🌾	fermier | fermier (tous genres) | fermier (tous genres) : peau foncée | fermière | jardinier | jardinière | peau foncée
👨‍🌾	agriculteur | fermier | homme | jardinier | métier
👨🏻‍🌾	agriculteur | fermier | fermier : peau claire | homme | jardinier | métier | peau claire
👨🏼‍🌾	agriculteur | fermier | fermier : peau moyennement claire | homme | jardinier | métier | peau moyennement claire
👨🏽‍🌾	agriculteur | fermier | fermier : peau légèrement mate | homme | jardinier | métier | peau légèrement mate
👨🏾‍🌾	agriculteur | fermier | fermier : peau mate | homme | jardinier | métier | peau mate
👨🏿‍🌾	agriculteur | fermier | fermier : peau foncée | homme | jardinier | métier | peau foncée
👩‍🌾	agricultrice | femme | fermière | jardinière | métier
👩🏻‍🌾	agricultrice | femme | fermière | fermière : peau claire | jardinière | métier | peau claire
👩🏼‍🌾	agricultrice | femme | fermière | fermière : peau moyennement claire | jardinière | métier | peau moyennement claire
👩🏽‍🌾	agricultrice | femme | fermière | fermière : peau légèrement mate | jardinière | métier | peau légèrement mate
👩🏾‍🌾	agricultrice | femme | fermière | fermière : peau mate | jardinière | métier | peau mate
👩🏿‍🌾	agricultrice | femme | fermière | fermière : peau foncée | jardinière | métier | peau foncée
🧑‍🍳	chef | cuisinier | cuisinier (tous genres) | cuisinière
🧑🏻‍🍳	chef | cuisinier | cuisinier (tous genres) | cuisinier (tous genres) : peau claire | cuisinière | peau claire
🧑🏼‍🍳	chef | cuisinier | cuisinier (tous genres) | cuisinier (tous genres) : peau moyennement claire | cuisinière | peau moyennement claire
🧑🏽‍🍳	chef | cuisinier | cuisinier (tous genres) | cuisinier (tous genres) : peau légèrement mate | cuisinière | peau légèrement mate
🧑🏾‍🍳	chef | cuisinier | cuisinier (tous genres) | cuisinier (tous genres) : peau mate | cuisinière | peau mate
🧑🏿‍🍳	chef | cuisinier | cuisinier (tous genres) | cuisinier (tous genres) : peau foncée | cuisinière | peau foncée
👨‍🍳	chef | cuisinier | homme | métier
👨🏻‍🍳	chef | cuisinier | cuisinier : peau claire | homme | métier | peau claire
👨🏼‍🍳	chef | cuisinier | cuisinier : peau moyennement claire | homme | métier | peau moyennement claire
👨🏽‍🍳	chef | cuisinier | cuisinier : peau légèrement mate | homme | métier | peau légèrement mate
👨🏾‍🍳	chef | cuisinier | cuisinier : peau mate | homme | métier | peau mate
👨🏿‍🍳	chef | cuisinier | cuisinier : peau foncée | homme | métier | peau foncée
👩‍🍳	chef | cuisinière | femme | métier
👩🏻‍🍳	chef | cuisinière | cuisinière : peau claire | femme | métier | peau claire
👩🏼‍🍳	chef | cuisinière | cuisinière : peau moyennement claire | femme | métier | peau moyennement claire
👩🏽‍🍳	chef | cuisinière | cuisinière : peau légèrement mate | femme | métier | peau légèrement mate
👩🏾‍🍳	chef | cuisinière | cuisinière : peau mate | femme | métier | peau mate
👩🏿‍🍳	chef | cuisinière | cuisinière : peau foncée | femme | métier | peau foncée
🧑‍🔧	artisan | mécanicien | mécanicien (tous genres) | mécanicienne | plombier | électricien | électricienne
🧑🏻‍🔧	artisan | mécanicien | mécanicien (tous genres) | mécanicien (tous genres) : peau claire | mécanicienne | peau claire | plombier | électricien | électricienne
🧑🏼‍🔧	artisan | mécanicien | mécanicien (tous genres) | mécanicien (tous genres) : peau moyennement claire | mécanicienne | peau moyennement claire | plombier | électricien | électricienne
🧑🏽‍🔧	artisan | mécanicien | mécanicien (tous genres) | mécanicien (tous genres) : peau légèrement mate | mécanicienne | peau légèrement mate | plombier | électricien | électricienne
🧑🏾‍🔧	artisan | mécanicien | mécanicien (tous genres) | mécanicien (tous genres) : peau mate | mécanicienne | peau mate | plombier | électricien | électricienne
🧑🏿‍🔧	artisan | mécanicien | mécanicien (tous genres) | mécanicien (tous genres) : peau foncée | mécanicienne | peau foncée | plombier | électricien | électricienne
👨‍🔧	homme | mécanicien | mécanique | métier | ouvrier | plombier | électricien
👨🏻‍🔧	homme | mécanicien | mécanicien : peau claire | mécanique | métier | ouvrier | peau claire | plombier | électricien
👨🏼‍🔧	homme | mécanicien | mécanicien : peau moyennement claire | mécanique | métier | ouvrier | peau moyennement claire | plombier | électricien
👨🏽‍🔧	homme | mécanicien | mécanicien : peau légèrement mate | mécanique | métier | ouvrier | peau légèrement mate | plombier | électricien
👨🏾‍🔧	homme | mécanicien | mécanicien : peau mate | mécanique | métier | ouvrier | peau mate | plombier | électricien
👨🏿‍🔧	homme | mécanicien | mécanicien : peau foncée | mécanique | métier | ouvrier | peau foncée | plombier | électricien
👩‍🔧	femme | mécanicienne | mécanique | métier | ouvrière | plombier | électricienne
👩🏻‍🔧	femme | mécanicienne | mécanicienne : peau claire | mécanique | métier | ouvrière | peau claire | plombier | électricienne
👩🏼‍🔧	femme | mécanicienne | mécanicienne : peau moyennement claire | mécanique | métier | ouvrière | peau moyennement claire | plombier | électricienne
👩🏽‍🔧	femme | mécanicienne | mécanicienne : peau légèrement mate | mécanique | métier | ouvrière | peau légèrement mate | plombier | électricienne
👩🏾‍🔧	femme | mécanicienne | mécanicienne : peau mate | mécanique | métier | ouvrière | peau mate | plombier | électricienne
👩🏿‍🔧	femme | mécanicienne | mécanicienne : peau foncée | mécanique | métier | ouvrière | peau foncée | plombier | électricienne
🧑‍🏭	assemblage | industrie | ouvrier | ouvrier (tous genres) | ouvrière | usine
🧑🏻‍🏭	assemblage | industrie | ouvrier | ouvrier (tous genres) | ouvrier (tous genres) : peau claire | ouvrière | peau claire | usine
🧑🏼‍🏭	assemblage | industrie | ouvrier | ouvrier (tous genres) | ouvrier (tous genres) : peau moyennement claire | ouvrière | peau moyennement claire | usine
🧑🏽‍🏭	assemblage | industrie | ouvrier | ouvrier (tous genres) | ouvrier (tous genres) : peau légèrement mate | ouvrière | peau légèrement mate | usine
🧑🏾‍🏭	assemblage | industrie | ouvrier | ouvrier (tous genres) | ouvrier (tous genres) : peau mate | ouvrière | peau mate | usine
🧑🏿‍🏭	assemblage | industrie | ouvrier | ouvrier (tous genres) | ouvrier (tous genres) : peau foncée | ouvrière | peau foncée | usine
👨‍🏭	assemblage | homme | industrie | montage | métier | ouvrier | usine
👨🏻‍🏭	assemblage | homme | industrie | montage | métier | ouvrier | ouvrier : peau claire | peau claire | usine
👨🏼‍🏭	assemblage | homme | industrie | montage | métier | ouvrier | ouvrier : peau moyennement claire | peau moyennement claire | usine
👨🏽‍🏭	assemblage | homme | industrie | montage | métier | ouvrier | ouvrier : peau légèrement mate | peau légèrement mate | usine
👨🏾‍🏭	assemblage | homme | industrie | montage | métier | ouvrier | ouvrier : peau mate | peau mate | usine
👨🏿‍🏭	assemblage | homme | industrie | montage | métier | ouvrier | ouvrier : peau foncée | peau foncée | usine
👩‍🏭	assemblage | femme | industrie | montage | métier | ouvrière | usine
👩🏻‍🏭	assemblage | femme | industrie | montage | métier | ouvrière | ouvrière : peau claire | peau claire | usine
👩🏼‍🏭	assemblage | femme | industrie | montage | métier | ouvrière | ouvrière : peau moyennement claire | peau moyennement claire | usine
👩🏽‍🏭	assemblage | femme | industrie | montage | métier | ouvrière | ouvrière : peau légèrement mate | peau légèrement mate | usine
👩🏾‍🏭	assemblage | femme | industrie | montage | métier | ouvrière | ouvrière : peau mate | peau mate | usine
👩🏿‍🏭	assemblage | femme | industrie | montage | métier | ouvrière | ouvrière : peau foncée | peau foncée | usine
🧑‍💼	affaires | architecte | bureau | employé de bureau | employé de bureau (tous genres) | employée de bureau
🧑🏻‍💼	affaires | architecte | bureau | employé de bureau | employé de bureau (tous genres) | employé de bureau (tous genres) : peau claire | employée de bureau | peau claire
🧑🏼‍💼	affaires | architecte | bureau | employé de bureau | employé de bureau (tous genres) | employé de bureau (tous genres) : peau moyennement claire | employée de bureau | peau moyennement claire
🧑🏽‍💼	affaires | architecte | bureau | employé de bureau | employé de bureau (tous genres) | employé de bureau (tous genres) : peau légèrement mate | employée de bureau | peau légèrement mate
🧑🏾‍💼	affaires | architecte | bureau | employé de bureau | employé de bureau (tous genres) | employé de bureau (tous genres) : peau mate | employée de bureau | peau mate
🧑🏿‍💼	affaires | architecte | bureau | employé de bureau | employé de bureau (tous genres) | employé de bureau (tous genres) : peau foncée | employée de bureau | peau foncée
👨‍💼	affaires | architecte | bureau | cadre | directeur | employé de bureau | homme | métier
👨🏻‍💼	affaires | architecte | bureau | cadre | directeur | employé de bureau | employé de bureau : peau claire | homme | métier | peau claire
👨🏼‍💼	affaires | architecte | bureau | cadre | directeur | employé de bureau | employé de bureau : peau moyennement claire | homme | métier | peau moyennement claire
👨🏽‍💼	affaires | architecte | bureau | cadre | directeur | employé de bureau | employé de bureau : peau légèrement mate | homme | métier | peau légèrement mate
👨🏾‍💼	affaires | architecte | bureau | cadre | directeur | employé de bureau | employé de bureau : peau mate | homme | métier | peau mate
👨🏿‍💼	affaires | architecte | bureau | cadre | directeur | employé de bureau | employé de bureau : peau foncée | homme | métier | peau foncée
👩‍💼	affaires | architecte | bureau | cadre | directrice | employée de bureau | femme | métier
👩🏻‍💼	affaires | architecte | bureau | cadre | directrice | employée de bureau | employée de bureau : peau claire | femme | métier | peau claire
👩🏼‍💼	affaires | architecte | bureau | cadre | directrice | employée de bureau | employée de bureau : peau moyennement claire | femme | métier | peau moyennement claire
👩🏽‍💼	affaires | architecte | bureau | cadre | directrice | employée de bureau | employée de bureau : peau légèrement mate | femme | métier | peau légèrement mate
👩🏾‍💼	affaires | architecte | bureau | cadre | directrice | employée de bureau | employée de bureau : peau mate | femme | métier | peau mate
👩🏿‍💼	affaires | architecte | bureau | cadre | directrice | employée de bureau | employée de bureau : peau foncée | femme | métier | peau foncée
🧑‍🔬	chimiste | scientifique
🧑🏻‍🔬	chimiste | peau claire | scientifique | scientifique : peau claire
🧑🏼‍🔬	chimiste | peau moyennement claire | scientifique | scientifique : peau moyennement claire
🧑🏽‍🔬	chimiste | peau légèrement mate | scientifique | scientifique : peau légèrement mate
🧑🏾‍🔬	chimiste | peau mate | scientifique | scientifique : peau mate
🧑🏿‍🔬	chimiste | peau foncée | scientifique | scientifique : peau foncée
👨‍🔬	biologiste | chimiste | homme | ingénieur | mathématicien | métier | physicien | scientifique | scientifique homme
👨🏻‍🔬	biologiste | chimiste | homme | ingénieur | mathématicien | métier | peau claire | physicien | scientifique | scientifique homme : peau claire
👨🏼‍🔬	biologiste | chimiste | homme | ingénieur | mathématicien | métier | peau moyennement claire | physicien | scientifique | scientifique homme : peau moyennement claire
👨🏽‍🔬	biologiste | chimiste | homme | ingénieur | mathématicien | métier | peau légèrement mate | physicien | scientifique | scientifique homme : peau légèrement mate
👨🏾‍🔬	biologiste | chimiste | homme | ingénieur | mathématicien | métier | peau mate | physicien | scientifique | scientifique homme : peau mate
👨🏿‍🔬	biologiste | chimiste | homme | ingénieur | mathématicien | métier | peau foncée | physicien | scientifique | scientifique homme : peau foncée
👩‍🔬	biologiste | chimiste | femme | ingénieure | mathématicienne | métier | physicienne | scientifique | scientifique femme
👩🏻‍🔬	biologiste | chimiste | femme | ingénieure | mathématicienne | métier | peau claire | physicienne | scientifique | scientifique femme : peau claire
👩🏼‍🔬	biologiste | chimiste | femme | ingénieure | mathématicienne | métier | peau moyennement claire | physicienne | scientifique | scientifique femme : peau moyennement claire
👩🏽‍🔬	biologiste | chimiste | femme | ingénieure | mathématicienne | métier | peau légèrement mate | physicienne | scientifique | scientifique femme : peau légèrement mate
👩🏾‍🔬	biologiste | chimiste | femme | ingénieure | mathématicienne | métier | peau mate | physicienne | scientifique | scientifique femme : peau mate
👩🏿‍🔬	biologiste | chimiste | femme | ingénieure | mathématicienne | métier | peau foncée | physicienne | scientifique | scientifique femme : peau foncée
🧑‍💻	développeur | développeuse | informaticien | informaticien (tous genres) | informaticienne | logiciels | technologie
🧑🏻‍💻	développeur | développeuse | informaticien | informaticien (tous genres) | informaticien (tous genres) : peau claire | informaticienne | logiciels | peau claire | technologie
🧑🏼‍💻	développeur | développeuse | informaticien | informaticien (tous genres) | informaticien (tous genres) : peau moyennement claire | informaticienne | logiciels | peau moyennement claire | technologie
🧑🏽‍💻	développeur | développeuse | informaticien | informaticien (tous genres) | informaticien (tous genres) : peau légèrement mate | informaticienne | logiciels | peau légèrement mate | technologie
🧑🏾‍💻	développeur | développeuse | informaticien | informaticien (tous genres) | informaticien (tous genres) : peau mate | informaticienne | logiciels | peau mate | technologie
🧑🏿‍💻	développeur | développeuse | informaticien | informaticien (tous genres) | informaticien (tous genres) : peau foncée | informaticienne | logiciels | peau foncée | technologie
👨‍💻	codeur | développeur | homme | informaticien | inventeur | logiciels | métier | technologie
👨🏻‍💻	codeur | développeur | homme | informaticien | informaticien : peau claire | inventeur | logiciels | métier | peau claire | technologie
👨🏼‍💻	codeur | développeur | homme | informaticien | informaticien : peau moyennement claire | inventeur | logiciels | métier | peau moyennement claire | technologie
👨🏽‍💻	codeur | développeur | homme | informaticien | informaticien : peau légèrement mate | inventeur | logiciels | métier | peau légèrement mate | technologie
👨🏾‍💻	codeur | développeur | homme | informaticien | informaticien : peau mate | inventeur | logiciels | métier | peau mate | technologie
👨🏿‍💻	codeur | développeur | homme | informaticien | informaticien : peau foncée | inventeur | logiciels | métier | peau foncée | technologie
👩‍💻	codeuse | développeuse | femme | informaticienne | inventrice | logiciels | métier | technologie
👩🏻‍💻	codeuse | développeuse | femme | informaticienne | informaticienne : peau claire | inventrice | logiciels | métier | peau claire | technologie
👩🏼‍💻	codeuse | développeuse | femme | informaticienne | informaticienne : peau moyennement claire | inventrice | logiciels | métier | peau moyennement claire | technologie
👩🏽‍💻	codeuse | développeuse | femme | informaticienne | informaticienne : peau légèrement mate | inventrice | logiciels | métier | peau légèrement mate | technologie
👩🏾‍💻	codeuse | développeuse | femme | informaticienne | informaticienne : peau mate | inventrice | logiciels | métier | peau mate | technologie
👩🏿‍💻	codeuse | développeuse | femme | informaticienne | informaticienne : peau foncée | inventrice | logiciels | métier | peau foncée | technologie
🧑‍🎤	artiste | chanteur | chanteur (tous genres) | chanteuse | rock | star
🧑🏻‍🎤	artiste | chanteur | chanteur (tous genres) | chanteur (tous genres) : peau claire | chanteuse | peau claire | rock | star
🧑🏼‍🎤	artiste | chanteur | chanteur (tous genres) | chanteur (tous genres) : peau moyennement claire | chanteuse | peau moyennement claire | rock | star
🧑🏽‍🎤	artiste | chanteur | chanteur (tous genres) | chanteur (tous genres) : peau légèrement mate | chanteuse | peau légèrement mate | rock | star
🧑🏾‍🎤	artiste | chanteur | chanteur (tous genres) | chanteur (tous genres) : peau mate | chanteuse | peau mate | rock | star
🧑🏿‍🎤	artiste | chanteur | chanteur (tous genres) | chanteur (tous genres) : peau foncée | chanteuse | peau foncée | rock | star
👨‍🎤	acteur | artiste | chanteur | homme | métier | rock | rockeur | star
👨🏻‍🎤	acteur | artiste | chanteur | chanteur : peau claire | homme | métier | peau claire | rock | rockeur | star
👨🏼‍🎤	acteur | artiste | chanteur | chanteur : peau moyennement claire | homme | métier | peau moyennement claire | rock | rockeur | star
👨🏽‍🎤	acteur | artiste | chanteur | chanteur : peau légèrement mate | homme | métier | peau légèrement mate | rock | rockeur | star
👨🏾‍🎤	acteur | artiste | chanteur | chanteur : peau mate | homme | métier | peau mate | rock | rockeur | star
👨🏿‍🎤	acteur | artiste | chanteur | chanteur : peau foncée | homme | métier | peau foncée | rock | rockeur | star
👩‍🎤	actrice | artiste | chanteuse | femme | métier | rock | rockeuse | star
👩🏻‍🎤	actrice | artiste | chanteuse | chanteuse : peau claire | femme | métier | peau claire | rock | rockeuse | star
👩🏼‍🎤	actrice | artiste | chanteuse | chanteuse : peau moyennement claire | femme | métier | peau moyennement claire | rock | rockeuse | star
👩🏽‍🎤	actrice | artiste | chanteuse | chanteuse : peau légèrement mate | femme | métier | peau légèrement mate | rock | rockeuse | star
👩🏾‍🎤	actrice | artiste | chanteuse | chanteuse : peau mate | femme | métier | peau mate | rock | rockeuse | star
👩🏿‍🎤	actrice | artiste | chanteuse | chanteuse : peau foncée | femme | métier | peau foncée | rock | rockeuse | star
🧑‍🎨	artiste | palette
🧑🏻‍🎨	artiste | artiste : peau claire | palette | peau claire
🧑🏼‍🎨	artiste | artiste : peau moyennement claire | palette | peau moyennement claire
🧑🏽‍🎨	artiste | artiste : peau légèrement mate | palette | peau légèrement mate
🧑🏾‍🎨	artiste | artiste : peau mate | palette | peau mate
🧑🏿‍🎨	artiste | artiste : peau foncée | palette | peau foncée
👨‍🎨	artiste | artiste homme | homme | métier | palette | peintre
👨🏻‍🎨	artiste | artiste homme : peau claire | homme | métier | palette | peau claire | peintre
👨🏼‍🎨	artiste | artiste homme : peau moyennement claire | homme | métier | palette | peau moyennement claire | peintre
👨🏽‍🎨	artiste | artiste homme : peau légèrement mate | homme | métier | palette | peau légèrement mate | peintre
👨🏾‍🎨	artiste | artiste homme : peau mate | homme | métier | palette | peau mate | peintre
👨🏿‍🎨	artiste | artiste homme : peau foncée | homme | métier | palette | peau foncée | peintre
👩‍🎨	artiste | artiste femme | femme | métier | palette | peintre
👩🏻‍🎨	artiste | artiste femme : peau claire | femme | métier | palette | peau claire | peintre
👩🏼‍🎨	artiste | artiste femme : peau moyennement claire | femme | métier | palette | peau moyennement claire | peintre
👩🏽‍🎨	artiste | artiste femme : peau légèrement mate | femme | métier | palette | peau légèrement mate | peintre
👩🏾‍🎨	artiste | artiste femme : peau mate | femme | métier | palette | peau mate | peintre
👩🏿‍🎨	artiste | artiste femme : peau foncée | femme | métier | palette | peau foncée | peintre
🧑‍✈️	avion | pilote
🧑🏻‍✈️	avion | peau claire | pilote | pilote : peau claire
🧑🏼‍✈️	avion | peau moyennement claire | pilote | pilote : peau moyennement claire
🧑🏽‍✈️	avion | peau légèrement mate | pilote | pilote : peau légèrement mate
🧑🏾‍✈️	avion | peau mate | pilote | pilote : peau mate
🧑🏿‍✈️	avion | peau foncée | pilote | pilote : peau foncée
👨‍✈️	avion | homme | métier | pilote | pilote homme
👨🏻‍✈️	avion | homme | métier | peau claire | pilote | pilote homme : peau claire
👨🏼‍✈️	avion | homme | métier | peau moyennement claire | pilote | pilote homme : peau moyennement claire
👨🏽‍✈️	avion | homme | métier | peau légèrement mate | pilote | pilote homme : peau légèrement mate
👨🏾‍✈️	avion | homme | métier | peau mate | pilote | pilote homme : peau mate
👨🏿‍✈️	avion | homme | métier | peau foncée | pilote | pilote homme : peau foncée
👩‍✈️	avion | femme | métier | pilote | pilote femme
👩🏻‍✈️	avion | femme | métier | peau claire | pilote | pilote femme : peau claire
👩🏼‍✈️	avion | femme | métier | peau moyennement claire | pilote | pilote femme : peau moyennement claire
👩🏽‍✈️	avion | femme | métier | peau légèrement mate | pilote | pilote femme : peau légèrement mate
👩🏾‍✈️	avion | femme | métier | peau mate | pilote | pilote femme : peau mate
👩🏿‍✈️	avion | femme | métier | peau foncée | pilote | pilote femme : peau foncée
🧑‍🚀	astronaute | fusée
🧑🏻‍🚀	astronaute | astronaute : peau claire | fusée | peau claire
🧑🏼‍🚀	astronaute | astronaute : peau moyennement claire | fusée | peau moyennement claire
🧑🏽‍🚀	astronaute | astronaute : peau légèrement mate | fusée | peau légèrement mate
🧑🏾‍🚀	astronaute | astronaute : peau mate | fusée | peau mate
🧑🏿‍🚀	astronaute | astronaute : peau foncée | fusée | peau foncée
👨‍🚀	astronaute | astronaute homme | casque | cosmonaute | espace | fusée | homme | métier | spationaute
👨🏻‍🚀	astronaute | astronaute homme : peau claire | casque | cosmonaute | espace | fusée | homme | métier | peau claire | spationaute
👨🏼‍🚀	astronaute | astronaute homme : peau moyennement claire | casque | cosmonaute | espace | fusée | homme | métier | peau moyennement claire | spationaute
👨🏽‍🚀	astronaute | astronaute homme : peau légèrement mate | casque | cosmonaute | espace | fusée | homme | métier | peau légèrement mate | spationaute
👨🏾‍🚀	astronaute | astronaute homme : peau mate | casque | cosmonaute | espace | fusée | homme | métier | peau mate | spationaute
👨🏿‍🚀	astronaute | astronaute homme : peau foncée | casque | cosmonaute | espace | fusée | homme | métier | peau foncée | spationaute
👩‍🚀	astronaute | astronaute femme | casque | cosmonaute | espace | femme | fusée | métier | spationaute
👩🏻‍🚀	astronaute | astronaute femme : peau claire | casque | cosmonaute | espace | femme | fusée | métier | peau claire | spationaute
👩🏼‍🚀	astronaute | astronaute femme : peau moyennement claire | casque | cosmonaute | espace | femme | fusée | métier | peau moyennement claire | spationaute
👩🏽‍🚀	astronaute | astronaute femme : peau légèrement mate | casque | cosmonaute | espace | femme | fusée | métier | peau légèrement mate | spationaute
👩🏾‍🚀	astronaute | astronaute femme : peau mate | casque | cosmonaute | espace | femme | fusée | métier | peau mate | spationaute
👩🏿‍🚀	astronaute | astronaute femme : peau foncée | casque | cosmonaute | espace | femme | fusée | métier | peau foncée | spationaute
🧑‍🚒	camion de pompiers | pompier
🧑🏻‍🚒	camion de pompiers | peau claire | pompier | pompier : peau claire
🧑🏼‍🚒	camion de pompiers | peau moyennement claire | pompier | pompier : peau moyennement claire
🧑🏽‍🚒	camion de pompiers | peau légèrement mate | pompier | pompier : peau légèrement mate
🧑🏾‍🚒	camion de pompiers | peau mate | pompier | pompier : peau mate
🧑🏿‍🚒	camion de pompiers | peau foncée | pompier | pompier : peau foncée
👨‍🚒	camion de pompiers | casque | casque de pompier | homme | métier | pompier | pompier homme
👨🏻‍🚒	camion de pompiers | casque | casque de pompier | homme | métier | peau claire | pompier | pompier homme : peau claire
👨🏼‍🚒	camion de pompiers | casque | casque de pompier | homme | métier | peau moyennement claire | pompier | pompier homme : peau moyennement claire
👨🏽‍🚒	camion de pompiers | casque | casque de pompier | homme | métier | peau légèrement mate | pompier | pompier homme : peau légèrement mate
👨🏾‍🚒	camion de pompiers | casque | casque de pompier | homme | métier | peau mate | pompier | pompier homme : peau mate
👨🏿‍🚒	camion de pompiers | casque | casque de pompier | homme | métier | peau foncée | pompier | pompier homme : peau foncée
👩‍🚒	camion de pompiers | casque | femme | métier | pompier | pompier femme
👩🏻‍🚒	camion de pompiers | casque | femme | métier | peau claire | pompier | pompier femme : peau claire
👩🏼‍🚒	camion de pompiers | casque | femme | métier | peau moyennement claire | pompier | pompier femme : peau moyennement claire
👩🏽‍🚒	camion de pompiers | casque | femme | métier | peau légèrement mate | pompier | pompier femme : peau légèrement mate
👩🏾‍🚒	camion de pompiers | casque | femme | métier | peau mate | pompier | pompier femme : peau mate
👩🏿‍🚒	camion de pompiers | casque | femme | métier | peau foncée | pompier | pompier femme : peau foncée
👮	autorité | flic | homme | loi | métier | officier | officier de police | personne | police | policier | tenue | uniforme
👮🏻	autorité | flic | homme | loi | métier | officier | officier de police | officier de police : peau claire | peau claire | personne | police | policier | tenue | uniforme
👮🏼	autorité | flic | homme | loi | métier | officier | officier de police | officier de police : peau moyennement claire | peau moyennement claire | personne | police | policier | tenue | uniforme
👮🏽	autorité | flic | homme | loi | métier | officier | officier de police | officier de police : peau légèrement mate | peau légèrement mate | personne | police | policier | tenue | uniforme
👮🏾	autorité | flic | homme | loi | métier | officier | officier de police | officier de police : peau mate | peau mate | personne | police | policier | tenue | uniforme
👮🏿	autorité | flic | homme | loi | métier | officier | officier de police | officier de police : peau foncée | peau foncée | personne | police | policier | tenue | uniforme
👮‍♂️	flic | homme | officier | police | policier
👮🏻‍♂️	flic | homme | officier | peau claire | police | policier | policier : peau claire
👮🏼‍♂️	flic | homme | officier | peau moyennement claire | police | policier | policier : peau moyennement claire
👮🏽‍♂️	flic | homme | officier | peau légèrement mate | police | policier | policier : peau légèrement mate
👮🏾‍♂️	flic | homme | officier | peau mate | police | policier | policier : peau mate
👮🏿‍♂️	flic | homme | officier | peau foncée | police | policier | policier : peau foncée
👮‍♀️	autorité | femme | flic | loi | métier | officier | personne | police | policière | tenue | uniforme
👮🏻‍♀️	autorité | femme | flic | loi | métier | officier | peau claire | personne | police | policière | policière : peau claire | tenue | uniforme
👮🏼‍♀️	autorité | femme | flic | loi | métier | officier | peau moyennement claire | personne | police | policière | policière : peau moyennement claire | tenue | uniforme
👮🏽‍♀️	autorité | femme | flic | loi | métier | officier | peau légèrement mate | personne | police | policière | policière : peau légèrement mate | tenue | uniforme
👮🏾‍♀️	autorité | femme | flic | loi | métier | officier | peau mate | personne | police | policière | policière : peau mate | tenue | uniforme
👮🏿‍♀️	autorité | femme | flic | loi | métier | officier | peau foncée | personne | police | policière | policière : peau foncée | tenue | uniforme
🕵️	détective | enquêteur | espion | homme
🕵🏻	détective | détective : peau claire | enquêteur | espion | homme | peau claire
🕵🏼	détective | détective : peau moyennement claire | enquêteur | espion | homme | peau moyennement claire
🕵🏽	détective | détective : peau légèrement mate | enquêteur | espion | homme | peau légèrement mate
🕵🏾	détective | détective : peau mate | enquêteur | espion | homme | peau mate
🕵🏿	détective | détective : peau foncée | enquêteur | espion | homme | peau foncée
🕵️‍♂️	détective | détective homme | enquêteur | espion | homme
🕵🏻‍♂️	détective | détective homme : peau claire | enquêteur | espion | homme | peau claire
🕵🏼‍♂️	détective | détective homme : peau moyennement claire | enquêteur | espion | homme | peau moyennement claire
🕵🏽‍♂️	détective | détective homme : peau légèrement mate | enquêteur | espion | homme | peau légèrement mate
🕵🏾‍♂️	détective | détective homme : peau mate | enquêteur | espion | homme | peau mate
🕵🏿‍♂️	détective | détective homme : peau foncée | enquêteur | espion | homme | peau foncée
🕵️‍♀️	détective | détective femme | enquêteuse | enquêtrice | espionne | femme
🕵🏻‍♀️	détective | détective femme : peau claire | enquêteuse | enquêtrice | espionne | femme | peau claire
🕵🏼‍♀️	détective | détective femme : peau moyennement claire | enquêteuse | enquêtrice | espionne | femme | peau moyennement claire
🕵🏽‍♀️	détective | détective femme : peau légèrement mate | enquêteuse | enquêtrice | espionne | femme | peau légèrement mate
🕵🏾‍♀️	détective | détective femme : peau mate | enquêteuse | enquêtrice | espionne | femme | peau mate
🕵🏿‍♀️	détective | détective femme : peau foncée | enquêteuse | enquêtrice | espionne | femme | peau foncée
💂	Buckingham Palace | Londres | casque | garde | garde homme
💂🏻	Buckingham Palace | Londres | casque | garde | garde homme | garde : peau claire | peau claire
💂🏼	Buckingham Palace | Londres | casque | garde | garde homme | garde : peau moyennement claire | peau moyennement claire
💂🏽	Buckingham Palace | Londres | casque | garde | garde homme | garde : peau légèrement mate | peau légèrement mate
💂🏾	Buckingham Palace | Londres | casque | garde | garde homme | garde : peau mate | peau mate
💂🏿	Buckingham Palace | Londres | casque | garde | garde homme | garde : peau foncée | peau foncée
💂‍♂️	garde | garde homme | homme
💂🏻‍♂️	garde | garde homme : peau claire | homme | peau claire
💂🏼‍♂️	garde | garde homme : peau moyennement claire | homme | peau moyennement claire
💂🏽‍♂️	garde | garde homme : peau légèrement mate | homme | peau légèrement mate
💂🏾‍♂️	garde | garde homme : peau mate | homme | peau mate
💂🏿‍♂️	garde | garde homme : peau foncée | homme | peau foncée
💂‍♀️	Buckingham Palace | Londres | casque | femme | garde | garde femme | métier
💂🏻‍♀️	Buckingham Palace | Londres | casque | femme | garde | garde femme : peau claire | métier | peau claire
💂🏼‍♀️	Buckingham Palace | Londres | casque | femme | garde | garde femme : peau moyennement claire | métier | peau moyennement claire
💂🏽‍♀️	Buckingham Palace | Londres | casque | femme | garde | garde femme : peau légèrement mate | métier | peau légèrement mate
💂🏾‍♀️	Buckingham Palace | Londres | casque | femme | garde | garde femme : peau mate | métier | peau mate
💂🏿‍♀️	Buckingham Palace | Londres | casque | femme | garde | garde femme : peau foncée | métier | peau foncée
🥷	assassin | combat | furtif | guerrier | masqué | ninja | personne | sabre | secret | soldat
🥷🏻	assassin | combat | furtif | guerrier | masqué | ninja | ninja : peau claire | peau claire | personne | sabre | secret | soldat
🥷🏼	assassin | combat | furtif | guerrier | masqué | ninja | ninja : peau moyennement claire | peau moyennement claire | personne | sabre | secret | soldat
🥷🏽	assassin | combat | furtif | guerrier | masqué | ninja | ninja : peau légèrement mate | peau légèrement mate | personne | sabre | secret | soldat
🥷🏾	assassin | combat | furtif | guerrier | masqué | ninja | ninja : peau mate | peau mate | personne | sabre | secret | soldat
🥷🏿	assassin | combat | furtif | guerrier | masqué | ninja | ninja : peau foncée | peau foncée | personne | sabre | secret | soldat
👷	BTP | bâtiment | casque | chantier | construction | homme | métier | ouvrier | personne | personnel du bâtiment | réparer
👷🏻	BTP | bâtiment | casque | chantier | construction | homme | métier | ouvrier | peau claire | personne | personnel du bâtiment | personnel du bâtiment : peau claire | réparer
👷🏼	BTP | bâtiment | casque | chantier | construction | homme | métier | ouvrier | peau moyennement claire | personne | personnel du bâtiment | personnel du bâtiment : peau moyennement claire | réparer
👷🏽	BTP | bâtiment | casque | chantier | construction | homme | métier | ouvrier | peau légèrement mate | personne | personnel du bâtiment | personnel du bâtiment : peau légèrement mate | réparer
👷🏾	BTP | bâtiment | casque | chantier | construction | homme | métier | ouvrier | peau mate | personne | personnel du bâtiment | personnel du bâtiment : peau mate | réparer
👷🏿	BTP | bâtiment | casque | chantier | construction | homme | métier | ouvrier | peau foncée | personne | personnel du bâtiment | personnel du bâtiment : peau foncée | réparer
👷‍♂️	bâtiment | homme | ouvrier | ouvrier du bâtiment
👷🏻‍♂️	bâtiment | homme | ouvrier | ouvrier du bâtiment | ouvrier du bâtiment : peau claire | peau claire
👷🏼‍♂️	bâtiment | homme | ouvrier | ouvrier du bâtiment | ouvrier du bâtiment : peau moyennement claire | peau moyennement claire
👷🏽‍♂️	bâtiment | homme | ouvrier | ouvrier du bâtiment | ouvrier du bâtiment : peau légèrement mate | peau légèrement mate
👷🏾‍♂️	bâtiment | homme | ouvrier | ouvrier du bâtiment | ouvrier du bâtiment : peau mate | peau mate
👷🏿‍♂️	bâtiment | homme | ouvrier | ouvrier du bâtiment | ouvrier du bâtiment : peau foncée | peau foncée
👷‍♀️	bâtiment | casque | casque de chantier | chantier | femme | métier | ouvrier du bâtiment femme | ouvrière | ouvrière du bâtiment
👷🏻‍♀️	bâtiment | casque | casque de chantier | chantier | femme | métier | ouvrier du bâtiment femme | ouvrière | ouvrière du bâtiment | ouvrière du bâtiment : peau claire | peau claire
👷🏼‍♀️	bâtiment | casque | casque de chantier | chantier | femme | métier | ouvrier du bâtiment femme | ouvrière | ouvrière du bâtiment | ouvrière du bâtiment : peau moyennement claire | peau moyennement claire
👷🏽‍♀️	bâtiment | casque | casque de chantier | chantier | femme | métier | ouvrier du bâtiment femme | ouvrière | ouvrière du bâtiment | ouvrière du bâtiment : peau légèrement mate | peau légèrement mate
👷🏾‍♀️	bâtiment | casque | casque de chantier | chantier | femme | métier | ouvrier du bâtiment femme | ouvrière | ouvrière du bâtiment | ouvrière du bâtiment : peau mate | peau mate
👷🏿‍♀️	bâtiment | casque | casque de chantier | chantier | femme | métier | ouvrier du bâtiment femme | ouvrière | ouvrière du bâtiment | ouvrière du bâtiment : peau foncée | peau foncée
🫅	monarque | noble | personne avec une couronne | royal | royauté
🫅🏻	monarque | noble | peau claire | personne avec une couronne | personne avec une couronne : peau claire | royal | royauté
🫅🏼	monarque | noble | peau moyennement claire | personne avec une couronne | personne avec une couronne : peau moyennement claire | royal | royauté
🫅🏽	monarque | noble | peau légèrement mate | personne avec une couronne | personne avec une couronne : peau légèrement mate | royal | royauté
🫅🏾	monarque | noble | peau mate | personne avec une couronne | personne avec une couronne : peau mate | royal | royauté
🫅🏿	monarque | noble | peau foncée | personne avec une couronne | personne avec une couronne : peau foncée | royal | royauté
🤴	couronne | prince | royal | royauté
🤴🏻	couronne | peau claire | prince | prince : peau claire | royal | royauté
🤴🏼	couronne | peau moyennement claire | prince | prince : peau moyennement claire | royal | royauté
🤴🏽	couronne | peau légèrement mate | prince | prince : peau légèrement mate | royal | royauté
🤴🏾	couronne | peau mate | prince | prince : peau mate | royal | royauté
🤴🏿	couronne | peau foncée | prince | prince : peau foncée | royal | royauté
👸	conte de fées | couronne | fantastique | personne | princesse | reine
👸🏻	conte de fées | couronne | fantastique | peau claire | personne | princesse | princesse : peau claire | reine
👸🏼	conte de fées | couronne | fantastique | peau moyennement claire | personne | princesse | princesse : peau moyennement claire | reine
👸🏽	conte de fées | couronne | fantastique | peau légèrement mate | personne | princesse | princesse : peau légèrement mate | reine
👸🏾	conte de fées | couronne | fantastique | peau mate | personne | princesse | princesse : peau mate | reine
👸🏿	conte de fées | couronne | fantastique | peau foncée | personne | princesse | princesse : peau foncée | reine
👳	homme avec turban | oriental | personne avec turban | personne en turban | turban | visage
👳🏻	homme avec turban | oriental | peau claire | personne avec turban | personne en turban | personne en turban : peau claire | turban | visage
👳🏼	homme avec turban | oriental | peau moyennement claire | personne avec turban | personne en turban | personne en turban : peau moyennement claire | turban | visage
👳🏽	homme avec turban | oriental | peau légèrement mate | personne avec turban | personne en turban | personne en turban : peau légèrement mate | turban | visage
👳🏾	homme avec turban | oriental | peau mate | personne avec turban | personne en turban | personne en turban : peau mate | turban | visage
👳🏿	homme avec turban | oriental | peau foncée | personne avec turban | personne en turban | personne en turban : peau foncée | turban | visage
👳‍♂️	homme | homme en turban | turban
👳🏻‍♂️	homme | homme en turban | homme en turban : peau claire | peau claire | turban
👳🏼‍♂️	homme | homme en turban | homme en turban : peau moyennement claire | peau moyennement claire | turban
👳🏽‍♂️	homme | homme en turban | homme en turban : peau légèrement mate | peau légèrement mate | turban
👳🏾‍♂️	homme | homme en turban | homme en turban : peau mate | peau mate | turban
👳🏿‍♂️	homme | homme en turban | homme en turban : peau foncée | peau foncée | turban
👳‍♀️	femme | femme avec turban | femme en turban | turban
👳🏻‍♀️	femme | femme avec turban | femme en turban | femme en turban : peau claire | peau claire | turban
👳🏼‍♀️	femme | femme avec turban | femme en turban | femme en turban : peau moyennement claire | peau moyennement claire | turban
👳🏽‍♀️	femme | femme avec turban | femme en turban | femme en turban : peau légèrement mate | peau légèrement mate | turban
👳🏾‍♀️	femme | femme avec turban | femme en turban | femme en turban : peau mate | peau mate | turban
👳🏿‍♀️	femme | femme avec turban | femme en turban | femme en turban : peau foncée | peau foncée | turban
👲	casquette mao | chapeau | homme | homme avec casquette chinoise
👲🏻	casquette mao | chapeau | homme | homme avec casquette chinoise | homme avec casquette chinoise : peau claire | peau claire
👲🏼	casquette mao | chapeau | homme | homme avec casquette chinoise | homme avec casquette chinoise : peau moyennement claire | peau moyennement claire
👲🏽	casquette mao | chapeau | homme | homme avec casquette chinoise | homme avec casquette chinoise : peau légèrement mate | peau légèrement mate
👲🏾	casquette mao | chapeau | homme | homme avec casquette chinoise | homme avec casquette chinoise : peau mate | peau mate
👲🏿	casquette mao | chapeau | homme | homme avec casquette chinoise | homme avec casquette chinoise : peau foncée | peau foncée
🧕	bandana | femme avec foulard | femme avec un voile | foulard | hijab | mantilla | tichel | voile
🧕🏻	bandana | femme avec foulard | femme avec foulard : peau claire | femme avec un voile | foulard | hijab | mantilla | peau claire | tichel | voile
🧕🏼	bandana | femme avec foulard | femme avec foulard : peau moyennement claire | femme avec un voile | foulard | hijab | mantilla | peau moyennement claire | tichel | voile
🧕🏽	bandana | femme avec foulard | femme avec foulard : peau légèrement mate | femme avec un voile | foulard | hijab | mantilla | peau légèrement mate | tichel | voile
🧕🏾	bandana | femme avec foulard | femme avec foulard : peau mate | femme avec un voile | foulard | hijab | mantilla | peau mate | tichel | voile
🧕🏿	bandana | femme avec foulard | femme avec foulard : peau foncée | femme avec un voile | foulard | hijab | mantilla | peau foncée | tichel | voile
🤵	homme | marié | personne en smoking | personne mariée | smoking | élégant
🤵🏻	homme | marié | peau claire | personne en smoking | personne en smoking : peau claire | personne mariée | smoking | élégant
🤵🏼	homme | marié | peau moyennement claire | personne en smoking | personne en smoking : peau moyennement claire | personne mariée | smoking | élégant
🤵🏽	homme | marié | peau légèrement mate | personne en smoking | personne en smoking : peau légèrement mate | personne mariée | smoking | élégant
🤵🏾	homme | marié | peau mate | personne en smoking | personne en smoking : peau mate | personne mariée | smoking | élégant
🤵🏿	homme | marié | peau foncée | personne en smoking | personne en smoking : peau foncée | personne mariée | smoking | élégant
🤵‍♂️	homme | homme en smoking | smoking
🤵🏻‍♂️	homme | homme en smoking | homme en smoking : peau claire | peau claire | smoking
🤵🏼‍♂️	homme | homme en smoking | homme en smoking : peau moyennement claire | peau moyennement claire | smoking
🤵🏽‍♂️	homme | homme en smoking | homme en smoking : peau légèrement mate | peau légèrement mate | smoking
🤵🏾‍♂️	homme | homme en smoking | homme en smoking : peau mate | peau mate | smoking
🤵🏿‍♂️	homme | homme en smoking | homme en smoking : peau foncée | peau foncée | smoking
🤵‍♀️	femme | femme en smoking | smoking
🤵🏻‍♀️	femme | femme en smoking | femme en smoking : peau claire | peau claire | smoking
🤵🏼‍♀️	femme | femme en smoking | femme en smoking : peau moyennement claire | peau moyennement claire | smoking
🤵🏽‍♀️	femme | femme en smoking | femme en smoking : peau légèrement mate | peau légèrement mate | smoking
🤵🏾‍♀️	femme | femme en smoking | femme en smoking : peau mate | peau mate | smoking
🤵🏿‍♀️	femme | femme en smoking | femme en smoking : peau foncée | peau foncée | smoking
👰	mariage | mariée | mariée avec voile | personne mariée avec voile | voile
👰🏻	mariage | mariée | mariée avec voile | peau claire | personne mariée avec voile | personne mariée avec voile : peau claire | voile
👰🏼	mariage | mariée | mariée avec voile | peau moyennement claire | personne mariée avec voile | personne mariée avec voile : peau moyennement claire | voile
👰🏽	mariage | mariée | mariée avec voile | peau légèrement mate | personne mariée avec voile | personne mariée avec voile : peau légèrement mate | voile
👰🏾	mariage | mariée | mariée avec voile | peau mate | personne mariée avec voile | personne mariée avec voile : peau mate | voile
👰🏿	mariage | mariée | mariée avec voile | peau foncée | personne mariée avec voile | personne mariée avec voile : peau foncée | voile
👰‍♂️	homme | homme avec voile | voile
👰🏻‍♂️	homme | homme avec voile | homme avec voile : peau claire | peau claire | voile
👰🏼‍♂️	homme | homme avec voile | homme avec voile : peau moyennement claire | peau moyennement claire | voile
👰🏽‍♂️	homme | homme avec voile | homme avec voile : peau légèrement mate | peau légèrement mate | voile
👰🏾‍♂️	homme | homme avec voile | homme avec voile : peau mate | peau mate | voile
👰🏿‍♂️	homme | homme avec voile | homme avec voile : peau foncée | peau foncée | voile
👰‍♀️	femme | femme avec voile | voile
👰🏻‍♀️	femme | femme avec voile | femme avec voile : peau claire | peau claire | voile
👰🏼‍♀️	femme | femme avec voile | femme avec voile : peau moyennement claire | peau moyennement claire | voile
👰🏽‍♀️	femme | femme avec voile | femme avec voile : peau légèrement mate | peau légèrement mate | voile
👰🏾‍♀️	femme | femme avec voile | femme avec voile : peau mate | peau mate | voile
👰🏿‍♀️	femme | femme avec voile | femme avec voile : peau foncée | peau foncée | voile
🤰	enceinte | femme | femme enceinte
🤰🏻	enceinte | femme | femme enceinte : peau claire | peau claire
🤰🏼	enceinte | femme | femme enceinte : peau moyennement claire | peau moyennement claire
🤰🏽	enceinte | femme | femme enceinte : peau légèrement mate | peau légèrement mate
🤰🏾	enceinte | femme | femme enceinte : peau mate | peau mate
🤰🏿	enceinte | femme | femme enceinte : peau foncée | peau foncée
🫃	enceinte | grossesse | homme enceint | homme enceinte | personne enceinte | trop mangé | ventre
🫃🏻	enceinte | grossesse | homme enceint | homme enceinte | homme enceint : peau claire | peau claire | personne enceinte | trop mangé | ventre
🫃🏼	enceinte | grossesse | homme enceint | homme enceinte | homme enceint : peau moyennement claire | peau moyennement claire | personne enceinte | trop mangé | ventre
🫃🏽	enceinte | grossesse | homme enceint | homme enceinte | homme enceint : peau légèrement mate | peau légèrement mate | personne enceinte | trop mangé | ventre
🫃🏾	enceinte | grossesse | homme enceint | homme enceinte | homme enceint : peau mate | peau mate | personne enceinte | trop mangé | ventre
🫃🏿	enceinte | grossesse | homme enceint | homme enceinte | homme enceint : peau foncée | peau foncée | personne enceinte | trop mangé | ventre
🫄	enceinte | grossesse | personne enceinte | trop mangé | ventre
🫄🏻	enceinte | grossesse | peau claire | personne enceinte | personne enceinte : peau claire | trop mangé | ventre
🫄🏼	enceinte | grossesse | peau moyennement claire | personne enceinte | personne enceinte : peau moyennement claire | trop mangé | ventre
🫄🏽	enceinte | grossesse | peau légèrement mate | personne enceinte | personne enceinte : peau légèrement mate | trop mangé | ventre
🫄🏾	enceinte | grossesse | peau mate | personne enceinte | personne enceinte : peau mate | trop mangé | ventre
🫄🏿	enceinte | grossesse | peau foncée | personne enceinte | personne enceinte : peau foncée | trop mangé | ventre
🤱	allaitement | bébé | maman | nourrice | nourrir le bébé | sein | soins
🤱🏻	allaitement | allaitement : peau claire | bébé | maman | nourrice | nourrir le bébé | peau claire | sein | soins
🤱🏼	allaitement | allaitement : peau moyennement claire | bébé | maman | nourrice | nourrir le bébé | peau moyennement claire | sein | soins
🤱🏽	allaitement | allaitement : peau légèrement mate | bébé | maman | nourrice | nourrir le bébé | peau légèrement mate | sein | soins
🤱🏾	allaitement | allaitement : peau mate | bébé | maman | nourrice | nourrir le bébé | peau mate | sein | soins
🤱🏿	allaitement | allaitement : peau foncée | bébé | maman | nourrice | nourrir le bébé | peau foncée | sein | soins
👩‍🍼	allaitement | biberon | bébé | femme | femme allaitant un bébé | maman | mère | nounou | nouveau-né | personne
👩🏻‍🍼	allaitement | biberon | bébé | femme | femme allaitant un bébé | femme allaitant un bébé : peau claire | maman | mère | nounou | nouveau-né | peau claire | personne
👩🏼‍🍼	allaitement | biberon | bébé | femme | femme allaitant un bébé | femme allaitant un bébé : peau moyennement claire | maman | mère | nounou | nouveau-né | peau moyennement claire | personne
👩🏽‍🍼	allaitement | biberon | bébé | femme | femme allaitant un bébé | femme allaitant un bébé : peau légèrement mate | maman | mère | nounou | nouveau-né | peau légèrement mate | personne
👩🏾‍🍼	allaitement | biberon | bébé | femme | femme allaitant un bébé | femme allaitant un bébé : peau mate | maman | mère | nounou | nouveau-né | peau mate | personne
👩🏿‍🍼	allaitement | biberon | bébé | femme | femme allaitant un bébé | femme allaitant un bébé : peau foncée | maman | mère | nounou | nouveau-né | peau foncée | personne
👨‍🍼	allaitement | biberon | bébé | homme | homme allaitant un bébé | nouveau-né | papa | personne | père
👨🏻‍🍼	allaitement | biberon | bébé | homme | homme allaitant un bébé | homme allaitant un bébé : peau claire | nouveau-né | papa | peau claire | personne | père
👨🏼‍🍼	allaitement | biberon | bébé | homme | homme allaitant un bébé | homme allaitant un bébé : peau moyennement claire | nouveau-né | papa | peau moyennement claire | personne | père
👨🏽‍🍼	allaitement | biberon | bébé | homme | homme allaitant un bébé | homme allaitant un bébé : peau légèrement mate | nouveau-né | papa | peau légèrement mate | personne | père
👨🏾‍🍼	allaitement | biberon | bébé | homme | homme allaitant un bébé | homme allaitant un bébé : peau mate | nouveau-né | papa | peau mate | personne | père
👨🏿‍🍼	allaitement | biberon | bébé | homme | homme allaitant un bébé | homme allaitant un bébé : peau foncée | nouveau-né | papa | peau foncée | personne | père
🧑‍🍼	allaitement | biberon | bébé | homme | maman | mère | nounou | nouveau-né | papa | personne | personne allaitant un bébé | père
🧑🏻‍🍼	allaitement | biberon | bébé | homme | maman | mère | nounou | nouveau-né | papa | peau claire | personne | personne allaitant un bébé | personne allaitant un bébé : peau claire | père
🧑🏼‍🍼	allaitement | biberon | bébé | homme | maman | mère | nounou | nouveau-né | papa | peau moyennement claire | personne | personne allaitant un bébé | personne allaitant un bébé : peau moyennement claire | père
🧑🏽‍🍼	allaitement | biberon | bébé | homme | maman | mère | nounou | nouveau-né | papa | peau légèrement mate | personne | personne allaitant un bébé | personne allaitant un bébé : peau légèrement mate | père
🧑🏾‍🍼	allaitement | biberon | bébé | homme | maman | mère | nounou | nouveau-né | papa | peau mate | personne | personne allaitant un bébé | personne allaitant un bébé : peau mate | père
🧑🏿‍🍼	allaitement | biberon | bébé | homme | maman | mère | nounou | nouveau-né | papa | peau foncée | personne | personne allaitant un bébé | personne allaitant un bébé : peau foncée | père
👼	ailes | ange | auréole | bébé | bébé ange | fantastique | visage | église | émoticône
👼🏻	ailes | ange | auréole | bébé | bébé ange : peau claire | fantastique | peau claire | visage | église | émoticône
👼🏼	ailes | ange | auréole | bébé | bébé ange : peau moyennement claire | fantastique | peau moyennement claire | visage | église | émoticône
👼🏽	ailes | ange | auréole | bébé | bébé ange : peau légèrement mate | fantastique | peau légèrement mate | visage | église | émoticône
👼🏾	ailes | ange | auréole | bébé | bébé ange : peau mate | fantastique | peau mate | visage | église | émoticône
👼🏿	ailes | ange | auréole | bébé | bébé ange : peau foncée | fantastique | peau foncée | visage | église | émoticône
🎅	Noël | Santa Claus | bonnet | fêtes | magie | noël | père | père Noël | tradition
🎅🏻	Noël | Santa Claus | bonnet | fêtes | magie | noël | peau claire | père | père Noël : peau claire | tradition
🎅🏼	Noël | Santa Claus | bonnet | fêtes | magie | noël | peau moyennement claire | père | père Noël : peau moyennement claire | tradition
🎅🏽	Noël | Santa Claus | bonnet | fêtes | magie | noël | peau légèrement mate | père | père Noël : peau légèrement mate | tradition
🎅🏾	Noël | Santa Claus | bonnet | fêtes | magie | noël | peau mate | père | père Noël : peau mate | tradition
🎅🏿	Noël | Santa Claus | bonnet | fêtes | magie | noël | peau foncée | père | père Noël : peau foncée | tradition
🤶	Noël | Santa | bonnet | fêtes | mère | mère Noël
🤶🏻	Noël | Santa | bonnet | fêtes | mère | mère Noël : peau claire | peau claire
🤶🏼	Noël | Santa | bonnet | fêtes | mère | mère Noël : peau moyennement claire | peau moyennement claire
🤶🏽	Noël | Santa | bonnet | fêtes | mère | mère Noël : peau légèrement mate | peau légèrement mate
🤶🏾	Noël | Santa | bonnet | fêtes | mère | mère Noël : peau mate | peau mate
🤶🏿	Noël | Santa | bonnet | fêtes | mère | mère Noël : peau foncée | peau foncée
🧑‍🎄	Noël | Papa Noël | Père Noël | Saint-Nicolas | Santa | joyeux Noël | noël | personne | santa
🧑🏻‍🎄	Noël | Papa Noël | Père Noël | Saint-Nicolas | Santa | joyeux Noël | noël | peau claire | personne | santa : peau claire
🧑🏼‍🎄	Noël | Papa Noël | Père Noël | Saint-Nicolas | Santa | joyeux Noël | noël | peau moyennement claire | personne | santa : peau moyennement claire
🧑🏽‍🎄	Noël | Papa Noël | Père Noël | Saint-Nicolas | Santa | joyeux Noël | noël | peau légèrement mate | personne | santa : peau légèrement mate
🧑🏾‍🎄	Noël | Papa Noël | Père Noël | Saint-Nicolas | Santa | joyeux Noël | noël | peau mate | personne | santa : peau mate
🧑🏿‍🎄	Noël | Papa Noël | Père Noël | Saint-Nicolas | Santa | joyeux Noël | noël | peau foncée | personne | santa : peau foncée
🦸	bien | cape | force | heroïne | héros | héroïne | personnage | sauver le monde | super pouvoir | super-héros | super-pouvoir | superhéros | superman | vengeur | voler
🦸🏻	bien | cape | force | heroïne | héros | héroïne | peau claire | personnage | sauver le monde | super pouvoir | super-héros | super-héros : peau claire | super-pouvoir | superhéros | superman | vengeur | voler
🦸🏼	bien | cape | force | heroïne | héros | héroïne | peau moyennement claire | personnage | sauver le monde | super pouvoir | super-héros | super-héros : peau moyennement claire | super-pouvoir | superhéros | superman | vengeur | voler
🦸🏽	bien | cape | force | heroïne | héros | héroïne | peau légèrement mate | personnage | sauver le monde | super pouvoir | super-héros | super-héros : peau légèrement mate | super-pouvoir | superhéros | superman | vengeur | voler
🦸🏾	bien | cape | force | heroïne | héros | héroïne | peau mate | personnage | sauver le monde | super pouvoir | super-héros | super-héros : peau mate | super-pouvoir | superhéros | superman | vengeur | voler
🦸🏿	bien | cape | force | heroïne | héros | héroïne | peau foncée | personnage | sauver le monde | super pouvoir | super-héros | super-héros : peau foncée | super-pouvoir | superhéros | superman | vengeur | voler
🦸‍♂️	bien | homme | héros | super-héros homme | super-pouvoir
🦸🏻‍♂️	bien | homme | héros | peau claire | super-héros homme | super-héros homme : peau claire | super-pouvoir
🦸🏼‍♂️	bien | homme | héros | peau moyennement claire | super-héros homme | super-héros homme : peau moyennement claire | super-pouvoir
🦸🏽‍♂️	bien | homme | héros | peau légèrement mate | super-héros homme | super-héros homme : peau légèrement mate | super-pouvoir
🦸🏾‍♂️	bien | homme | héros | peau mate | super-héros homme | super-héros homme : peau mate | super-pouvoir
🦸🏿‍♂️	bien | homme | héros | peau foncée | super-héros homme | super-héros homme : peau foncée | super-pouvoir
🦸‍♀️	bien | femme | héros | héroïne | super-héroïne | super-pouvoir
🦸🏻‍♀️	bien | femme | héros | héroïne | peau claire | super-héroïne | super-héroïne : peau claire | super-pouvoir
🦸🏼‍♀️	bien | femme | héros | héroïne | peau moyennement claire | super-héroïne | super-héroïne : peau moyennement claire | super-pouvoir
🦸🏽‍♀️	bien | femme | héros | héroïne | peau légèrement mate | super-héroïne | super-héroïne : peau légèrement mate | super-pouvoir
🦸🏾‍♀️	bien | femme | héros | héroïne | peau mate | super-héroïne | super-héroïne : peau mate | super-pouvoir
🦸🏿‍♀️	bien | femme | héros | héroïne | peau foncée | super-héroïne | super-héroïne : peau foncée | super-pouvoir
🦹	cape | criminel | diabolique | déguisement | mal | mauvais | méchant | personnage | super pouvoir | super vilain | super-pouvoir | super-vilain
🦹🏻	cape | criminel | diabolique | déguisement | mal | mauvais | méchant | peau claire | personnage | super pouvoir | super vilain | super-pouvoir | super-vilain | super-vilain : peau claire
🦹🏼	cape | criminel | diabolique | déguisement | mal | mauvais | méchant | peau moyennement claire | personnage | super pouvoir | super vilain | super-pouvoir | super-vilain | super-vilain : peau moyennement claire
🦹🏽	cape | criminel | diabolique | déguisement | mal | mauvais | méchant | peau légèrement mate | personnage | super pouvoir | super vilain | super-pouvoir | super-vilain | super-vilain : peau légèrement mate
🦹🏾	cape | criminel | diabolique | déguisement | mal | mauvais | méchant | peau mate | personnage | super pouvoir | super vilain | super-pouvoir | super-vilain | super-vilain : peau mate
🦹🏿	cape | criminel | diabolique | déguisement | mal | mauvais | méchant | peau foncée | personnage | super pouvoir | super vilain | super-pouvoir | super-vilain | super-vilain : peau foncée
🦹‍♂️	criminel | homme | mal | méchant | super-pouvoir | super-vilain homme
🦹🏻‍♂️	criminel | homme | mal | méchant | peau claire | super-pouvoir | super-vilain homme | super-vilain homme : peau claire
🦹🏼‍♂️	criminel | homme | mal | méchant | peau moyennement claire | super-pouvoir | super-vilain homme | super-vilain homme : peau moyennement claire
🦹🏽‍♂️	criminel | homme | mal | méchant | peau légèrement mate | super-pouvoir | super-vilain homme | super-vilain homme : peau légèrement mate
🦹🏾‍♂️	criminel | homme | mal | méchant | peau mate | super-pouvoir | super-vilain homme | super-vilain homme : peau mate
🦹🏿‍♂️	criminel | homme | mal | méchant | peau foncée | super-pouvoir | super-vilain homme | super-vilain homme : peau foncée
🦹‍♀️	criminelle | femme | mal | méchante | super-pouvoir | super-vilain femme
🦹🏻‍♀️	criminelle | femme | mal | méchante | peau claire | super-pouvoir | super-vilain femme | super-vilain femme : peau claire
🦹🏼‍♀️	criminelle | femme | mal | méchante | peau moyennement claire | super-pouvoir | super-vilain femme | super-vilain femme : peau moyennement claire
🦹🏽‍♀️	criminelle | femme | mal | méchante | peau légèrement mate | super-pouvoir | super-vilain femme | super-vilain femme : peau légèrement mate
🦹🏾‍♀️	criminelle | femme | mal | méchante | peau mate | super-pouvoir | super-vilain femme | super-vilain femme : peau mate
🦹🏿‍♀️	criminelle | femme | mal | méchante | peau foncée | super-pouvoir | super-vilain femme | super-vilain femme : peau foncée
🧙	chapeau | enchantement | ensorceleur | envoûtement | jeu de rôle | mage | magicien | personnage | sorcier | sorcière | sortilège
🧙🏻	chapeau | enchantement | ensorceleur | envoûtement | jeu de rôle | mage | mage : peau claire | magicien | peau claire | personnage | sorcier | sorcière | sortilège
🧙🏼	chapeau | enchantement | ensorceleur | envoûtement | jeu de rôle | mage | mage : peau moyennement claire | magicien | peau moyennement claire | personnage | sorcier | sorcière | sortilège
🧙🏽	chapeau | enchantement | ensorceleur | envoûtement | jeu de rôle | mage | mage : peau légèrement mate | magicien | peau légèrement mate | personnage | sorcier | sorcière | sortilège
🧙🏾	chapeau | enchantement | ensorceleur | envoûtement | jeu de rôle | mage | mage : peau mate | magicien | peau mate | personnage | sorcier | sorcière | sortilège
🧙🏿	chapeau | enchantement | ensorceleur | envoûtement | jeu de rôle | mage | mage : peau foncée | magicien | peau foncée | personnage | sorcier | sorcière | sortilège
🧙‍♂️	mage homme | magicien | sorcier
🧙🏻‍♂️	mage homme | mage homme : peau claire | magicien | peau claire | sorcier
🧙🏼‍♂️	mage homme | mage homme : peau moyennement claire | magicien | peau moyennement claire | sorcier
🧙🏽‍♂️	mage homme | mage homme : peau légèrement mate | magicien | peau légèrement mate | sorcier
🧙🏾‍♂️	mage homme | mage homme : peau mate | magicien | peau mate | sorcier
🧙🏿‍♂️	mage homme | mage homme : peau foncée | magicien | peau foncée | sorcier
🧙‍♀️	ensorceleuse | mage femme | sorcière
🧙🏻‍♀️	ensorceleuse | mage femme | mage femme : peau claire | peau claire | sorcière
🧙🏼‍♀️	ensorceleuse | mage femme | mage femme : peau moyennement claire | peau moyennement claire | sorcière
🧙🏽‍♀️	ensorceleuse | mage femme | mage femme : peau légèrement mate | peau légèrement mate | sorcière
🧙🏾‍♀️	ensorceleuse | mage femme | mage femme : peau mate | peau mate | sorcière
🧙🏿‍♀️	ensorceleuse | mage femme | mage femme : peau foncée | peau foncée | sorcière
🧚	Fée clochette | Obéron | Puck | Titania | ailes | déguisement | fée | féerie | magie | personnage féérique | voler
🧚🏻	Fée clochette | Obéron | Puck | Titania | ailes | déguisement | fée | féerie | magie | peau claire | personnage féérique | personnage féérique : peau claire | voler
🧚🏼	Fée clochette | Obéron | Puck | Titania | ailes | déguisement | fée | féerie | magie | peau moyennement claire | personnage féérique | personnage féérique : peau moyennement claire | voler
🧚🏽	Fée clochette | Obéron | Puck | Titania | ailes | déguisement | fée | féerie | magie | peau légèrement mate | personnage féérique | personnage féérique : peau légèrement mate | voler
🧚🏾	Fée clochette | Obéron | Puck | Titania | ailes | déguisement | fée | féerie | magie | peau mate | personnage féérique | personnage féérique : peau mate | voler
🧚🏿	Fée clochette | Obéron | Puck | Titania | ailes | déguisement | fée | féerie | magie | peau foncée | personnage féérique | personnage féérique : peau foncée | voler
🧚‍♂️	Obéron | Puck | féetaud
🧚🏻‍♂️	Obéron | Puck | féetaud | féetaud : peau claire | peau claire
🧚🏼‍♂️	Obéron | Puck | féetaud | féetaud : peau moyennement claire | peau moyennement claire
🧚🏽‍♂️	Obéron | Puck | féetaud | féetaud : peau légèrement mate | peau légèrement mate
🧚🏾‍♂️	Obéron | Puck | féetaud | féetaud : peau mate | peau mate
🧚🏿‍♂️	Obéron | Puck | féetaud | féetaud : peau foncée | peau foncée
🧚‍♀️	Titania | fée
🧚🏻‍♀️	Titania | fée | fée : peau claire | peau claire
🧚🏼‍♀️	Titania | fée | fée : peau moyennement claire | peau moyennement claire
🧚🏽‍♀️	Titania | fée | fée : peau légèrement mate | peau légèrement mate
🧚🏾‍♀️	Titania | fée | fée : peau mate | peau mate
🧚🏿‍♀️	Titania | fée | fée : peau foncée | peau foncée
🧛	Dracula | canines | cape | conte | dents | dracula | déguisement | halloween | mort-vivant | personnage | sang | vampire
🧛🏻	Dracula | canines | cape | conte | dents | dracula | déguisement | halloween | mort-vivant | peau claire | personnage | sang | vampire | vampire : peau claire
🧛🏼	Dracula | canines | cape | conte | dents | dracula | déguisement | halloween | mort-vivant | peau moyennement claire | personnage | sang | vampire | vampire : peau moyennement claire
🧛🏽	Dracula | canines | cape | conte | dents | dracula | déguisement | halloween | mort-vivant | peau légèrement mate | personnage | sang | vampire | vampire : peau légèrement mate
🧛🏾	Dracula | canines | cape | conte | dents | dracula | déguisement | halloween | mort-vivant | peau mate | personnage | sang | vampire | vampire : peau mate
🧛🏿	Dracula | canines | cape | conte | dents | dracula | déguisement | halloween | mort-vivant | peau foncée | personnage | sang | vampire | vampire : peau foncée
🧛‍♂️	Dracula | mort-vivant | vampire homme
🧛🏻‍♂️	Dracula | mort-vivant | peau claire | vampire homme | vampire homme : peau claire
🧛🏼‍♂️	Dracula | mort-vivant | peau moyennement claire | vampire homme | vampire homme : peau moyennement claire
🧛🏽‍♂️	Dracula | mort-vivant | peau légèrement mate | vampire homme | vampire homme : peau légèrement mate
🧛🏾‍♂️	Dracula | mort-vivant | peau mate | vampire homme | vampire homme : peau mate
🧛🏿‍♂️	Dracula | mort-vivant | peau foncée | vampire homme | vampire homme : peau foncée
🧛‍♀️	morte-vivante | vampire femme
🧛🏻‍♀️	morte-vivante | peau claire | vampire femme | vampire femme : peau claire
🧛🏼‍♀️	morte-vivante | peau moyennement claire | vampire femme | vampire femme : peau moyennement claire
🧛🏽‍♀️	morte-vivante | peau légèrement mate | vampire femme | vampire femme : peau légèrement mate
🧛🏾‍♀️	morte-vivante | peau mate | vampire femme | vampire femme : peau mate
🧛🏿‍♀️	morte-vivante | peau foncée | vampire femme | vampire femme : peau foncée
🧜	ariel | créature aquatique | folklore | mer | océan | personnage | petite sirène | queue de poisson | sirène | trident | triton
🧜🏻	ariel | créature aquatique | créature aquatique : peau claire | folklore | mer | océan | peau claire | personnage | petite sirène | queue de poisson | sirène | trident | triton
🧜🏼	ariel | créature aquatique | créature aquatique : peau moyennement claire | folklore | mer | océan | peau moyennement claire | personnage | petite sirène | queue de poisson | sirène | trident | triton
🧜🏽	ariel | créature aquatique | créature aquatique : peau légèrement mate | folklore | mer | océan | peau légèrement mate | personnage | petite sirène | queue de poisson | sirène | trident | triton
🧜🏾	ariel | créature aquatique | créature aquatique : peau mate | folklore | mer | océan | peau mate | personnage | petite sirène | queue de poisson | sirène | trident | triton
🧜🏿	ariel | créature aquatique | créature aquatique : peau foncée | folklore | mer | océan | peau foncée | personnage | petite sirène | queue de poisson | sirène | trident | triton
🧜‍♂️	Triton | triton
🧜🏻‍♂️	Triton | peau claire | triton : peau claire
🧜🏼‍♂️	Triton | peau moyennement claire | triton : peau moyennement claire
🧜🏽‍♂️	Triton | peau légèrement mate | triton : peau légèrement mate
🧜🏾‍♂️	Triton | peau mate | triton : peau mate
🧜🏿‍♂️	Triton | peau foncée | triton : peau foncée
🧜‍♀️	sirène
🧜🏻‍♀️	peau claire | sirène | sirène : peau claire
🧜🏼‍♀️	peau moyennement claire | sirène | sirène : peau moyennement claire
🧜🏽‍♀️	peau légèrement mate | sirène | sirène : peau légèrement mate
🧜🏾‍♀️	peau mate | sirène | sirène : peau mate
🧜🏿‍♀️	peau foncée | sirène | sirène : peau foncée
🧝	conte | elf | elfe | le seigneur des anneaux | legolas | magique | oreilles | personnage
🧝🏻	conte | elf | elfe | elfe : peau claire | le seigneur des anneaux | legolas | magique | oreilles | peau claire | personnage
🧝🏼	conte | elf | elfe | elfe : peau moyennement claire | le seigneur des anneaux | legolas | magique | oreilles | peau moyennement claire | personnage
🧝🏽	conte | elf | elfe | elfe : peau légèrement mate | le seigneur des anneaux | legolas | magique | oreilles | peau légèrement mate | personnage
🧝🏾	conte | elf | elfe | elfe : peau mate | le seigneur des anneaux | legolas | magique | oreilles | peau mate | personnage
🧝🏿	conte | elf | elfe | elfe : peau foncée | le seigneur des anneaux | legolas | magique | oreilles | peau foncée | personnage
🧝‍♂️	elfe homme | magique
🧝🏻‍♂️	elfe homme | elfe homme : peau claire | magique | peau claire
🧝🏼‍♂️	elfe homme | elfe homme : peau moyennement claire | magique | peau moyennement claire
🧝🏽‍♂️	elfe homme | elfe homme : peau légèrement mate | magique | peau légèrement mate
🧝🏾‍♂️	elfe homme | elfe homme : peau mate | magique | peau mate
🧝🏿‍♂️	elfe homme | elfe homme : peau foncée | magique | peau foncée
🧝‍♀️	elfe femme | magique
🧝🏻‍♀️	elfe femme | elfe femme : peau claire | magique | peau claire
🧝🏼‍♀️	elfe femme | elfe femme : peau moyennement claire | magique | peau moyennement claire
🧝🏽‍♀️	elfe femme | elfe femme : peau légèrement mate | magique | peau légèrement mate
🧝🏾‍♀️	elfe femme | elfe femme : peau mate | magique | peau mate
🧝🏿‍♀️	elfe femme | elfe femme : peau foncée | magique | peau foncée
🧞	aladin | djinn | génie | homme génie | lampe magique | magie | personnage | souhait | voeu | vœu
🧞‍♂️	djinn | génie homme
🧞‍♀️	djinn | génie femme
🧟	effrayant | flippant | halloween | horreur | mort vivant | mort-vivant | personnage | peur | zombie
🧟‍♂️	mort-vivant | zombie homme
🧟‍♀️	morte-vivante | zombie femme
🧌	conte de fées | légende | monstre | mythe | troll | troller
🫈	bigfoot | cryptide | créature velue | forêt | géant | homme sauvage | poilu | sasquatch | yéti
💆	détente | femme qui se fait masser | fermer les yeux | massage | personne qui se fait masser | relaxation | repos | salon | thérapie | tête | visage | zen
💆🏻	détente | femme qui se fait masser | fermer les yeux | massage | peau claire | personne qui se fait masser | personne qui se fait masser : peau claire | relaxation | repos | salon | thérapie | tête | visage | zen
💆🏼	détente | femme qui se fait masser | fermer les yeux | massage | peau moyennement claire | personne qui se fait masser | personne qui se fait masser : peau moyennement claire | relaxation | repos | salon | thérapie | tête | visage | zen
💆🏽	détente | femme qui se fait masser | fermer les yeux | massage | peau légèrement mate | personne qui se fait masser | personne qui se fait masser : peau légèrement mate | relaxation | repos | salon | thérapie | tête | visage | zen
💆🏾	détente | femme qui se fait masser | fermer les yeux | massage | peau mate | personne qui se fait masser | personne qui se fait masser : peau mate | relaxation | repos | salon | thérapie | tête | visage | zen
💆🏿	détente | femme qui se fait masser | fermer les yeux | massage | peau foncée | personne qui se fait masser | personne qui se fait masser : peau foncée | relaxation | repos | salon | thérapie | tête | visage | zen
💆‍♂️	apaiser | homme | homme qui se fait masser | homme qui se fait masser le visage | mal de tête | massage | migraine | relaxation | salon | tension | visage
💆🏻‍♂️	apaiser | homme | homme qui se fait masser | homme qui se fait masser le visage | homme qui se fait masser : peau claire | mal de tête | massage | migraine | peau claire | relaxation | salon | tension | visage
💆🏼‍♂️	apaiser | homme | homme qui se fait masser | homme qui se fait masser le visage | homme qui se fait masser : peau moyennement claire | mal de tête | massage | migraine | peau moyennement claire | relaxation | salon | tension | visage
💆🏽‍♂️	apaiser | homme | homme qui se fait masser | homme qui se fait masser le visage | homme qui se fait masser : peau légèrement mate | mal de tête | massage | migraine | peau légèrement mate | relaxation | salon | tension | visage
💆🏾‍♂️	apaiser | homme | homme qui se fait masser | homme qui se fait masser le visage | homme qui se fait masser : peau mate | mal de tête | massage | migraine | peau mate | relaxation | salon | tension | visage
💆🏿‍♂️	apaiser | homme | homme qui se fait masser | homme qui se fait masser le visage | homme qui se fait masser : peau foncée | mal de tête | massage | migraine | peau foncée | relaxation | salon | tension | visage
💆‍♀️	femme | femme qui se fait masser | massage | visage
💆🏻‍♀️	femme | femme qui se fait masser | femme qui se fait masser : peau claire | massage | peau claire | visage
💆🏼‍♀️	femme | femme qui se fait masser | femme qui se fait masser : peau moyennement claire | massage | peau moyennement claire | visage
💆🏽‍♀️	femme | femme qui se fait masser | femme qui se fait masser : peau légèrement mate | massage | peau légèrement mate | visage
💆🏾‍♀️	femme | femme qui se fait masser | femme qui se fait masser : peau mate | massage | peau mate | visage
💆🏿‍♀️	femme | femme qui se fait masser | femme qui se fait masser : peau foncée | massage | peau foncée | visage
💇	barbier | beauté | cheveux | ciseaux | coiffure | coupe de cheveux | couper | femme qui se fait couper les cheveux | personne | personne qui se fait couper les cheveux | salon | style
💇🏻	barbier | beauté | cheveux | ciseaux | coiffure | coupe de cheveux | couper | femme qui se fait couper les cheveux | peau claire | personne | personne qui se fait couper les cheveux | personne qui se fait couper les cheveux : peau claire | salon | style
💇🏼	barbier | beauté | cheveux | ciseaux | coiffure | coupe de cheveux | couper | femme qui se fait couper les cheveux | peau moyennement claire | personne | personne qui se fait couper les cheveux | personne qui se fait couper les cheveux : peau moyennement claire | salon | style
💇🏽	barbier | beauté | cheveux | ciseaux | coiffure | coupe de cheveux | couper | femme qui se fait couper les cheveux | peau légèrement mate | personne | personne qui se fait couper les cheveux | personne qui se fait couper les cheveux : peau légèrement mate | salon | style
💇🏾	barbier | beauté | cheveux | ciseaux | coiffure | coupe de cheveux | couper | femme qui se fait couper les cheveux | peau mate | personne | personne qui se fait couper les cheveux | personne qui se fait couper les cheveux : peau mate | salon | style
💇🏿	barbier | beauté | cheveux | ciseaux | coiffure | coupe de cheveux | couper | femme qui se fait couper les cheveux | peau foncée | personne | personne qui se fait couper les cheveux | personne qui se fait couper les cheveux : peau foncée | salon | style
💇‍♂️	coiffeur | coiffure | coupe de cheveux | couper les cheveux | homme | homme chez le coiffeur | homme qui se fait couper les cheveux | salon de coiffure
💇🏻‍♂️	coiffeur | coiffure | coupe de cheveux | couper les cheveux | homme | homme chez le coiffeur | homme qui se fait couper les cheveux | homme qui se fait couper les cheveux : peau claire | peau claire | salon de coiffure
💇🏼‍♂️	coiffeur | coiffure | coupe de cheveux | couper les cheveux | homme | homme chez le coiffeur | homme qui se fait couper les cheveux | homme qui se fait couper les cheveux : peau moyennement claire | peau moyennement claire | salon de coiffure
💇🏽‍♂️	coiffeur | coiffure | coupe de cheveux | couper les cheveux | homme | homme chez le coiffeur | homme qui se fait couper les cheveux | homme qui se fait couper les cheveux : peau légèrement mate | peau légèrement mate | salon de coiffure
💇🏾‍♂️	coiffeur | coiffure | coupe de cheveux | couper les cheveux | homme | homme chez le coiffeur | homme qui se fait couper les cheveux | homme qui se fait couper les cheveux : peau mate | peau mate | salon de coiffure
💇🏿‍♂️	coiffeur | coiffure | coupe de cheveux | couper les cheveux | homme | homme chez le coiffeur | homme qui se fait couper les cheveux | homme qui se fait couper les cheveux : peau foncée | peau foncée | salon de coiffure
💇‍♀️	coiffure | femme | femme qui se fait couper les cheveux
💇🏻‍♀️	coiffure | femme | femme qui se fait couper les cheveux | femme qui se fait couper les cheveux : peau claire | peau claire
💇🏼‍♀️	coiffure | femme | femme qui se fait couper les cheveux | femme qui se fait couper les cheveux : peau moyennement claire | peau moyennement claire
💇🏽‍♀️	coiffure | femme | femme qui se fait couper les cheveux | femme qui se fait couper les cheveux : peau légèrement mate | peau légèrement mate
💇🏾‍♀️	coiffure | femme | femme qui se fait couper les cheveux | femme qui se fait couper les cheveux : peau mate | peau mate
💇🏿‍♀️	coiffure | femme | femme qui se fait couper les cheveux | femme qui se fait couper les cheveux : peau foncée | peau foncée
🚶	balade | en route | flâner | homme | marche | marcher | nonchalant | personne | personne qui marche | piéton | promenade | se balader
🚶🏻	balade | en route | flâner | homme | marche | marcher | nonchalant | peau claire | personne | personne qui marche | personne qui marche : peau claire | piéton | promenade | se balader
🚶🏼	balade | en route | flâner | homme | marche | marcher | nonchalant | peau moyennement claire | personne | personne qui marche | personne qui marche : peau moyennement claire | piéton | promenade | se balader
🚶🏽	balade | en route | flâner | homme | marche | marcher | nonchalant | peau légèrement mate | personne | personne qui marche | personne qui marche : peau légèrement mate | piéton | promenade | se balader
🚶🏾	balade | en route | flâner | homme | marche | marcher | nonchalant | peau mate | personne | personne qui marche | personne qui marche : peau mate | piéton | promenade | se balader
🚶🏿	balade | en route | flâner | homme | marche | marcher | nonchalant | peau foncée | personne | personne qui marche | personne qui marche : peau foncée | piéton | promenade | se balader
🚶‍♂️	homme | homme qui marche | marche | piéton
🚶🏻‍♂️	homme | homme qui marche | homme qui marche : peau claire | marche | peau claire | piéton
🚶🏼‍♂️	homme | homme qui marche | homme qui marche : peau moyennement claire | marche | peau moyennement claire | piéton
🚶🏽‍♂️	homme | homme qui marche | homme qui marche : peau légèrement mate | marche | peau légèrement mate | piéton
🚶🏾‍♂️	homme | homme qui marche | homme qui marche : peau mate | marche | peau mate | piéton
🚶🏿‍♂️	homme | homme qui marche | homme qui marche : peau foncée | marche | peau foncée | piéton
🚶‍♀️	femme | femme qui marche | marche | marcher | piétonne | randonneuse
🚶🏻‍♀️	femme | femme qui marche | femme qui marche : peau claire | marche | marcher | peau claire | piétonne | randonneuse
🚶🏼‍♀️	femme | femme qui marche | femme qui marche : peau moyennement claire | marche | marcher | peau moyennement claire | piétonne | randonneuse
🚶🏽‍♀️	femme | femme qui marche | femme qui marche : peau légèrement mate | marche | marcher | peau légèrement mate | piétonne | randonneuse
🚶🏾‍♀️	femme | femme qui marche | femme qui marche : peau mate | marche | marcher | peau mate | piétonne | randonneuse
🚶🏿‍♀️	femme | femme qui marche | femme qui marche : peau foncée | marche | marcher | peau foncée | piétonne | randonneuse
🚶‍➡️	balade | droite | en route | flâner | homme | la | marche | marcher | nonchalant | personne | personne qui marche | personne qui marche : vers la droite | piéton | promenade | se balader | vers
🚶🏻‍➡️	balade | droite | en route | flâner | homme | la | marche | marcher | nonchalant | peau claire | personne | personne qui marche | personne qui marche : peau claire et vers la droite | piéton | promenade | se balader | vers
🚶🏼‍➡️	balade | droite | en route | flâner | homme | la | marche | marcher | nonchalant | peau moyennement claire | personne | personne qui marche | personne qui marche : peau moyennement claire et vers la droite | piéton | promenade | se balader | vers
🚶🏽‍➡️	balade | droite | en route | flâner | homme | la | marche | marcher | nonchalant | peau légèrement mate | personne | personne qui marche | personne qui marche : peau légèrement mate et vers la droite | piéton | promenade | se balader | vers
🚶🏾‍➡️	balade | droite | en route | flâner | homme | la | marche | marcher | nonchalant | peau mate | personne | personne qui marche | personne qui marche : peau mate et vers la droite | piéton | promenade | se balader | vers
🚶🏿‍➡️	balade | droite | en route | flâner | homme | la | marche | marcher | nonchalant | peau foncée | personne | personne qui marche | personne qui marche : peau foncée et vers la droite | piéton | promenade | se balader | vers
🚶‍♀️‍➡️	droite | femme | femme qui marche | femme qui marche : vers la droite | la | marche | marcher | piétonne | randonneuse | vers
🚶🏻‍♀️‍➡️	droite | femme | femme qui marche | femme qui marche : peau claire et vers la droite | la | marche | marcher | peau claire | piétonne | randonneuse | vers
🚶🏼‍♀️‍➡️	droite | femme | femme qui marche | femme qui marche : peau moyennement claire et vers la droite | la | marche | marcher | peau moyennement claire | piétonne | randonneuse | vers
🚶🏽‍♀️‍➡️	droite | femme | femme qui marche | femme qui marche : peau légèrement mate et vers la droite | la | marche | marcher | peau légèrement mate | piétonne | randonneuse | vers
🚶🏾‍♀️‍➡️	droite | femme | femme qui marche | femme qui marche : peau mate et vers la droite | la | marche | marcher | peau mate | piétonne | randonneuse | vers
🚶🏿‍♀️‍➡️	droite | femme | femme qui marche | femme qui marche : peau foncée et vers la droite | la | marche | marcher | peau foncée | piétonne | randonneuse | vers
🚶‍♂️‍➡️	droite | homme | homme qui marche | homme qui marche : vers la droite | la | marche | piéton | vers
🚶🏻‍♂️‍➡️	droite | homme | homme qui marche | homme qui marche : peau claire et vers la droite | la | marche | peau claire | piéton | vers
🚶🏼‍♂️‍➡️	droite | homme | homme qui marche | homme qui marche : peau moyennement claire et vers la droite | la | marche | peau moyennement claire | piéton | vers
🚶🏽‍♂️‍➡️	droite | homme | homme qui marche | homme qui marche : peau légèrement mate et vers la droite | la | marche | peau légèrement mate | piéton | vers
🚶🏾‍♂️‍➡️	droite | homme | homme qui marche | homme qui marche : peau mate et vers la droite | la | marche | peau mate | piéton | vers
🚶🏿‍♂️‍➡️	droite | homme | homme qui marche | homme qui marche : peau foncée et vers la droite | la | marche | peau foncée | piéton | vers
🧍	debout | personne debout
🧍🏻	debout | peau claire | personne debout | personne debout : peau claire
🧍🏼	debout | peau moyennement claire | personne debout | personne debout : peau moyennement claire
🧍🏽	debout | peau légèrement mate | personne debout | personne debout : peau légèrement mate
🧍🏾	debout | peau mate | personne debout | personne debout : peau mate
🧍🏿	debout | peau foncée | personne debout | personne debout : peau foncée
🧍‍♂️	debout | homme | homme debout
🧍🏻‍♂️	debout | homme | homme debout : peau claire | peau claire
🧍🏼‍♂️	debout | homme | homme debout : peau moyennement claire | peau moyennement claire
🧍🏽‍♂️	debout | homme | homme debout : peau légèrement mate | peau légèrement mate
🧍🏾‍♂️	debout | homme | homme debout : peau mate | peau mate
🧍🏿‍♂️	debout | homme | homme debout : peau foncée | peau foncée
🧍‍♀️	debout | femme | femme debout
🧍🏻‍♀️	debout | femme | femme debout : peau claire | peau claire
🧍🏼‍♀️	debout | femme | femme debout : peau moyennement claire | peau moyennement claire
🧍🏽‍♀️	debout | femme | femme debout : peau légèrement mate | peau légèrement mate
🧍🏾‍♀️	debout | femme | femme debout : peau mate | peau mate
🧍🏿‍♀️	debout | femme | femme debout : peau foncée | peau foncée
🧎	personne à genoux | prière | religion | à genoux
🧎🏻	peau claire | personne à genoux | personne à genoux : peau claire | prière | religion | à genoux
🧎🏼	peau moyennement claire | personne à genoux | personne à genoux : peau moyennement claire | prière | religion | à genoux
🧎🏽	peau légèrement mate | personne à genoux | personne à genoux : peau légèrement mate | prière | religion | à genoux
🧎🏾	peau mate | personne à genoux | personne à genoux : peau mate | prière | religion | à genoux
🧎🏿	peau foncée | personne à genoux | personne à genoux : peau foncée | prière | religion | à genoux
🧎‍♂️	homme | homme à genoux | à genoux
🧎🏻‍♂️	homme | homme à genoux | homme à genoux : peau claire | peau claire | à genoux
🧎🏼‍♂️	homme | homme à genoux | homme à genoux : peau moyennement claire | peau moyennement claire | à genoux
🧎🏽‍♂️	homme | homme à genoux | homme à genoux : peau légèrement mate | peau légèrement mate | à genoux
🧎🏾‍♂️	homme | homme à genoux | homme à genoux : peau mate | peau mate | à genoux
🧎🏿‍♂️	homme | homme à genoux | homme à genoux : peau foncée | peau foncée | à genoux
🧎‍♀️	femme | femme à genoux | à genoux
🧎🏻‍♀️	femme | femme à genoux | femme à genoux : peau claire | peau claire | à genoux
🧎🏼‍♀️	femme | femme à genoux | femme à genoux : peau moyennement claire | peau moyennement claire | à genoux
🧎🏽‍♀️	femme | femme à genoux | femme à genoux : peau légèrement mate | peau légèrement mate | à genoux
🧎🏾‍♀️	femme | femme à genoux | femme à genoux : peau mate | peau mate | à genoux
🧎🏿‍♀️	femme | femme à genoux | femme à genoux : peau foncée | peau foncée | à genoux
🧎‍➡️	droite | la | personne à genoux | personne à genoux : vers la droite | prière | religion | vers | à genoux
🧎🏻‍➡️	droite | la | peau claire | personne à genoux | personne à genoux : peau claire et vers la droite | prière | religion | vers | à genoux
🧎🏼‍➡️	droite | la | peau moyennement claire | personne à genoux | personne à genoux : peau moyennement claire et vers la droite | prière | religion | vers | à genoux
🧎🏽‍➡️	droite | la | peau légèrement mate | personne à genoux | personne à genoux : peau légèrement mate et vers la droite | prière | religion | vers | à genoux
🧎🏾‍➡️	droite | la | peau mate | personne à genoux | personne à genoux : peau mate et vers la droite | prière | religion | vers | à genoux
🧎🏿‍➡️	droite | la | peau foncée | personne à genoux | personne à genoux : peau foncée et vers la droite | prière | religion | vers | à genoux
🧎‍♀️‍➡️	droite | femme | femme à genoux | femme à genoux : vers la droite | la | vers | à genoux
🧎🏻‍♀️‍➡️	droite | femme | femme à genoux | femme à genoux : peau claire et vers la droite | la | peau claire | vers | à genoux
🧎🏼‍♀️‍➡️	droite | femme | femme à genoux | femme à genoux : peau moyennement claire et vers la droite | la | peau moyennement claire | vers | à genoux
🧎🏽‍♀️‍➡️	droite | femme | femme à genoux | femme à genoux : peau légèrement mate et vers la droite | la | peau légèrement mate | vers | à genoux
🧎🏾‍♀️‍➡️	droite | femme | femme à genoux | femme à genoux : peau mate et vers la droite | la | peau mate | vers | à genoux
🧎🏿‍♀️‍➡️	droite | femme | femme à genoux | femme à genoux : peau foncée et vers la droite | la | peau foncée | vers | à genoux
🧎‍♂️‍➡️	droite | homme | homme à genoux | homme à genoux : vers la droite | la | vers | à genoux
🧎🏻‍♂️‍➡️	droite | homme | homme à genoux | homme à genoux : peau claire et vers la droite | la | peau claire | vers | à genoux
🧎🏼‍♂️‍➡️	droite | homme | homme à genoux | homme à genoux : peau moyennement claire et vers la droite | la | peau moyennement claire | vers | à genoux
🧎🏽‍♂️‍➡️	droite | homme | homme à genoux | homme à genoux : peau légèrement mate et vers la droite | la | peau légèrement mate | vers | à genoux
🧎🏾‍♂️‍➡️	droite | homme | homme à genoux | homme à genoux : peau mate et vers la droite | la | peau mate | vers | à genoux
🧎🏿‍♂️‍➡️	droite | homme | homme à genoux | homme à genoux : peau foncée et vers la droite | la | peau foncée | vers | à genoux
🧑‍🦯	accessibilité | aveugle | personne avec une canne blanche
🧑🏻‍🦯	accessibilité | aveugle | peau claire | personne avec une canne blanche | personne avec une canne blanche : peau claire
🧑🏼‍🦯	accessibilité | aveugle | peau moyennement claire | personne avec une canne blanche | personne avec une canne blanche : peau moyennement claire
🧑🏽‍🦯	accessibilité | aveugle | peau légèrement mate | personne avec une canne blanche | personne avec une canne blanche : peau légèrement mate
🧑🏾‍🦯	accessibilité | aveugle | peau mate | personne avec une canne blanche | personne avec une canne blanche : peau mate
🧑🏿‍🦯	accessibilité | aveugle | peau foncée | personne avec une canne blanche | personne avec une canne blanche : peau foncée
🧑‍🦯‍➡️	accessibilité | aveugle | droite | la | personne avec une canne blanche | personne avec une canne blanche : vers la droite | vers
🧑🏻‍🦯‍➡️	accessibilité | aveugle | droite | la | peau claire | personne avec une canne blanche | personne avec une canne blanche : peau claire et vers la droite | vers
🧑🏼‍🦯‍➡️	accessibilité | aveugle | droite | la | peau moyennement claire | personne avec une canne blanche | personne avec une canne blanche : peau moyennement claire et vers la droite | vers
🧑🏽‍🦯‍➡️	accessibilité | aveugle | droite | la | peau légèrement mate | personne avec une canne blanche | personne avec une canne blanche : peau légèrement mate et vers la droite | vers
🧑🏾‍🦯‍➡️	accessibilité | aveugle | droite | la | peau mate | personne avec une canne blanche | personne avec une canne blanche : peau mate et vers la droite | vers
🧑🏿‍🦯‍➡️	accessibilité | aveugle | droite | la | peau foncée | personne avec une canne blanche | personne avec une canne blanche : peau foncée et vers la droite | vers
👨‍🦯	accessibilité | aveugle | déficient visuel | handicap | handicap visuel | homme | homme avec canne blanche | malvoyant
👨🏻‍🦯	accessibilité | aveugle | déficient visuel | handicap | handicap visuel | homme | homme avec canne blanche | homme avec canne blanche : peau claire | malvoyant | peau claire
👨🏼‍🦯	accessibilité | aveugle | déficient visuel | handicap | handicap visuel | homme | homme avec canne blanche | homme avec canne blanche : peau moyennement claire | malvoyant | peau moyennement claire
👨🏽‍🦯	accessibilité | aveugle | déficient visuel | handicap | handicap visuel | homme | homme avec canne blanche | homme avec canne blanche : peau légèrement mate | malvoyant | peau légèrement mate
👨🏾‍🦯	accessibilité | aveugle | déficient visuel | handicap | handicap visuel | homme | homme avec canne blanche | homme avec canne blanche : peau mate | malvoyant | peau mate
👨🏿‍🦯	accessibilité | aveugle | déficient visuel | handicap | handicap visuel | homme | homme avec canne blanche | homme avec canne blanche : peau foncée | malvoyant | peau foncée
👨‍🦯‍➡️	accessibilité | aveugle | droite | déficient visuel | handicap | handicap visuel | homme | homme avec canne blanche | homme avec canne blanche : vers la droite | la | malvoyant | vers
👨🏻‍🦯‍➡️	accessibilité | aveugle | droite | déficient visuel | handicap | handicap visuel | homme | homme avec canne blanche | homme avec canne blanche : peau claire et vers la droite | la | malvoyant | peau claire | vers
👨🏼‍🦯‍➡️	accessibilité | aveugle | droite | déficient visuel | handicap | handicap visuel | homme | homme avec canne blanche | homme avec canne blanche : peau moyennement claire et vers la droite | la | malvoyant | peau moyennement claire | vers
👨🏽‍🦯‍➡️	accessibilité | aveugle | droite | déficient visuel | handicap | handicap visuel | homme | homme avec canne blanche | homme avec canne blanche : peau légèrement mate et vers la droite | la | malvoyant | peau légèrement mate | vers
👨🏾‍🦯‍➡️	accessibilité | aveugle | droite | déficient visuel | handicap | handicap visuel | homme | homme avec canne blanche | homme avec canne blanche : peau mate et vers la droite | la | malvoyant | peau mate | vers
👨🏿‍🦯‍➡️	accessibilité | aveugle | droite | déficient visuel | handicap | handicap visuel | homme | homme avec canne blanche | homme avec canne blanche : peau foncée et vers la droite | la | malvoyant | peau foncée | vers
👩‍🦯	accessibilité | aveugle | déficiente visuelle | femme | femme avec canne blanche | handicap | malvoyante
👩🏻‍🦯	accessibilité | aveugle | déficiente visuelle | femme | femme avec canne blanche | femme avec canne blanche : peau claire | handicap | malvoyante | peau claire
👩🏼‍🦯	accessibilité | aveugle | déficiente visuelle | femme | femme avec canne blanche | femme avec canne blanche : peau moyennement claire | handicap | malvoyante | peau moyennement claire
👩🏽‍🦯	accessibilité | aveugle | déficiente visuelle | femme | femme avec canne blanche | femme avec canne blanche : peau légèrement mate | handicap | malvoyante | peau légèrement mate
👩🏾‍🦯	accessibilité | aveugle | déficiente visuelle | femme | femme avec canne blanche | femme avec canne blanche : peau mate | handicap | malvoyante | peau mate
👩🏿‍🦯	accessibilité | aveugle | déficiente visuelle | femme | femme avec canne blanche | femme avec canne blanche : peau foncée | handicap | malvoyante | peau foncée
👩‍🦯‍➡️	accessibilité | aveugle | droite | déficiente visuelle | femme | femme avec canne blanche | femme avec canne blanche : vers la droite | handicap | la | malvoyante | vers
👩🏻‍🦯‍➡️	accessibilité | aveugle | droite | déficiente visuelle | femme | femme avec canne blanche | femme avec canne blanche : peau claire et vers la droite | handicap | la | malvoyante | peau claire | vers
👩🏼‍🦯‍➡️	accessibilité | aveugle | droite | déficiente visuelle | femme | femme avec canne blanche | femme avec canne blanche : peau moyennement claire et vers la droite | handicap | la | malvoyante | peau moyennement claire | vers
👩🏽‍🦯‍➡️	accessibilité | aveugle | droite | déficiente visuelle | femme | femme avec canne blanche | femme avec canne blanche : peau légèrement mate et vers la droite | handicap | la | malvoyante | peau légèrement mate | vers
👩🏾‍🦯‍➡️	accessibilité | aveugle | droite | déficiente visuelle | femme | femme avec canne blanche | femme avec canne blanche : peau mate et vers la droite | handicap | la | malvoyante | peau mate | vers
👩🏿‍🦯‍➡️	accessibilité | aveugle | droite | déficiente visuelle | femme | femme avec canne blanche | femme avec canne blanche : peau foncée et vers la droite | handicap | la | malvoyante | peau foncée | vers
🧑‍🦼	accessibilité | fauteuil roulant | personne en fauteuil motorisé
🧑🏻‍🦼	accessibilité | fauteuil roulant | peau claire | personne en fauteuil motorisé | personne en fauteuil motorisé : peau claire
🧑🏼‍🦼	accessibilité | fauteuil roulant | peau moyennement claire | personne en fauteuil motorisé | personne en fauteuil motorisé : peau moyennement claire
🧑🏽‍🦼	accessibilité | fauteuil roulant | peau légèrement mate | personne en fauteuil motorisé | personne en fauteuil motorisé : peau légèrement mate
🧑🏾‍🦼	accessibilité | fauteuil roulant | peau mate | personne en fauteuil motorisé | personne en fauteuil motorisé : peau mate
🧑🏿‍🦼	accessibilité | fauteuil roulant | peau foncée | personne en fauteuil motorisé | personne en fauteuil motorisé : peau foncée
🧑‍🦼‍➡️	accessibilité | droite | fauteuil roulant | la | personne en fauteuil motorisé | personne en fauteuil motorisé : vers la droite | vers
🧑🏻‍🦼‍➡️	accessibilité | droite | fauteuil roulant | la | peau claire | personne en fauteuil motorisé | personne en fauteuil motorisé : peau claire et vers la droite | vers
🧑🏼‍🦼‍➡️	accessibilité | droite | fauteuil roulant | la | peau moyennement claire | personne en fauteuil motorisé | personne en fauteuil motorisé : peau moyennement claire et vers la droite | vers
🧑🏽‍🦼‍➡️	accessibilité | droite | fauteuil roulant | la | peau légèrement mate | personne en fauteuil motorisé | personne en fauteuil motorisé : peau légèrement mate et vers la droite | vers
🧑🏾‍🦼‍➡️	accessibilité | droite | fauteuil roulant | la | peau mate | personne en fauteuil motorisé | personne en fauteuil motorisé : peau mate et vers la droite | vers
🧑🏿‍🦼‍➡️	accessibilité | droite | fauteuil roulant | la | peau foncée | personne en fauteuil motorisé | personne en fauteuil motorisé : peau foncée et vers la droite | vers
👨‍🦼	accessibilité | fauteuil roulant | handicap | homme | homme en fauteuil motorisé
👨🏻‍🦼	accessibilité | fauteuil roulant | handicap | homme | homme en fauteuil motorisé | homme en fauteuil motorisé : peau claire | peau claire
👨🏼‍🦼	accessibilité | fauteuil roulant | handicap | homme | homme en fauteuil motorisé | homme en fauteuil motorisé : peau moyennement claire | peau moyennement claire
👨🏽‍🦼	accessibilité | fauteuil roulant | handicap | homme | homme en fauteuil motorisé | homme en fauteuil motorisé : peau légèrement mate | peau légèrement mate
👨🏾‍🦼	accessibilité | fauteuil roulant | handicap | homme | homme en fauteuil motorisé | homme en fauteuil motorisé : peau mate | peau mate
👨🏿‍🦼	accessibilité | fauteuil roulant | handicap | homme | homme en fauteuil motorisé | homme en fauteuil motorisé : peau foncée | peau foncée
👨‍🦼‍➡️	accessibilité | droite | fauteuil roulant | handicap | homme | homme en fauteuil motorisé | homme en fauteuil motorisé : vers la droite | la | vers
👨🏻‍🦼‍➡️	accessibilité | droite | fauteuil roulant | handicap | homme | homme en fauteuil motorisé | homme en fauteuil motorisé : peau claire et vers la droite | la | peau claire | vers
👨🏼‍🦼‍➡️	accessibilité | droite | fauteuil roulant | handicap | homme | homme en fauteuil motorisé | homme en fauteuil motorisé : peau moyennement claire et vers la droite | la | peau moyennement claire | vers
👨🏽‍🦼‍➡️	accessibilité | droite | fauteuil roulant | handicap | homme | homme en fauteuil motorisé | homme en fauteuil motorisé : peau légèrement mate et vers la droite | la | peau légèrement mate | vers
👨🏾‍🦼‍➡️	accessibilité | droite | fauteuil roulant | handicap | homme | homme en fauteuil motorisé | homme en fauteuil motorisé : peau mate et vers la droite | la | peau mate | vers
👨🏿‍🦼‍➡️	accessibilité | droite | fauteuil roulant | handicap | homme | homme en fauteuil motorisé | homme en fauteuil motorisé : peau foncée et vers la droite | la | peau foncée | vers
👩‍🦼	accessibilité | fauteuil roulant | femme | femme en fauteuil motorisé | handicap
👩🏻‍🦼	accessibilité | fauteuil roulant | femme | femme en fauteuil motorisé | femme en fauteuil motorisé : peau claire | handicap | peau claire
👩🏼‍🦼	accessibilité | fauteuil roulant | femme | femme en fauteuil motorisé | femme en fauteuil motorisé : peau moyennement claire | handicap | peau moyennement claire
👩🏽‍🦼	accessibilité | fauteuil roulant | femme | femme en fauteuil motorisé | femme en fauteuil motorisé : peau légèrement mate | handicap | peau légèrement mate
👩🏾‍🦼	accessibilité | fauteuil roulant | femme | femme en fauteuil motorisé | femme en fauteuil motorisé : peau mate | handicap | peau mate
👩🏿‍🦼	accessibilité | fauteuil roulant | femme | femme en fauteuil motorisé | femme en fauteuil motorisé : peau foncée | handicap | peau foncée
👩‍🦼‍➡️	accessibilité | droite | fauteuil roulant | femme | femme en fauteuil motorisé | femme en fauteuil motorisé : vers la droite | handicap | la | vers
👩🏻‍🦼‍➡️	accessibilité | droite | fauteuil roulant | femme | femme en fauteuil motorisé | femme en fauteuil motorisé : peau claire et vers la droite | handicap | la | peau claire | vers
👩🏼‍🦼‍➡️	accessibilité | droite | fauteuil roulant | femme | femme en fauteuil motorisé | femme en fauteuil motorisé : peau moyennement claire et vers la droite | handicap | la | peau moyennement claire | vers
👩🏽‍🦼‍➡️	accessibilité | droite | fauteuil roulant | femme | femme en fauteuil motorisé | femme en fauteuil motorisé : peau légèrement mate et vers la droite | handicap | la | peau légèrement mate | vers
👩🏾‍🦼‍➡️	accessibilité | droite | fauteuil roulant | femme | femme en fauteuil motorisé | femme en fauteuil motorisé : peau mate et vers la droite | handicap | la | peau mate | vers
👩🏿‍🦼‍➡️	accessibilité | droite | fauteuil roulant | femme | femme en fauteuil motorisé | femme en fauteuil motorisé : peau foncée et vers la droite | handicap | la | peau foncée | vers
🧑‍🦽	accessibilité | fauteuil roulant | personne en fauteuil roulant manuel
🧑🏻‍🦽	accessibilité | fauteuil roulant | peau claire | personne en fauteuil roulant manuel | personne en fauteuil roulant manuel : peau claire
🧑🏼‍🦽	accessibilité | fauteuil roulant | peau moyennement claire | personne en fauteuil roulant manuel | personne en fauteuil roulant manuel : peau moyennement claire
🧑🏽‍🦽	accessibilité | fauteuil roulant | peau légèrement mate | personne en fauteuil roulant manuel | personne en fauteuil roulant manuel : peau légèrement mate
🧑🏾‍🦽	accessibilité | fauteuil roulant | peau mate | personne en fauteuil roulant manuel | personne en fauteuil roulant manuel : peau mate
🧑🏿‍🦽	accessibilité | fauteuil roulant | peau foncée | personne en fauteuil roulant manuel | personne en fauteuil roulant manuel : peau foncée
🧑‍🦽‍➡️	accessibilité | droite | fauteuil roulant | la | personne en fauteuil roulant manuel | personne en fauteuil roulant manuel : vers la droite | vers
🧑🏻‍🦽‍➡️	accessibilité | droite | fauteuil roulant | la | peau claire | personne en fauteuil roulant manuel | personne en fauteuil roulant manuel : peau claire et vers la droite | vers
🧑🏼‍🦽‍➡️	accessibilité | droite | fauteuil roulant | la | peau moyennement claire | personne en fauteuil roulant manuel | personne en fauteuil roulant manuel : peau moyennement claire et vers la droite | vers
🧑🏽‍🦽‍➡️	accessibilité | droite | fauteuil roulant | la | peau légèrement mate | personne en fauteuil roulant manuel | personne en fauteuil roulant manuel : peau légèrement mate et vers la droite | vers
🧑🏾‍🦽‍➡️	accessibilité | droite | fauteuil roulant | la | peau mate | personne en fauteuil roulant manuel | personne en fauteuil roulant manuel : peau mate et vers la droite | vers
🧑🏿‍🦽‍➡️	accessibilité | droite | fauteuil roulant | la | peau foncée | personne en fauteuil roulant manuel | personne en fauteuil roulant manuel : peau foncée et vers la droite | vers
👨‍🦽	accessibilité | fauteuil roulant | handicap | homme | homme en fauteuil roulant manuel
👨🏻‍🦽	accessibilité | fauteuil roulant | handicap | homme | homme en fauteuil roulant manuel | homme en fauteuil roulant manuel : peau claire | peau claire
👨🏼‍🦽	accessibilité | fauteuil roulant | handicap | homme | homme en fauteuil roulant manuel | homme en fauteuil roulant manuel : peau moyennement claire | peau moyennement claire
👨🏽‍🦽	accessibilité | fauteuil roulant | handicap | homme | homme en fauteuil roulant manuel | homme en fauteuil roulant manuel : peau légèrement mate | peau légèrement mate
👨🏾‍🦽	accessibilité | fauteuil roulant | handicap | homme | homme en fauteuil roulant manuel | homme en fauteuil roulant manuel : peau mate | peau mate
👨🏿‍🦽	accessibilité | fauteuil roulant | handicap | homme | homme en fauteuil roulant manuel | homme en fauteuil roulant manuel : peau foncée | peau foncée
👨‍🦽‍➡️	accessibilité | droite | fauteuil roulant | handicap | homme | homme en fauteuil roulant manuel | homme en fauteuil roulant manuel : vers la droite | la | vers
👨🏻‍🦽‍➡️	accessibilité | droite | fauteuil roulant | handicap | homme | homme en fauteuil roulant manuel | homme en fauteuil roulant manuel : peau claire et vers la droite | la | peau claire | vers
👨🏼‍🦽‍➡️	accessibilité | droite | fauteuil roulant | handicap | homme | homme en fauteuil roulant manuel | homme en fauteuil roulant manuel : peau moyennement claire et vers la droite | la | peau moyennement claire | vers
👨🏽‍🦽‍➡️	accessibilité | droite | fauteuil roulant | handicap | homme | homme en fauteuil roulant manuel | homme en fauteuil roulant manuel : peau légèrement mate et vers la droite | la | peau légèrement mate | vers
👨🏾‍🦽‍➡️	accessibilité | droite | fauteuil roulant | handicap | homme | homme en fauteuil roulant manuel | homme en fauteuil roulant manuel : peau mate et vers la droite | la | peau mate | vers
👨🏿‍🦽‍➡️	accessibilité | droite | fauteuil roulant | handicap | homme | homme en fauteuil roulant manuel | homme en fauteuil roulant manuel : peau foncée et vers la droite | la | peau foncée | vers
👩‍🦽	accessibilité | fauteuil roulant | femme | femme en fauteuil roulant manuel | handicap
👩🏻‍🦽	accessibilité | fauteuil roulant | femme | femme en fauteuil roulant manuel | femme en fauteuil roulant manuel : peau claire | handicap | peau claire
👩🏼‍🦽	accessibilité | fauteuil roulant | femme | femme en fauteuil roulant manuel | femme en fauteuil roulant manuel : peau moyennement claire | handicap | peau moyennement claire
👩🏽‍🦽	accessibilité | fauteuil roulant | femme | femme en fauteuil roulant manuel | femme en fauteuil roulant manuel : peau légèrement mate | handicap | peau légèrement mate
👩🏾‍🦽	accessibilité | fauteuil roulant | femme | femme en fauteuil roulant manuel | femme en fauteuil roulant manuel : peau mate | handicap | peau mate
👩🏿‍🦽	accessibilité | fauteuil roulant | femme | femme en fauteuil roulant manuel | femme en fauteuil roulant manuel : peau foncée | handicap | peau foncée
👩‍🦽‍➡️	accessibilité | droite | fauteuil roulant | femme | femme en fauteuil roulant manuel | femme en fauteuil roulant manuel : vers la droite | handicap | la | vers
👩🏻‍🦽‍➡️	accessibilité | droite | fauteuil roulant | femme | femme en fauteuil roulant manuel | femme en fauteuil roulant manuel : peau claire et vers la droite | handicap | la | peau claire | vers
👩🏼‍🦽‍➡️	accessibilité | droite | fauteuil roulant | femme | femme en fauteuil roulant manuel | femme en fauteuil roulant manuel : peau moyennement claire et vers la droite | handicap | la | peau moyennement claire | vers
👩🏽‍🦽‍➡️	accessibilité | droite | fauteuil roulant | femme | femme en fauteuil roulant manuel | femme en fauteuil roulant manuel : peau légèrement mate et vers la droite | handicap | la | peau légèrement mate | vers
👩🏾‍🦽‍➡️	accessibilité | droite | fauteuil roulant | femme | femme en fauteuil roulant manuel | femme en fauteuil roulant manuel : peau mate et vers la droite | handicap | la | peau mate | vers
👩🏿‍🦽‍➡️	accessibilité | droite | fauteuil roulant | femme | femme en fauteuil roulant manuel | femme en fauteuil roulant manuel : peau foncée et vers la droite | handicap | la | peau foncée | vers
🏃	arriver | coureur | courir | course à pied | homme qui court | jogging | marathon | marathonien | personne qui court | pressé | rapide | sportif | vite
🏃🏻	arriver | coureur | courir | course à pied | homme qui court | jogging | marathon | marathonien | peau claire | personne qui court | personne qui court : peau claire | pressé | rapide | sportif | vite
🏃🏼	arriver | coureur | courir | course à pied | homme qui court | jogging | marathon | marathonien | peau moyennement claire | personne qui court | personne qui court : peau moyennement claire | pressé | rapide | sportif | vite
🏃🏽	arriver | coureur | courir | course à pied | homme qui court | jogging | marathon | marathonien | peau légèrement mate | personne qui court | personne qui court : peau légèrement mate | pressé | rapide | sportif | vite
🏃🏾	arriver | coureur | courir | course à pied | homme qui court | jogging | marathon | marathonien | peau mate | personne qui court | personne qui court : peau mate | pressé | rapide | sportif | vite
🏃🏿	arriver | coureur | courir | course à pied | homme qui court | jogging | marathon | marathonien | peau foncée | personne qui court | personne qui court : peau foncée | pressé | rapide | sportif | vite
🏃‍♂️	course à pied | homme | homme qui court | jogging | marathon
🏃🏻‍♂️	course à pied | homme | homme qui court | homme qui court : peau claire | jogging | marathon | peau claire
🏃🏼‍♂️	course à pied | homme | homme qui court | homme qui court : peau moyennement claire | jogging | marathon | peau moyennement claire
🏃🏽‍♂️	course à pied | homme | homme qui court | homme qui court : peau légèrement mate | jogging | marathon | peau légèrement mate
🏃🏾‍♂️	course à pied | homme | homme qui court | homme qui court : peau mate | jogging | marathon | peau mate
🏃🏿‍♂️	course à pied | homme | homme qui court | homme qui court : peau foncée | jogging | marathon | peau foncée
🏃‍♀️	course à pied | femme | femme qui court | joggeuse | jogging | marathon | running | se dépêcher | vite | vitesse
🏃🏻‍♀️	course à pied | femme | femme qui court | femme qui court : peau claire | joggeuse | jogging | marathon | peau claire | running | se dépêcher | vite | vitesse
🏃🏼‍♀️	course à pied | femme | femme qui court | femme qui court : peau moyennement claire | joggeuse | jogging | marathon | peau moyennement claire | running | se dépêcher | vite | vitesse
🏃🏽‍♀️	course à pied | femme | femme qui court | femme qui court : peau légèrement mate | joggeuse | jogging | marathon | peau légèrement mate | running | se dépêcher | vite | vitesse
🏃🏾‍♀️	course à pied | femme | femme qui court | femme qui court : peau mate | joggeuse | jogging | marathon | peau mate | running | se dépêcher | vite | vitesse
🏃🏿‍♀️	course à pied | femme | femme qui court | femme qui court : peau foncée | joggeuse | jogging | marathon | peau foncée | running | se dépêcher | vite | vitesse
🏃‍➡️	arriver | coureur | courir | course à pied | droite | homme qui court | jogging | la | marathon | marathonien | personne qui court | personne qui court : vers la droite | pressé | rapide | sportif | vers | vite
🏃🏻‍➡️	arriver | coureur | courir | course à pied | droite | homme qui court | jogging | la | marathon | marathonien | peau claire | personne qui court | personne qui court : peau claire et vers la droite | pressé | rapide | sportif | vers | vite
🏃🏼‍➡️	arriver | coureur | courir | course à pied | droite | homme qui court | jogging | la | marathon | marathonien | peau moyennement claire | personne qui court | personne qui court : peau moyennement claire et vers la droite | pressé | rapide | sportif | vers | vite
🏃🏽‍➡️	arriver | coureur | courir | course à pied | droite | homme qui court | jogging | la | marathon | marathonien | peau légèrement mate | personne qui court | personne qui court : peau légèrement mate et vers la droite | pressé | rapide | sportif | vers | vite
🏃🏾‍➡️	arriver | coureur | courir | course à pied | droite | homme qui court | jogging | la | marathon | marathonien | peau mate | personne qui court | personne qui court : peau mate et vers la droite | pressé | rapide | sportif | vers | vite
🏃🏿‍➡️	arriver | coureur | courir | course à pied | droite | homme qui court | jogging | la | marathon | marathonien | peau foncée | personne qui court | personne qui court : peau foncée et vers la droite | pressé | rapide | sportif | vers | vite
🏃‍♀️‍➡️	course à pied | droite | femme | femme qui court | femme qui court : vers la droite | joggeuse | jogging | la | marathon | running | se dépêcher | vers | vite | vitesse
🏃🏻‍♀️‍➡️	course à pied | droite | femme | femme qui court | femme qui court : peau claire et vers la droite | joggeuse | jogging | la | marathon | peau claire | running | se dépêcher | vers | vite | vitesse
🏃🏼‍♀️‍➡️	course à pied | droite | femme | femme qui court | femme qui court : peau moyennement claire et vers la droite | joggeuse | jogging | la | marathon | peau moyennement claire | running | se dépêcher | vers | vite | vitesse
🏃🏽‍♀️‍➡️	course à pied | droite | femme | femme qui court | femme qui court : peau légèrement mate et vers la droite | joggeuse | jogging | la | marathon | peau légèrement mate | running | se dépêcher | vers | vite | vitesse
🏃🏾‍♀️‍➡️	course à pied | droite | femme | femme qui court | femme qui court : peau mate et vers la droite | joggeuse | jogging | la | marathon | peau mate | running | se dépêcher | vers | vite | vitesse
🏃🏿‍♀️‍➡️	course à pied | droite | femme | femme qui court | femme qui court : peau foncée et vers la droite | joggeuse | jogging | la | marathon | peau foncée | running | se dépêcher | vers | vite | vitesse
🏃‍♂️‍➡️	course à pied | droite | homme | homme qui court | homme qui court : vers la droite | jogging | la | marathon | vers
🏃🏻‍♂️‍➡️	course à pied | droite | homme | homme qui court | homme qui court : peau claire et vers la droite | jogging | la | marathon | peau claire | vers
🏃🏼‍♂️‍➡️	course à pied | droite | homme | homme qui court | homme qui court : peau moyennement claire et vers la droite | jogging | la | marathon | peau moyennement claire | vers
🏃🏽‍♂️‍➡️	course à pied | droite | homme | homme qui court | homme qui court : peau légèrement mate et vers la droite | jogging | la | marathon | peau légèrement mate | vers
🏃🏾‍♂️‍➡️	course à pied | droite | homme | homme qui court | homme qui court : peau mate et vers la droite | jogging | la | marathon | peau mate | vers
🏃🏿‍♂️‍➡️	course à pied | droite | homme | homme qui court | homme qui court : peau foncée et vers la droite | jogging | la | marathon | peau foncée | vers
🧑‍🩰	ballerine | ballet | danse classique | danseuse | danseuse de ballet
🧑🏻‍🩰	ballerine | ballet | danse classique | danseuse | danseuse de ballet : peau claire | peau claire
🧑🏼‍🩰	ballerine | ballet | danse classique | danseuse | danseuse de ballet : peau moyennement claire | peau moyennement claire
🧑🏽‍🩰	ballerine | ballet | danse classique | danseuse | danseuse de ballet : peau légèrement mate | peau légèrement mate
🧑🏾‍🩰	ballerine | ballet | danse classique | danseuse | danseuse de ballet : peau mate | peau mate
🧑🏿‍🩰	ballerine | ballet | danse classique | danseuse | danseuse de ballet : peau foncée | peau foncée
💃	danse | danseuse | femme | femme qui danse | flamenco | fête | rythme | salsa | sortir danser | tango
💃🏻	danse | danseuse | danseuse : peau claire | femme | femme qui danse | flamenco | fête | peau claire | rythme | salsa | sortir danser | tango
💃🏼	danse | danseuse | danseuse : peau moyennement claire | femme | femme qui danse | flamenco | fête | peau moyennement claire | rythme | salsa | sortir danser | tango
💃🏽	danse | danseuse | danseuse : peau légèrement mate | femme | femme qui danse | flamenco | fête | peau légèrement mate | rythme | salsa | sortir danser | tango
💃🏾	danse | danseuse | danseuse : peau mate | femme | femme qui danse | flamenco | fête | peau mate | rythme | salsa | sortir danser | tango
💃🏿	danse | danseuse | danseuse : peau foncée | femme | femme qui danse | flamenco | fête | peau foncée | rythme | salsa | sortir danser | tango
🕺	danse | danseur | femme | flamenco | fête | homme | homme qui danse | rythme | salsa
🕺🏻	danse | danseur | danseur : peau claire | femme | flamenco | fête | homme | homme qui danse | peau claire | rythme | salsa
🕺🏼	danse | danseur | danseur : peau moyennement claire | femme | flamenco | fête | homme | homme qui danse | peau moyennement claire | rythme | salsa
🕺🏽	danse | danseur | danseur : peau légèrement mate | femme | flamenco | fête | homme | homme qui danse | peau légèrement mate | rythme | salsa
🕺🏾	danse | danseur | danseur : peau mate | femme | flamenco | fête | homme | homme qui danse | peau mate | rythme | salsa
🕺🏿	danse | danseur | danseur : peau foncée | femme | flamenco | fête | homme | homme qui danse | peau foncée | rythme | salsa
🕴️	affaires | costume | homme | homme d’affaires en lévitation
🕴🏻	affaires | costume | homme | homme d’affaires en lévitation | homme d’affaires en lévitation : peau claire | peau claire
🕴🏼	affaires | costume | homme | homme d’affaires en lévitation | homme d’affaires en lévitation : peau moyennement claire | peau moyennement claire
🕴🏽	affaires | costume | homme | homme d’affaires en lévitation | homme d’affaires en lévitation : peau légèrement mate | peau légèrement mate
🕴🏾	affaires | costume | homme | homme d’affaires en lévitation | homme d’affaires en lévitation : peau mate | peau mate
🕴🏿	affaires | costume | homme | homme d’affaires en lévitation | homme d’affaires en lévitation : peau foncée | peau foncée
👯	amies | bunny | danseuse | double | déguisement | femme | femmes | fille | filles | fête | jumelles | oreilles de lapin | personnes avec des oreilles de lapin | synchro
👯🏻	amies | bunny | danseuse | double | déguisement | femme | femmes | fille | filles | fête | jumelles | oreilles de lapin | peau claire | personnes avec des oreilles de lapin | personnes avec des oreilles de lapin : peau claire | synchro
👯🏼	amies | bunny | danseuse | double | déguisement | femme | femmes | fille | filles | fête | jumelles | oreilles de lapin | peau moyennement claire | personnes avec des oreilles de lapin | personnes avec des oreilles de lapin : peau moyennement claire | synchro
👯🏽	amies | bunny | danseuse | double | déguisement | femme | femmes | fille | filles | fête | jumelles | oreilles de lapin | peau légèrement mate | personnes avec des oreilles de lapin | personnes avec des oreilles de lapin : peau légèrement mate | synchro
👯🏾	amies | bunny | danseuse | double | déguisement | femme | femmes | fille | filles | fête | jumelles | oreilles de lapin | peau mate | personnes avec des oreilles de lapin | personnes avec des oreilles de lapin : peau mate | synchro
👯🏿	amies | bunny | danseuse | double | déguisement | femme | femmes | fille | filles | fête | jumelles | oreilles de lapin | peau foncée | personnes avec des oreilles de lapin | personnes avec des oreilles de lapin : peau foncée | synchro
👯‍♂️	amis | danseur | faire la fête | fête | homme | hommes avec des oreilles de lapin | oreilles de lapin
👯🏻‍♂️	amis | danseur | faire la fête | fête | homme | hommes avec des oreilles de lapin | hommes avec des oreilles de lapin : peau claire | oreilles de lapin | peau claire
👯🏼‍♂️	amis | danseur | faire la fête | fête | homme | hommes avec des oreilles de lapin | hommes avec des oreilles de lapin : peau moyennement claire | oreilles de lapin | peau moyennement claire
👯🏽‍♂️	amis | danseur | faire la fête | fête | homme | hommes avec des oreilles de lapin | hommes avec des oreilles de lapin : peau légèrement mate | oreilles de lapin | peau légèrement mate
👯🏾‍♂️	amis | danseur | faire la fête | fête | homme | hommes avec des oreilles de lapin | hommes avec des oreilles de lapin : peau mate | oreilles de lapin | peau mate
👯🏿‍♂️	amis | danseur | faire la fête | fête | homme | hommes avec des oreilles de lapin | hommes avec des oreilles de lapin : peau foncée | oreilles de lapin | peau foncée
👯‍♀️	danseuse | femme | femmes avec des oreilles de lapin | fête | oreilles de lapin
👯🏻‍♀️	danseuse | femme | femmes avec des oreilles de lapin | femmes avec des oreilles de lapin : peau claire | fête | oreilles de lapin | peau claire
👯🏼‍♀️	danseuse | femme | femmes avec des oreilles de lapin | femmes avec des oreilles de lapin : peau moyennement claire | fête | oreilles de lapin | peau moyennement claire
👯🏽‍♀️	danseuse | femme | femmes avec des oreilles de lapin | femmes avec des oreilles de lapin : peau légèrement mate | fête | oreilles de lapin | peau légèrement mate
👯🏾‍♀️	danseuse | femme | femmes avec des oreilles de lapin | femmes avec des oreilles de lapin : peau mate | fête | oreilles de lapin | peau mate
👯🏿‍♀️	danseuse | femme | femmes avec des oreilles de lapin | femmes avec des oreilles de lapin : peau foncée | fête | oreilles de lapin | peau foncée
🧑🏻‍🐰‍🧑🏼	amies | bunny | danseuse | double | déguisement | femme | femmes | fille | filles | fête | jumelles | oreilles de lapin | peau claire | peau moyennement claire | personnes avec des oreilles de lapin | personnes avec des oreilles de lapin : peau claire et peau moyennement claire | synchro
🧑🏻‍🐰‍🧑🏽	amies | bunny | danseuse | double | déguisement | femme | femmes | fille | filles | fête | jumelles | oreilles de lapin | peau claire | peau légèrement mate | personnes avec des oreilles de lapin | personnes avec des oreilles de lapin : peau claire et peau légèrement mate | synchro
🧑🏻‍🐰‍🧑🏾	amies | bunny | danseuse | double | déguisement | femme | femmes | fille | filles | fête | jumelles | oreilles de lapin | peau claire | peau mate | personnes avec des oreilles de lapin | personnes avec des oreilles de lapin : peau claire et peau mate | synchro
🧑🏻‍🐰‍🧑🏿	amies | bunny | danseuse | double | déguisement | femme | femmes | fille | filles | fête | jumelles | oreilles de lapin | peau claire | peau foncée | personnes avec des oreilles de lapin | personnes avec des oreilles de lapin : peau claire et peau foncée | synchro
🧑🏼‍🐰‍🧑🏻	amies | bunny | danseuse | double | déguisement | femme | femmes | fille | filles | fête | jumelles | oreilles de lapin | peau claire | peau moyennement claire | personnes avec des oreilles de lapin | personnes avec des oreilles de lapin : peau moyennement claire et peau claire | synchro
🧑🏼‍🐰‍🧑🏽	amies | bunny | danseuse | double | déguisement | femme | femmes | fille | filles | fête | jumelles | oreilles de lapin | peau légèrement mate | peau moyennement claire | personnes avec des oreilles de lapin | personnes avec des oreilles de lapin : peau moyennement claire et peau légèrement mate | synchro
🧑🏼‍🐰‍🧑🏾	amies | bunny | danseuse | double | déguisement | femme | femmes | fille | filles | fête | jumelles | oreilles de lapin | peau mate | peau moyennement claire | personnes avec des oreilles de lapin | personnes avec des oreilles de lapin : peau moyennement claire et peau mate | synchro
🧑🏼‍🐰‍🧑🏿	amies | bunny | danseuse | double | déguisement | femme | femmes | fille | filles | fête | jumelles | oreilles de lapin | peau foncée | peau moyennement claire | personnes avec des oreilles de lapin | personnes avec des oreilles de lapin : peau moyennement claire et peau foncée | synchro
🧑🏽‍🐰‍🧑🏻	amies | bunny | danseuse | double | déguisement | femme | femmes | fille | filles | fête | jumelles | oreilles de lapin | peau claire | peau légèrement mate | personnes avec des oreilles de lapin | personnes avec des oreilles de lapin : peau légèrement mate et peau claire | synchro
🧑🏽‍🐰‍🧑🏼	amies | bunny | danseuse | double | déguisement | femme | femmes | fille | filles | fête | jumelles | oreilles de lapin | peau légèrement mate | peau moyennement claire | personnes avec des oreilles de lapin | personnes avec des oreilles de lapin : peau légèrement mate et peau moyennement claire | synchro
🧑🏽‍🐰‍🧑🏾	amies | bunny | danseuse | double | déguisement | femme | femmes | fille | filles | fête | jumelles | oreilles de lapin | peau légèrement mate | peau mate | personnes avec des oreilles de lapin | personnes avec des oreilles de lapin : peau légèrement mate et peau mate | synchro
🧑🏽‍🐰‍🧑🏿	amies | bunny | danseuse | double | déguisement | femme | femmes | fille | filles | fête | jumelles | oreilles de lapin | peau foncée | peau légèrement mate | personnes avec des oreilles de lapin | personnes avec des oreilles de lapin : peau légèrement mate et peau foncée | synchro
🧑🏾‍🐰‍🧑🏻	amies | bunny | danseuse | double | déguisement | femme | femmes | fille | filles | fête | jumelles | oreilles de lapin | peau claire | peau mate | personnes avec des oreilles de lapin | personnes avec des oreilles de lapin : peau mate et peau claire | synchro
🧑🏾‍🐰‍🧑🏼	amies | bunny | danseuse | double | déguisement | femme | femmes | fille | filles | fête | jumelles | oreilles de lapin | peau mate | peau moyennement claire | personnes avec des oreilles de lapin | personnes avec des oreilles de lapin : peau mate et peau moyennement claire | synchro
🧑🏾‍🐰‍🧑🏽	amies | bunny | danseuse | double | déguisement | femme | femmes | fille | filles | fête | jumelles | oreilles de lapin | peau légèrement mate | peau mate | personnes avec des oreilles de lapin | personnes avec des oreilles de lapin : peau mate et peau légèrement mate | synchro
🧑🏾‍🐰‍🧑🏿	amies | bunny | danseuse | double | déguisement | femme | femmes | fille | filles | fête | jumelles | oreilles de lapin | peau foncée | peau mate | personnes avec des oreilles de lapin | personnes avec des oreilles de lapin : peau mate et peau foncée | synchro
🧑🏿‍🐰‍🧑🏻	amies | bunny | danseuse | double | déguisement | femme | femmes | fille | filles | fête | jumelles | oreilles de lapin | peau claire | peau foncée | personnes avec des oreilles de lapin | personnes avec des oreilles de lapin : peau foncée et peau claire | synchro
🧑🏿‍🐰‍🧑🏼	amies | bunny | danseuse | double | déguisement | femme | femmes | fille | filles | fête | jumelles | oreilles de lapin | peau foncée | peau moyennement claire | personnes avec des oreilles de lapin | personnes avec des oreilles de lapin : peau foncée et peau moyennement claire | synchro
🧑🏿‍🐰‍🧑🏽	amies | bunny | danseuse | double | déguisement | femme | femmes | fille | filles | fête | jumelles | oreilles de lapin | peau foncée | peau légèrement mate | personnes avec des oreilles de lapin | personnes avec des oreilles de lapin : peau foncée et peau légèrement mate | synchro
🧑🏿‍🐰‍🧑🏾	amies | bunny | danseuse | double | déguisement | femme | femmes | fille | filles | fête | jumelles | oreilles de lapin | peau foncée | peau mate | personnes avec des oreilles de lapin | personnes avec des oreilles de lapin : peau foncée et peau mate | synchro
👨🏻‍🐰‍👨🏼	amis | danseur | faire la fête | fête | homme | hommes avec des oreilles de lapin | hommes avec des oreilles de lapin : peau claire et peau moyennement claire | oreilles de lapin | peau claire | peau moyennement claire
👨🏻‍🐰‍👨🏽	amis | danseur | faire la fête | fête | homme | hommes avec des oreilles de lapin | hommes avec des oreilles de lapin : peau claire et peau légèrement mate | oreilles de lapin | peau claire | peau légèrement mate
👨🏻‍🐰‍👨🏾	amis | danseur | faire la fête | fête | homme | hommes avec des oreilles de lapin | hommes avec des oreilles de lapin : peau claire et peau mate | oreilles de lapin | peau claire | peau mate
👨🏻‍🐰‍👨🏿	amis | danseur | faire la fête | fête | homme | hommes avec des oreilles de lapin | hommes avec des oreilles de lapin : peau claire et peau foncée | oreilles de lapin | peau claire | peau foncée
👨🏼‍🐰‍👨🏻	amis | danseur | faire la fête | fête | homme | hommes avec des oreilles de lapin | hommes avec des oreilles de lapin : peau moyennement claire et peau claire | oreilles de lapin | peau claire | peau moyennement claire
👨🏼‍🐰‍👨🏽	amis | danseur | faire la fête | fête | homme | hommes avec des oreilles de lapin | hommes avec des oreilles de lapin : peau moyennement claire et peau légèrement mate | oreilles de lapin | peau légèrement mate | peau moyennement claire
👨🏼‍🐰‍👨🏾	amis | danseur | faire la fête | fête | homme | hommes avec des oreilles de lapin | hommes avec des oreilles de lapin : peau moyennement claire et peau mate | oreilles de lapin | peau mate | peau moyennement claire
👨🏼‍🐰‍👨🏿	amis | danseur | faire la fête | fête | homme | hommes avec des oreilles de lapin | hommes avec des oreilles de lapin : peau moyennement claire et peau foncée | oreilles de lapin | peau foncée | peau moyennement claire
👨🏽‍🐰‍👨🏻	amis | danseur | faire la fête | fête | homme | hommes avec des oreilles de lapin | hommes avec des oreilles de lapin : peau légèrement mate et peau claire | oreilles de lapin | peau claire | peau légèrement mate
👨🏽‍🐰‍👨🏼	amis | danseur | faire la fête | fête | homme | hommes avec des oreilles de lapin | hommes avec des oreilles de lapin : peau légèrement mate et peau moyennement claire | oreilles de lapin | peau légèrement mate | peau moyennement claire
👨🏽‍🐰‍👨🏾	amis | danseur | faire la fête | fête | homme | hommes avec des oreilles de lapin | hommes avec des oreilles de lapin : peau légèrement mate et peau mate | oreilles de lapin | peau légèrement mate | peau mate
👨🏽‍🐰‍👨🏿	amis | danseur | faire la fête | fête | homme | hommes avec des oreilles de lapin | hommes avec des oreilles de lapin : peau légèrement mate et peau foncée | oreilles de lapin | peau foncée | peau légèrement mate
👨🏾‍🐰‍👨🏻	amis | danseur | faire la fête | fête | homme | hommes avec des oreilles de lapin | hommes avec des oreilles de lapin : peau mate et peau claire | oreilles de lapin | peau claire | peau mate
👨🏾‍🐰‍👨🏼	amis | danseur | faire la fête | fête | homme | hommes avec des oreilles de lapin | hommes avec des oreilles de lapin : peau mate et peau moyennement claire | oreilles de lapin | peau mate | peau moyennement claire
👨🏾‍🐰‍👨🏽	amis | danseur | faire la fête | fête | homme | hommes avec des oreilles de lapin | hommes avec des oreilles de lapin : peau mate et peau légèrement mate | oreilles de lapin | peau légèrement mate | peau mate
👨🏾‍🐰‍👨🏿	amis | danseur | faire la fête | fête | homme | hommes avec des oreilles de lapin | hommes avec des oreilles de lapin : peau mate et peau foncée | oreilles de lapin | peau foncée | peau mate
👨🏿‍🐰‍👨🏻	amis | danseur | faire la fête | fête | homme | hommes avec des oreilles de lapin | hommes avec des oreilles de lapin : peau foncée et peau claire | oreilles de lapin | peau claire | peau foncée
👨🏿‍🐰‍👨🏼	amis | danseur | faire la fête | fête | homme | hommes avec des oreilles de lapin | hommes avec des oreilles de lapin : peau foncée et peau moyennement claire | oreilles de lapin | peau foncée | peau moyennement claire
👨🏿‍🐰‍👨🏽	amis | danseur | faire la fête | fête | homme | hommes avec des oreilles de lapin | hommes avec des oreilles de lapin : peau foncée et peau légèrement mate | oreilles de lapin | peau foncée | peau légèrement mate
👨🏿‍🐰‍👨🏾	amis | danseur | faire la fête | fête | homme | hommes avec des oreilles de lapin | hommes avec des oreilles de lapin : peau foncée et peau mate | oreilles de lapin | peau foncée | peau mate
👩🏻‍🐰‍👩🏼	danseuse | femme | femmes avec des oreilles de lapin | femmes avec des oreilles de lapin : peau claire et peau moyennement claire | fête | oreilles de lapin | peau claire | peau moyennement claire
👩🏻‍🐰‍👩🏽	danseuse | femme | femmes avec des oreilles de lapin | femmes avec des oreilles de lapin : peau claire et peau légèrement mate | fête | oreilles de lapin | peau claire | peau légèrement mate
👩🏻‍🐰‍👩🏾	danseuse | femme | femmes avec des oreilles de lapin | femmes avec des oreilles de lapin : peau claire et peau mate | fête | oreilles de lapin | peau claire | peau mate
👩🏻‍🐰‍👩🏿	danseuse | femme | femmes avec des oreilles de lapin | femmes avec des oreilles de lapin : peau claire et peau foncée | fête | oreilles de lapin | peau claire | peau foncée
👩🏼‍🐰‍👩🏻	danseuse | femme | femmes avec des oreilles de lapin | femmes avec des oreilles de lapin : peau moyennement claire et peau claire | fête | oreilles de lapin | peau claire | peau moyennement claire
👩🏼‍🐰‍👩🏽	danseuse | femme | femmes avec des oreilles de lapin | femmes avec des oreilles de lapin : peau moyennement claire et peau légèrement mate | fête | oreilles de lapin | peau légèrement mate | peau moyennement claire
👩🏼‍🐰‍👩🏾	danseuse | femme | femmes avec des oreilles de lapin | femmes avec des oreilles de lapin : peau moyennement claire et peau mate | fête | oreilles de lapin | peau mate | peau moyennement claire
👩🏼‍🐰‍👩🏿	danseuse | femme | femmes avec des oreilles de lapin | femmes avec des oreilles de lapin : peau moyennement claire et peau foncée | fête | oreilles de lapin | peau foncée | peau moyennement claire
👩🏽‍🐰‍👩🏻	danseuse | femme | femmes avec des oreilles de lapin | femmes avec des oreilles de lapin : peau légèrement mate et peau claire | fête | oreilles de lapin | peau claire | peau légèrement mate
👩🏽‍🐰‍👩🏼	danseuse | femme | femmes avec des oreilles de lapin | femmes avec des oreilles de lapin : peau légèrement mate et peau moyennement claire | fête | oreilles de lapin | peau légèrement mate | peau moyennement claire
👩🏽‍🐰‍👩🏾	danseuse | femme | femmes avec des oreilles de lapin | femmes avec des oreilles de lapin : peau légèrement mate et peau mate | fête | oreilles de lapin | peau légèrement mate | peau mate
👩🏽‍🐰‍👩🏿	danseuse | femme | femmes avec des oreilles de lapin | femmes avec des oreilles de lapin : peau légèrement mate et peau foncée | fête | oreilles de lapin | peau foncée | peau légèrement mate
👩🏾‍🐰‍👩🏻	danseuse | femme | femmes avec des oreilles de lapin | femmes avec des oreilles de lapin : peau mate et peau claire | fête | oreilles de lapin | peau claire | peau mate
👩🏾‍🐰‍👩🏼	danseuse | femme | femmes avec des oreilles de lapin | femmes avec des oreilles de lapin : peau mate et peau moyennement claire | fête | oreilles de lapin | peau mate | peau moyennement claire
👩🏾‍🐰‍👩🏽	danseuse | femme | femmes avec des oreilles de lapin | femmes avec des oreilles de lapin : peau mate et peau légèrement mate | fête | oreilles de lapin | peau légèrement mate | peau mate
👩🏾‍🐰‍👩🏿	danseuse | femme | femmes avec des oreilles de lapin | femmes avec des oreilles de lapin : peau mate et peau foncée | fête | oreilles de lapin | peau foncée | peau mate
👩🏿‍🐰‍👩🏻	danseuse | femme | femmes avec des oreilles de lapin | femmes avec des oreilles de lapin : peau foncée et peau claire | fête | oreilles de lapin | peau claire | peau foncée
👩🏿‍🐰‍👩🏼	danseuse | femme | femmes avec des oreilles de lapin | femmes avec des oreilles de lapin : peau foncée et peau moyennement claire | fête | oreilles de lapin | peau foncée | peau moyennement claire
👩🏿‍🐰‍👩🏽	danseuse | femme | femmes avec des oreilles de lapin | femmes avec des oreilles de lapin : peau foncée et peau légèrement mate | fête | oreilles de lapin | peau foncée | peau légèrement mate
👩🏿‍🐰‍👩🏾	danseuse | femme | femmes avec des oreilles de lapin | femmes avec des oreilles de lapin : peau foncée et peau mate | fête | oreilles de lapin | peau foncée | peau mate
🧖	bien-être | chaud | détente | hammam | personne au hammam | personne dans un sauna | relaxation | sauna | spa | vapeur
🧖🏻	bien-être | chaud | détente | hammam | peau claire | personne au hammam | personne au hammam : peau claire | personne dans un sauna | relaxation | sauna | spa | vapeur
🧖🏼	bien-être | chaud | détente | hammam | peau moyennement claire | personne au hammam | personne au hammam : peau moyennement claire | personne dans un sauna | relaxation | sauna | spa | vapeur
🧖🏽	bien-être | chaud | détente | hammam | peau légèrement mate | personne au hammam | personne au hammam : peau légèrement mate | personne dans un sauna | relaxation | sauna | spa | vapeur
🧖🏾	bien-être | chaud | détente | hammam | peau mate | personne au hammam | personne au hammam : peau mate | personne dans un sauna | relaxation | sauna | spa | vapeur
🧖🏿	bien-être | chaud | détente | hammam | peau foncée | personne au hammam | personne au hammam : peau foncée | personne dans un sauna | relaxation | sauna | spa | vapeur
🧖‍♂️	hammam | homme au hammam | sauna
🧖🏻‍♂️	hammam | homme au hammam | homme au hammam : peau claire | peau claire | sauna
🧖🏼‍♂️	hammam | homme au hammam | homme au hammam : peau moyennement claire | peau moyennement claire | sauna
🧖🏽‍♂️	hammam | homme au hammam | homme au hammam : peau légèrement mate | peau légèrement mate | sauna
🧖🏾‍♂️	hammam | homme au hammam | homme au hammam : peau mate | peau mate | sauna
🧖🏿‍♂️	hammam | homme au hammam | homme au hammam : peau foncée | peau foncée | sauna
🧖‍♀️	femme au hammam | hammam | sauna
🧖🏻‍♀️	femme au hammam | femme au hammam : peau claire | hammam | peau claire | sauna
🧖🏼‍♀️	femme au hammam | femme au hammam : peau moyennement claire | hammam | peau moyennement claire | sauna
🧖🏽‍♀️	femme au hammam | femme au hammam : peau légèrement mate | hammam | peau légèrement mate | sauna
🧖🏾‍♀️	femme au hammam | femme au hammam : peau mate | hammam | peau mate | sauna
🧖🏿‍♀️	femme au hammam | femme au hammam : peau foncée | hammam | peau foncée | sauna
🧗	alpiniste | escalader | grimper | grimpeur | montagne | personne qui escalade | personne qui grimpe | sport
🧗🏻	alpiniste | escalader | grimper | grimpeur | montagne | peau claire | personne qui escalade | personne qui grimpe | personne qui grimpe : peau claire | sport
🧗🏼	alpiniste | escalader | grimper | grimpeur | montagne | peau moyennement claire | personne qui escalade | personne qui grimpe | personne qui grimpe : peau moyennement claire | sport
🧗🏽	alpiniste | escalader | grimper | grimpeur | montagne | peau légèrement mate | personne qui escalade | personne qui grimpe | personne qui grimpe : peau légèrement mate | sport
🧗🏾	alpiniste | escalader | grimper | grimpeur | montagne | peau mate | personne qui escalade | personne qui grimpe | personne qui grimpe : peau mate | sport
🧗🏿	alpiniste | escalader | grimper | grimpeur | montagne | peau foncée | personne qui escalade | personne qui grimpe | personne qui grimpe : peau foncée | sport
🧗‍♂️	alpiniste | grimpeur | homme qui grimpe
🧗🏻‍♂️	alpiniste | grimpeur | homme qui grimpe | homme qui grimpe : peau claire | peau claire
🧗🏼‍♂️	alpiniste | grimpeur | homme qui grimpe | homme qui grimpe : peau moyennement claire | peau moyennement claire
🧗🏽‍♂️	alpiniste | grimpeur | homme qui grimpe | homme qui grimpe : peau légèrement mate | peau légèrement mate
🧗🏾‍♂️	alpiniste | grimpeur | homme qui grimpe | homme qui grimpe : peau mate | peau mate
🧗🏿‍♂️	alpiniste | grimpeur | homme qui grimpe | homme qui grimpe : peau foncée | peau foncée
🧗‍♀️	alpiniste | femme qui grimpe | grimpeuse
🧗🏻‍♀️	alpiniste | femme qui grimpe | femme qui grimpe : peau claire | grimpeuse | peau claire
🧗🏼‍♀️	alpiniste | femme qui grimpe | femme qui grimpe : peau moyennement claire | grimpeuse | peau moyennement claire
🧗🏽‍♀️	alpiniste | femme qui grimpe | femme qui grimpe : peau légèrement mate | grimpeuse | peau légèrement mate
🧗🏾‍♀️	alpiniste | femme qui grimpe | femme qui grimpe : peau mate | grimpeuse | peau mate
🧗🏿‍♀️	alpiniste | femme qui grimpe | femme qui grimpe : peau foncée | grimpeuse | peau foncée
🤺	escrime | escrimeur | escrimeuse | personne | sport | épée
🏇	cheval | course de chevaux | course hippique | jockey | sport
🏇🏻	cheval | course de chevaux | course hippique | course hippique : peau claire | jockey | peau claire | sport
🏇🏼	cheval | course de chevaux | course hippique | course hippique : peau moyennement claire | jockey | peau moyennement claire | sport
🏇🏽	cheval | course de chevaux | course hippique | course hippique : peau légèrement mate | jockey | peau légèrement mate | sport
🏇🏾	cheval | course de chevaux | course hippique | course hippique : peau mate | jockey | peau mate | sport
🏇🏿	cheval | course de chevaux | course hippique | course hippique : peau foncée | jockey | peau foncée | sport
⛷️	neige | ski | skieur | sport
🏂	homme | neige | ski | snowboard | snowboardeur | sport
🏂🏻	homme | neige | peau claire | ski | snowboard | snowboardeur | snowboardeur : peau claire | sport
🏂🏼	homme | neige | peau moyennement claire | ski | snowboard | snowboardeur | snowboardeur : peau moyennement claire | sport
🏂🏽	homme | neige | peau légèrement mate | ski | snowboard | snowboardeur | snowboardeur : peau légèrement mate | sport
🏂🏾	homme | neige | peau mate | ski | snowboard | snowboardeur | snowboardeur : peau mate | sport
🏂🏿	homme | neige | peau foncée | ski | snowboard | snowboardeur | snowboardeur : peau foncée | sport
🏌️	balle | golf | golfeur | green | homme | joueur de golf | personne | pga | pitch | sport
🏌🏻	balle | golf | golfeur | green | homme | joueur de golf | joueur de golf : peau claire | peau claire | personne | pga | pitch | sport
🏌🏼	balle | golf | golfeur | green | homme | joueur de golf | joueur de golf : peau moyennement claire | peau moyennement claire | personne | pga | pitch | sport
🏌🏽	balle | golf | golfeur | green | homme | joueur de golf | joueur de golf : peau légèrement mate | peau légèrement mate | personne | pga | pitch | sport
🏌🏾	balle | golf | golfeur | green | homme | joueur de golf | joueur de golf : peau mate | peau mate | personne | pga | pitch | sport
🏌🏿	balle | golf | golfeur | green | homme | joueur de golf | joueur de golf : peau foncée | peau foncée | personne | pga | pitch | sport
🏌️‍♂️	golf | golfeur | homme
🏌🏻‍♂️	golf | golfeur | golfeur : peau claire | homme | peau claire
🏌🏼‍♂️	golf | golfeur | golfeur : peau moyennement claire | homme | peau moyennement claire
🏌🏽‍♂️	golf | golfeur | golfeur : peau légèrement mate | homme | peau légèrement mate
🏌🏾‍♂️	golf | golfeur | golfeur : peau mate | homme | peau mate
🏌🏿‍♂️	golf | golfeur | golfeur : peau foncée | homme | peau foncée
🏌️‍♀️	femme | golf | golfeuse | practice | sport
🏌🏻‍♀️	femme | golf | golfeuse | golfeuse : peau claire | peau claire | practice | sport
🏌🏼‍♀️	femme | golf | golfeuse | golfeuse : peau moyennement claire | peau moyennement claire | practice | sport
🏌🏽‍♀️	femme | golf | golfeuse | golfeuse : peau légèrement mate | peau légèrement mate | practice | sport
🏌🏾‍♀️	femme | golf | golfeuse | golfeuse : peau mate | peau mate | practice | sport
🏌🏿‍♀️	femme | golf | golfeuse | golfeuse : peau foncée | peau foncée | practice | sport
🏄	glisse | homme | mer | océan | personne | personne faisant du surf | plage | planche | sport | surf | vagues
🏄🏻	glisse | homme | mer | océan | peau claire | personne | personne faisant du surf | personne faisant du surf : peau claire | plage | planche | sport | surf | vagues
🏄🏼	glisse | homme | mer | océan | peau moyennement claire | personne | personne faisant du surf | personne faisant du surf : peau moyennement claire | plage | planche | sport | surf | vagues
🏄🏽	glisse | homme | mer | océan | peau légèrement mate | personne | personne faisant du surf | personne faisant du surf : peau légèrement mate | plage | planche | sport | surf | vagues
🏄🏾	glisse | homme | mer | océan | peau mate | personne | personne faisant du surf | personne faisant du surf : peau mate | plage | planche | sport | surf | vagues
🏄🏿	glisse | homme | mer | océan | peau foncée | personne | personne faisant du surf | personne faisant du surf : peau foncée | plage | planche | sport | surf | vagues
🏄‍♂️	homme | surf | surfeur
🏄🏻‍♂️	homme | peau claire | surf | surfeur | surfeur : peau claire
🏄🏼‍♂️	homme | peau moyennement claire | surf | surfeur | surfeur : peau moyennement claire
🏄🏽‍♂️	homme | peau légèrement mate | surf | surfeur | surfeur : peau légèrement mate
🏄🏾‍♂️	homme | peau mate | surf | surfeur | surfeur : peau mate
🏄🏿‍♂️	homme | peau foncée | surf | surfeur | surfeur : peau foncée
🏄‍♀️	femme | mer | océan | plage | sport | surf | surfeuse | vagues
🏄🏻‍♀️	femme | mer | océan | peau claire | plage | sport | surf | surfeuse | surfeuse : peau claire | vagues
🏄🏼‍♀️	femme | mer | océan | peau moyennement claire | plage | sport | surf | surfeuse | surfeuse : peau moyennement claire | vagues
🏄🏽‍♀️	femme | mer | océan | peau légèrement mate | plage | sport | surf | surfeuse | surfeuse : peau légèrement mate | vagues
🏄🏾‍♀️	femme | mer | océan | peau mate | plage | sport | surf | surfeuse | surfeuse : peau mate | vagues
🏄🏿‍♀️	femme | mer | océan | peau foncée | plage | sport | surf | surfeuse | surfeuse : peau foncée | vagues
🚣	barque | bateau | lac | naviguer | personne | personne ramant dans une barque | pêche | ramer | rameur | rivière | sport
🚣🏻	barque | bateau | lac | naviguer | peau claire | personne | personne ramant dans une barque | personne ramant dans une barque : peau claire | pêche | ramer | rameur | rivière | sport
🚣🏼	barque | bateau | lac | naviguer | peau moyennement claire | personne | personne ramant dans une barque | personne ramant dans une barque : peau moyennement claire | pêche | ramer | rameur | rivière | sport
🚣🏽	barque | bateau | lac | naviguer | peau légèrement mate | personne | personne ramant dans une barque | personne ramant dans une barque : peau légèrement mate | pêche | ramer | rameur | rivière | sport
🚣🏾	barque | bateau | lac | naviguer | peau mate | personne | personne ramant dans une barque | personne ramant dans une barque : peau mate | pêche | ramer | rameur | rivière | sport
🚣🏿	barque | bateau | lac | naviguer | peau foncée | personne | personne ramant dans une barque | personne ramant dans une barque : peau foncée | pêche | ramer | rameur | rivière | sport
🚣‍♂️	barque | bateau | homme | rameur dans une barque
🚣🏻‍♂️	barque | bateau | homme | peau claire | rameur dans une barque | rameur dans une barque : peau claire
🚣🏼‍♂️	barque | bateau | homme | peau moyennement claire | rameur dans une barque | rameur dans une barque : peau moyennement claire
🚣🏽‍♂️	barque | bateau | homme | peau légèrement mate | rameur dans une barque | rameur dans une barque : peau légèrement mate
🚣🏾‍♂️	barque | bateau | homme | peau mate | rameur dans une barque | rameur dans une barque : peau mate
🚣🏿‍♂️	barque | bateau | homme | peau foncée | rameur dans une barque | rameur dans une barque : peau foncée
🚣‍♀️	barque | bateau | femme | lac | navigation | plaisance | pêche | ramer | rameuse dans une barque | rivière | sport
🚣🏻‍♀️	barque | bateau | femme | lac | navigation | peau claire | plaisance | pêche | ramer | rameuse dans une barque | rameuse dans une barque : peau claire | rivière | sport
🚣🏼‍♀️	barque | bateau | femme | lac | navigation | peau moyennement claire | plaisance | pêche | ramer | rameuse dans une barque | rameuse dans une barque : peau moyennement claire | rivière | sport
🚣🏽‍♀️	barque | bateau | femme | lac | navigation | peau légèrement mate | plaisance | pêche | ramer | rameuse dans une barque | rameuse dans une barque : peau légèrement mate | rivière | sport
🚣🏾‍♀️	barque | bateau | femme | lac | navigation | peau mate | plaisance | pêche | ramer | rameuse dans une barque | rameuse dans une barque : peau mate | rivière | sport
🚣🏿‍♀️	barque | bateau | femme | lac | navigation | peau foncée | plaisance | pêche | ramer | rameuse dans une barque | rameuse dans une barque : peau foncée | rivière | sport
🏊	crawl | eau | exercice | homme | nage | nageur | natation | personne | personne nageant | piscine | sport
🏊🏻	crawl | eau | exercice | homme | nage | nageur | natation | peau claire | personne | personne nageant | personne nageant : peau claire | piscine | sport
🏊🏼	crawl | eau | exercice | homme | nage | nageur | natation | peau moyennement claire | personne | personne nageant | personne nageant : peau moyennement claire | piscine | sport
🏊🏽	crawl | eau | exercice | homme | nage | nageur | natation | peau légèrement mate | personne | personne nageant | personne nageant : peau légèrement mate | piscine | sport
🏊🏾	crawl | eau | exercice | homme | nage | nageur | natation | peau mate | personne | personne nageant | personne nageant : peau mate | piscine | sport
🏊🏿	crawl | eau | exercice | homme | nage | nageur | natation | peau foncée | personne | personne nageant | personne nageant : peau foncée | piscine | sport
🏊‍♂️	homme | nage | nageur
🏊🏻‍♂️	homme | nage | nageur | nageur : peau claire | peau claire
🏊🏼‍♂️	homme | nage | nageur | nageur : peau moyennement claire | peau moyennement claire
🏊🏽‍♂️	homme | nage | nageur | nageur : peau légèrement mate | peau légèrement mate
🏊🏾‍♂️	homme | nage | nageur | nageur : peau mate | peau mate
🏊🏿‍♂️	homme | nage | nageur | nageur : peau foncée | peau foncée
🏊‍♀️	femme | nage | nageuse | natation | sport
🏊🏻‍♀️	femme | nage | nageuse | nageuse : peau claire | natation | peau claire | sport
🏊🏼‍♀️	femme | nage | nageuse | nageuse : peau moyennement claire | natation | peau moyennement claire | sport
🏊🏽‍♀️	femme | nage | nageuse | nageuse : peau légèrement mate | natation | peau légèrement mate | sport
🏊🏾‍♀️	femme | nage | nageuse | nageuse : peau mate | natation | peau mate | sport
🏊🏿‍♀️	femme | nage | nageuse | nageuse : peau foncée | natation | peau foncée | sport
⛹️	athlétique | ballon | basket-ball | basketteur | dribble | joueur | match | personne | personne avec ballon | rebond | sport
⛹🏻	athlétique | ballon | basket-ball | basketteur | dribble | joueur | match | peau claire | personne | personne avec ballon | personne avec ballon : peau claire | rebond | sport
⛹🏼	athlétique | ballon | basket-ball | basketteur | dribble | joueur | match | peau moyennement claire | personne | personne avec ballon | personne avec ballon : peau moyennement claire | rebond | sport
⛹🏽	athlétique | ballon | basket-ball | basketteur | dribble | joueur | match | peau légèrement mate | personne | personne avec ballon | personne avec ballon : peau légèrement mate | rebond | sport
⛹🏾	athlétique | ballon | basket-ball | basketteur | dribble | joueur | match | peau mate | personne | personne avec ballon | personne avec ballon : peau mate | rebond | sport
⛹🏿	athlétique | ballon | basket-ball | basketteur | dribble | joueur | match | peau foncée | personne | personne avec ballon | personne avec ballon : peau foncée | rebond | sport
⛹️‍♂️	ballon | homme | homme avec ballon
⛹🏻‍♂️	ballon | homme | homme avec ballon | homme avec ballon : peau claire | peau claire
⛹🏼‍♂️	ballon | homme | homme avec ballon | homme avec ballon : peau moyennement claire | peau moyennement claire
⛹🏽‍♂️	ballon | homme | homme avec ballon | homme avec ballon : peau légèrement mate | peau légèrement mate
⛹🏾‍♂️	ballon | homme | homme avec ballon | homme avec ballon : peau mate | peau mate
⛹🏿‍♂️	ballon | homme | homme avec ballon | homme avec ballon : peau foncée | peau foncée
⛹️‍♀️	ballon | basket-ball | basketteuse | femme | femme avec ballon | sport
⛹🏻‍♀️	ballon | basket-ball | basketteuse | femme | femme avec ballon | femme avec ballon : peau claire | peau claire | sport
⛹🏼‍♀️	ballon | basket-ball | basketteuse | femme | femme avec ballon | femme avec ballon : peau moyennement claire | peau moyennement claire | sport
⛹🏽‍♀️	ballon | basket-ball | basketteuse | femme | femme avec ballon | femme avec ballon : peau légèrement mate | peau légèrement mate | sport
⛹🏾‍♀️	ballon | basket-ball | basketteuse | femme | femme avec ballon | femme avec ballon : peau mate | peau mate | sport
⛹🏿‍♀️	ballon | basket-ball | basketteuse | femme | femme avec ballon | femme avec ballon : peau foncée | peau foncée | sport
🏋️	bodybuilding | entraînement | force | haltérophile | haltérophilie | homme | lever des poids | muscles | personne | poids | sport
🏋🏻	bodybuilding | entraînement | force | haltérophile | haltérophile : peau claire | haltérophilie | homme | lever des poids | muscles | peau claire | personne | poids | sport
🏋🏼	bodybuilding | entraînement | force | haltérophile | haltérophile : peau moyennement claire | haltérophilie | homme | lever des poids | muscles | peau moyennement claire | personne | poids | sport
🏋🏽	bodybuilding | entraînement | force | haltérophile | haltérophile : peau légèrement mate | haltérophilie | homme | lever des poids | muscles | peau légèrement mate | personne | poids | sport
🏋🏾	bodybuilding | entraînement | force | haltérophile | haltérophile : peau mate | haltérophilie | homme | lever des poids | muscles | peau mate | personne | poids | sport
🏋🏿	bodybuilding | entraînement | force | haltérophile | haltérophile : peau foncée | haltérophilie | homme | lever des poids | muscles | peau foncée | personne | poids | sport
🏋️‍♂️	haltérophile | homme | homme haltérophile
🏋🏻‍♂️	haltérophile | homme | homme haltérophile : peau claire | peau claire
🏋🏼‍♂️	haltérophile | homme | homme haltérophile : peau moyennement claire | peau moyennement claire
🏋🏽‍♂️	haltérophile | homme | homme haltérophile : peau légèrement mate | peau légèrement mate
🏋🏾‍♂️	haltérophile | homme | homme haltérophile : peau mate | peau mate
🏋🏿‍♂️	haltérophile | homme | homme haltérophile : peau foncée | peau foncée
🏋️‍♀️	entraînement | exercice | femme | femme haltérophile | haltérophile | sport
🏋🏻‍♀️	entraînement | exercice | femme | femme haltérophile : peau claire | haltérophile | peau claire | sport
🏋🏼‍♀️	entraînement | exercice | femme | femme haltérophile : peau moyennement claire | haltérophile | peau moyennement claire | sport
🏋🏽‍♀️	entraînement | exercice | femme | femme haltérophile : peau légèrement mate | haltérophile | peau légèrement mate | sport
🏋🏾‍♀️	entraînement | exercice | femme | femme haltérophile : peau mate | haltérophile | peau mate | sport
🏋🏿‍♀️	entraînement | exercice | femme | femme haltérophile : peau foncée | haltérophile | peau foncée | sport
🚴	course | cycliste | guidon | homme | personne | pédaler | rouler | sport | tour de france | vélo
🚴🏻	course | cycliste | cycliste : peau claire | guidon | homme | peau claire | personne | pédaler | rouler | sport | tour de france | vélo
🚴🏼	course | cycliste | cycliste : peau moyennement claire | guidon | homme | peau moyennement claire | personne | pédaler | rouler | sport | tour de france | vélo
🚴🏽	course | cycliste | cycliste : peau légèrement mate | guidon | homme | peau légèrement mate | personne | pédaler | rouler | sport | tour de france | vélo
🚴🏾	course | cycliste | cycliste : peau mate | guidon | homme | peau mate | personne | pédaler | rouler | sport | tour de france | vélo
🚴🏿	course | cycliste | cycliste : peau foncée | guidon | homme | peau foncée | personne | pédaler | rouler | sport | tour de france | vélo
🚴‍♂️	cyclisme | cycliste | cycliste homme | homme | vélo
🚴🏻‍♂️	cyclisme | cycliste | cycliste homme : peau claire | homme | peau claire | vélo
🚴🏼‍♂️	cyclisme | cycliste | cycliste homme : peau moyennement claire | homme | peau moyennement claire | vélo
🚴🏽‍♂️	cyclisme | cycliste | cycliste homme : peau légèrement mate | homme | peau légèrement mate | vélo
🚴🏾‍♂️	cyclisme | cycliste | cycliste homme : peau mate | homme | peau mate | vélo
🚴🏿‍♂️	cyclisme | cycliste | cycliste homme : peau foncée | homme | peau foncée | vélo
🚴‍♀️	cyclisme | cycliste | cycliste femme | femme | sport | vélo
🚴🏻‍♀️	cyclisme | cycliste | cycliste femme : peau claire | femme | peau claire | sport | vélo
🚴🏼‍♀️	cyclisme | cycliste | cycliste femme : peau moyennement claire | femme | peau moyennement claire | sport | vélo
🚴🏽‍♀️	cyclisme | cycliste | cycliste femme : peau légèrement mate | femme | peau légèrement mate | sport | vélo
🚴🏾‍♀️	cyclisme | cycliste | cycliste femme : peau mate | femme | peau mate | sport | vélo
🚴🏿‍♀️	cyclisme | cycliste | cycliste femme : peau foncée | femme | peau foncée | sport | vélo
🚵	VTT | coureur | cyclisme | grimper | homme en VTT | montagne | personne | personne en VTT | sport | tour de France | vélo
🚵🏻	VTT | coureur | cyclisme | grimper | homme en VTT | montagne | peau claire | personne | personne en VTT | personne en VTT : peau claire | sport | tour de France | vélo
🚵🏼	VTT | coureur | cyclisme | grimper | homme en VTT | montagne | peau moyennement claire | personne | personne en VTT | personne en VTT : peau moyennement claire | sport | tour de France | vélo
🚵🏽	VTT | coureur | cyclisme | grimper | homme en VTT | montagne | peau légèrement mate | personne | personne en VTT | personne en VTT : peau légèrement mate | sport | tour de France | vélo
🚵🏾	VTT | coureur | cyclisme | grimper | homme en VTT | montagne | peau mate | personne | personne en VTT | personne en VTT : peau mate | sport | tour de France | vélo
🚵🏿	VTT | coureur | cyclisme | grimper | homme en VTT | montagne | peau foncée | personne | personne en VTT | personne en VTT : peau foncée | sport | tour de France | vélo
🚵‍♂️	VTT | cycliste | homme | homme en VTT | vélo
🚵🏻‍♂️	VTT | cycliste | homme | homme en VTT | homme en VTT : peau claire | peau claire | vélo
🚵🏼‍♂️	VTT | cycliste | homme | homme en VTT | homme en VTT : peau moyennement claire | peau moyennement claire | vélo
🚵🏽‍♂️	VTT | cycliste | homme | homme en VTT | homme en VTT : peau légèrement mate | peau légèrement mate | vélo
🚵🏾‍♂️	VTT | cycliste | homme | homme en VTT | homme en VTT : peau mate | peau mate | vélo
🚵🏿‍♂️	VTT | cycliste | homme | homme en VTT | homme en VTT : peau foncée | peau foncée | vélo
🚵‍♀️	VTT | VTTiste | cycliste | femme | femme en VTT | montagne | sport | vélo
🚵🏻‍♀️	VTT | VTTiste | cycliste | femme | femme en VTT | femme en VTT : peau claire | montagne | peau claire | sport | vélo
🚵🏼‍♀️	VTT | VTTiste | cycliste | femme | femme en VTT | femme en VTT : peau moyennement claire | montagne | peau moyennement claire | sport | vélo
🚵🏽‍♀️	VTT | VTTiste | cycliste | femme | femme en VTT | femme en VTT : peau légèrement mate | montagne | peau légèrement mate | sport | vélo
🚵🏾‍♀️	VTT | VTTiste | cycliste | femme | femme en VTT | femme en VTT : peau mate | montagne | peau mate | sport | vélo
🚵🏿‍♀️	VTT | VTTiste | cycliste | femme | femme en VTT | femme en VTT : peau foncée | montagne | peau foncée | sport | vélo
🤸	agilité | athlète | faire la roue | femme faisant la roue | gymnaste | gymnastique | personne | personne faisant la roue | roue | sport
🤸🏻	agilité | athlète | faire la roue | femme faisant la roue | gymnaste | gymnastique | peau claire | personne | personne faisant la roue | personne faisant la roue : peau claire | roue | sport
🤸🏼	agilité | athlète | faire la roue | femme faisant la roue | gymnaste | gymnastique | peau moyennement claire | personne | personne faisant la roue | personne faisant la roue : peau moyennement claire | roue | sport
🤸🏽	agilité | athlète | faire la roue | femme faisant la roue | gymnaste | gymnastique | peau légèrement mate | personne | personne faisant la roue | personne faisant la roue : peau légèrement mate | roue | sport
🤸🏾	agilité | athlète | faire la roue | femme faisant la roue | gymnaste | gymnastique | peau mate | personne | personne faisant la roue | personne faisant la roue : peau mate | roue | sport
🤸🏿	agilité | athlète | faire la roue | femme faisant la roue | gymnaste | gymnastique | peau foncée | personne | personne faisant la roue | personne faisant la roue : peau foncée | roue | sport
🤸‍♂️	acrobatie | content | faire la roue | garçon | gymnastique | homme | homme faisant la roue | personne | roue | souple | sport
🤸🏻‍♂️	acrobatie | content | faire la roue | garçon | gymnastique | homme | homme faisant la roue | homme faisant la roue : peau claire | peau claire | personne | roue | souple | sport
🤸🏼‍♂️	acrobatie | content | faire la roue | garçon | gymnastique | homme | homme faisant la roue | homme faisant la roue : peau moyennement claire | peau moyennement claire | personne | roue | souple | sport
🤸🏽‍♂️	acrobatie | content | faire la roue | garçon | gymnastique | homme | homme faisant la roue | homme faisant la roue : peau légèrement mate | peau légèrement mate | personne | roue | souple | sport
🤸🏾‍♂️	acrobatie | content | faire la roue | garçon | gymnastique | homme | homme faisant la roue | homme faisant la roue : peau mate | peau mate | personne | roue | souple | sport
🤸🏿‍♂️	acrobatie | content | faire la roue | garçon | gymnastique | homme | homme faisant la roue | homme faisant la roue : peau foncée | peau foncée | personne | roue | souple | sport
🤸‍♀️	acrobatie | exercice | faire la roue | femme | femme faisant la roue | gymnaste | gymnastique | personne | roue | sport
🤸🏻‍♀️	acrobatie | exercice | faire la roue | femme | femme faisant la roue | femme faisant la roue : peau claire | gymnaste | gymnastique | peau claire | personne | roue | sport
🤸🏼‍♀️	acrobatie | exercice | faire la roue | femme | femme faisant la roue | femme faisant la roue : peau moyennement claire | gymnaste | gymnastique | peau moyennement claire | personne | roue | sport
🤸🏽‍♀️	acrobatie | exercice | faire la roue | femme | femme faisant la roue | femme faisant la roue : peau légèrement mate | gymnaste | gymnastique | peau légèrement mate | personne | roue | sport
🤸🏾‍♀️	acrobatie | exercice | faire la roue | femme | femme faisant la roue | femme faisant la roue : peau mate | gymnaste | gymnastique | peau mate | personne | roue | sport
🤸🏿‍♀️	acrobatie | exercice | faire la roue | femme | femme faisant la roue | femme faisant la roue : peau foncée | gymnaste | gymnastique | peau foncée | personne | roue | sport
🤼	bataille | lutte | lutteur | lutteurs | personnes | personnes faisant de la lutte | sport
🤼🏻	bataille | lutte | lutteur | lutteurs | peau claire | personnes | personnes faisant de la lutte | personnes faisant de la lutte : peau claire | sport
🤼🏼	bataille | lutte | lutteur | lutteurs | peau moyennement claire | personnes | personnes faisant de la lutte | personnes faisant de la lutte : peau moyennement claire | sport
🤼🏽	bataille | lutte | lutteur | lutteurs | peau légèrement mate | personnes | personnes faisant de la lutte | personnes faisant de la lutte : peau légèrement mate | sport
🤼🏾	bataille | lutte | lutteur | lutteurs | peau mate | personnes | personnes faisant de la lutte | personnes faisant de la lutte : peau mate | sport
🤼🏿	bataille | lutte | lutteur | lutteurs | peau foncée | personnes | personnes faisant de la lutte | personnes faisant de la lutte : peau foncée | sport
🤼‍♂️	athlètes | bataille | force | hommes | lutte | lutteurs | personne | personnes | sport | sur le ring
🤼🏻‍♂️	athlètes | bataille | force | hommes | lutte | lutteurs | lutteurs : peau claire | peau claire | personne | personnes | sport | sur le ring
🤼🏼‍♂️	athlètes | bataille | force | hommes | lutte | lutteurs | lutteurs : peau moyennement claire | peau moyennement claire | personne | personnes | sport | sur le ring
🤼🏽‍♂️	athlètes | bataille | force | hommes | lutte | lutteurs | lutteurs : peau légèrement mate | peau légèrement mate | personne | personnes | sport | sur le ring
🤼🏾‍♂️	athlètes | bataille | force | hommes | lutte | lutteurs | lutteurs : peau mate | peau mate | personne | personnes | sport | sur le ring
🤼🏿‍♂️	athlètes | bataille | force | hommes | lutte | lutteurs | lutteurs : peau foncée | peau foncée | personne | personnes | sport | sur le ring
🤼‍♀️	bataille | combat | duel | femmes | lutte | lutteuse | lutteuses | personne | personnes | sport
🤼🏻‍♀️	bataille | combat | duel | femmes | lutte | lutteuse | lutteuses | lutteuses : peau claire | peau claire | personne | personnes | sport
🤼🏼‍♀️	bataille | combat | duel | femmes | lutte | lutteuse | lutteuses | lutteuses : peau moyennement claire | peau moyennement claire | personne | personnes | sport
🤼🏽‍♀️	bataille | combat | duel | femmes | lutte | lutteuse | lutteuses | lutteuses : peau légèrement mate | peau légèrement mate | personne | personnes | sport
🤼🏾‍♀️	bataille | combat | duel | femmes | lutte | lutteuse | lutteuses | lutteuses : peau mate | peau mate | personne | personnes | sport
🤼🏿‍♀️	bataille | combat | duel | femmes | lutte | lutteuse | lutteuses | lutteuses : peau foncée | peau foncée | personne | personnes | sport
🧑🏻‍🫯‍🧑🏼	bataille | lutte | lutteur | lutteurs | peau claire | peau moyennement claire | personnes | personnes faisant de la lutte | personnes faisant de la lutte : peau claire et peau moyennement claire | sport
🧑🏻‍🫯‍🧑🏽	bataille | lutte | lutteur | lutteurs | peau claire | peau légèrement mate | personnes | personnes faisant de la lutte | personnes faisant de la lutte : peau claire et peau légèrement mate | sport
🧑🏻‍🫯‍🧑🏾	bataille | lutte | lutteur | lutteurs | peau claire | peau mate | personnes | personnes faisant de la lutte | personnes faisant de la lutte : peau claire et peau mate | sport
🧑🏻‍🫯‍🧑🏿	bataille | lutte | lutteur | lutteurs | peau claire | peau foncée | personnes | personnes faisant de la lutte | personnes faisant de la lutte : peau claire et peau foncée | sport
🧑🏼‍🫯‍🧑🏻	bataille | lutte | lutteur | lutteurs | peau claire | peau moyennement claire | personnes | personnes faisant de la lutte | personnes faisant de la lutte : peau moyennement claire et peau claire | sport
🧑🏼‍🫯‍🧑🏽	bataille | lutte | lutteur | lutteurs | peau légèrement mate | peau moyennement claire | personnes | personnes faisant de la lutte | personnes faisant de la lutte : peau moyennement claire et peau légèrement mate | sport
🧑🏼‍🫯‍🧑🏾	bataille | lutte | lutteur | lutteurs | peau mate | peau moyennement claire | personnes | personnes faisant de la lutte | personnes faisant de la lutte : peau moyennement claire et peau mate | sport
🧑🏼‍🫯‍🧑🏿	bataille | lutte | lutteur | lutteurs | peau foncée | peau moyennement claire | personnes | personnes faisant de la lutte | personnes faisant de la lutte : peau moyennement claire et peau foncée | sport
🧑🏽‍🫯‍🧑🏻	bataille | lutte | lutteur | lutteurs | peau claire | peau légèrement mate | personnes | personnes faisant de la lutte | personnes faisant de la lutte : peau légèrement mate et peau claire | sport
🧑🏽‍🫯‍🧑🏼	bataille | lutte | lutteur | lutteurs | peau légèrement mate | peau moyennement claire | personnes | personnes faisant de la lutte | personnes faisant de la lutte : peau légèrement mate et peau moyennement claire | sport
🧑🏽‍🫯‍🧑🏾	bataille | lutte | lutteur | lutteurs | peau légèrement mate | peau mate | personnes | personnes faisant de la lutte | personnes faisant de la lutte : peau légèrement mate et peau mate | sport
🧑🏽‍🫯‍🧑🏿	bataille | lutte | lutteur | lutteurs | peau foncée | peau légèrement mate | personnes | personnes faisant de la lutte | personnes faisant de la lutte : peau légèrement mate et peau foncée | sport
🧑🏾‍🫯‍🧑🏻	bataille | lutte | lutteur | lutteurs | peau claire | peau mate | personnes | personnes faisant de la lutte | personnes faisant de la lutte : peau mate et peau claire | sport
🧑🏾‍🫯‍🧑🏼	bataille | lutte | lutteur | lutteurs | peau mate | peau moyennement claire | personnes | personnes faisant de la lutte | personnes faisant de la lutte : peau mate et peau moyennement claire | sport
🧑🏾‍🫯‍🧑🏽	bataille | lutte | lutteur | lutteurs | peau légèrement mate | peau mate | personnes | personnes faisant de la lutte | personnes faisant de la lutte : peau mate et peau légèrement mate | sport
🧑🏾‍🫯‍🧑🏿	bataille | lutte | lutteur | lutteurs | peau foncée | peau mate | personnes | personnes faisant de la lutte | personnes faisant de la lutte : peau mate et peau foncée | sport
🧑🏿‍🫯‍🧑🏻	bataille | lutte | lutteur | lutteurs | peau claire | peau foncée | personnes | personnes faisant de la lutte | personnes faisant de la lutte : peau foncée et peau claire | sport
🧑🏿‍🫯‍🧑🏼	bataille | lutte | lutteur | lutteurs | peau foncée | peau moyennement claire | personnes | personnes faisant de la lutte | personnes faisant de la lutte : peau foncée et peau moyennement claire | sport
🧑🏿‍🫯‍🧑🏽	bataille | lutte | lutteur | lutteurs | peau foncée | peau légèrement mate | personnes | personnes faisant de la lutte | personnes faisant de la lutte : peau foncée et peau légèrement mate | sport
🧑🏿‍🫯‍🧑🏾	bataille | lutte | lutteur | lutteurs | peau foncée | peau mate | personnes | personnes faisant de la lutte | personnes faisant de la lutte : peau foncée et peau mate | sport
👨🏻‍🫯‍👨🏼	athlètes | bataille | force | hommes | lutte | lutteurs | lutteurs : peau claire et peau moyennement claire | peau claire | peau moyennement claire | personne | personnes | sport | sur le ring
👨🏻‍🫯‍👨🏽	athlètes | bataille | force | hommes | lutte | lutteurs | lutteurs : peau claire et peau légèrement mate | peau claire | peau légèrement mate | personne | personnes | sport | sur le ring
👨🏻‍🫯‍👨🏾	athlètes | bataille | force | hommes | lutte | lutteurs | lutteurs : peau claire et peau mate | peau claire | peau mate | personne | personnes | sport | sur le ring
👨🏻‍🫯‍👨🏿	athlètes | bataille | force | hommes | lutte | lutteurs | lutteurs : peau claire et peau foncée | peau claire | peau foncée | personne | personnes | sport | sur le ring
👨🏼‍🫯‍👨🏻	athlètes | bataille | force | hommes | lutte | lutteurs | lutteurs : peau moyennement claire et peau claire | peau claire | peau moyennement claire | personne | personnes | sport | sur le ring
👨🏼‍🫯‍👨🏽	athlètes | bataille | force | hommes | lutte | lutteurs | lutteurs : peau moyennement claire et peau légèrement mate | peau légèrement mate | peau moyennement claire | personne | personnes | sport | sur le ring
👨🏼‍🫯‍👨🏾	athlètes | bataille | force | hommes | lutte | lutteurs | lutteurs : peau moyennement claire et peau mate | peau mate | peau moyennement claire | personne | personnes | sport | sur le ring
👨🏼‍🫯‍👨🏿	athlètes | bataille | force | hommes | lutte | lutteurs | lutteurs : peau moyennement claire et peau foncée | peau foncée | peau moyennement claire | personne | personnes | sport | sur le ring
👨🏽‍🫯‍👨🏻	athlètes | bataille | force | hommes | lutte | lutteurs | lutteurs : peau légèrement mate et peau claire | peau claire | peau légèrement mate | personne | personnes | sport | sur le ring
👨🏽‍🫯‍👨🏼	athlètes | bataille | force | hommes | lutte | lutteurs | lutteurs : peau légèrement mate et peau moyennement claire | peau légèrement mate | peau moyennement claire | personne | personnes | sport | sur le ring
👨🏽‍🫯‍👨🏾	athlètes | bataille | force | hommes | lutte | lutteurs | lutteurs : peau légèrement mate et peau mate | peau légèrement mate | peau mate | personne | personnes | sport | sur le ring
👨🏽‍🫯‍👨🏿	athlètes | bataille | force | hommes | lutte | lutteurs | lutteurs : peau légèrement mate et peau foncée | peau foncée | peau légèrement mate | personne | personnes | sport | sur le ring
👨🏾‍🫯‍👨🏻	athlètes | bataille | force | hommes | lutte | lutteurs | lutteurs : peau mate et peau claire | peau claire | peau mate | personne | personnes | sport | sur le ring
👨🏾‍🫯‍👨🏼	athlètes | bataille | force | hommes | lutte | lutteurs | lutteurs : peau mate et peau moyennement claire | peau mate | peau moyennement claire | personne | personnes | sport | sur le ring
👨🏾‍🫯‍👨🏽	athlètes | bataille | force | hommes | lutte | lutteurs | lutteurs : peau mate et peau légèrement mate | peau légèrement mate | peau mate | personne | personnes | sport | sur le ring
👨🏾‍🫯‍👨🏿	athlètes | bataille | force | hommes | lutte | lutteurs | lutteurs : peau mate et peau foncée | peau foncée | peau mate | personne | personnes | sport | sur le ring
👨🏿‍🫯‍👨🏻	athlètes | bataille | force | hommes | lutte | lutteurs | lutteurs : peau foncée et peau claire | peau claire | peau foncée | personne | personnes | sport | sur le ring
👨🏿‍🫯‍👨🏼	athlètes | bataille | force | hommes | lutte | lutteurs | lutteurs : peau foncée et peau moyennement claire | peau foncée | peau moyennement claire | personne | personnes | sport | sur le ring
👨🏿‍🫯‍👨🏽	athlètes | bataille | force | hommes | lutte | lutteurs | lutteurs : peau foncée et peau légèrement mate | peau foncée | peau légèrement mate | personne | personnes | sport | sur le ring
👨🏿‍🫯‍👨🏾	athlètes | bataille | force | hommes | lutte | lutteurs | lutteurs : peau foncée et peau mate | peau foncée | peau mate | personne | personnes | sport | sur le ring
👩🏻‍🫯‍👩🏼	bataille | combat | duel | femmes | lutte | lutteuse | lutteuses | lutteuses : peau claire et peau moyennement claire | peau claire | peau moyennement claire | personne | personnes | sport
👩🏻‍🫯‍👩🏽	bataille | combat | duel | femmes | lutte | lutteuse | lutteuses | lutteuses : peau claire et peau légèrement mate | peau claire | peau légèrement mate | personne | personnes | sport
👩🏻‍🫯‍👩🏾	bataille | combat | duel | femmes | lutte | lutteuse | lutteuses | lutteuses : peau claire et peau mate | peau claire | peau mate | personne | personnes | sport
👩🏻‍🫯‍👩🏿	bataille | combat | duel | femmes | lutte | lutteuse | lutteuses | lutteuses : peau claire et peau foncée | peau claire | peau foncée | personne | personnes | sport
👩🏼‍🫯‍👩🏻	bataille | combat | duel | femmes | lutte | lutteuse | lutteuses | lutteuses : peau moyennement claire et peau claire | peau claire | peau moyennement claire | personne | personnes | sport
👩🏼‍🫯‍👩🏽	bataille | combat | duel | femmes | lutte | lutteuse | lutteuses | lutteuses : peau moyennement claire et peau légèrement mate | peau légèrement mate | peau moyennement claire | personne | personnes | sport
👩🏼‍🫯‍👩🏾	bataille | combat | duel | femmes | lutte | lutteuse | lutteuses | lutteuses : peau moyennement claire et peau mate | peau mate | peau moyennement claire | personne | personnes | sport
👩🏼‍🫯‍👩🏿	bataille | combat | duel | femmes | lutte | lutteuse | lutteuses | lutteuses : peau moyennement claire et peau foncée | peau foncée | peau moyennement claire | personne | personnes | sport
👩🏽‍🫯‍👩🏻	bataille | combat | duel | femmes | lutte | lutteuse | lutteuses | lutteuses : peau légèrement mate et peau claire | peau claire | peau légèrement mate | personne | personnes | sport
👩🏽‍🫯‍👩🏼	bataille | combat | duel | femmes | lutte | lutteuse | lutteuses | lutteuses : peau légèrement mate et peau moyennement claire | peau légèrement mate | peau moyennement claire | personne | personnes | sport
👩🏽‍🫯‍👩🏾	bataille | combat | duel | femmes | lutte | lutteuse | lutteuses | lutteuses : peau légèrement mate et peau mate | peau légèrement mate | peau mate | personne | personnes | sport
👩🏽‍🫯‍👩🏿	bataille | combat | duel | femmes | lutte | lutteuse | lutteuses | lutteuses : peau légèrement mate et peau foncée | peau foncée | peau légèrement mate | personne | personnes | sport
👩🏾‍🫯‍👩🏻	bataille | combat | duel | femmes | lutte | lutteuse | lutteuses | lutteuses : peau mate et peau claire | peau claire | peau mate | personne | personnes | sport
👩🏾‍🫯‍👩🏼	bataille | combat | duel | femmes | lutte | lutteuse | lutteuses | lutteuses : peau mate et peau moyennement claire | peau mate | peau moyennement claire | personne | personnes | sport
👩🏾‍🫯‍👩🏽	bataille | combat | duel | femmes | lutte | lutteuse | lutteuses | lutteuses : peau mate et peau légèrement mate | peau légèrement mate | peau mate | personne | personnes | sport
👩🏾‍🫯‍👩🏿	bataille | combat | duel | femmes | lutte | lutteuse | lutteuses | lutteuses : peau mate et peau foncée | peau foncée | peau mate | personne | personnes | sport
👩🏿‍🫯‍👩🏻	bataille | combat | duel | femmes | lutte | lutteuse | lutteuses | lutteuses : peau foncée et peau claire | peau claire | peau foncée | personne | personnes | sport
👩🏿‍🫯‍👩🏼	bataille | combat | duel | femmes | lutte | lutteuse | lutteuses | lutteuses : peau foncée et peau moyennement claire | peau foncée | peau moyennement claire | personne | personnes | sport
👩🏿‍🫯‍👩🏽	bataille | combat | duel | femmes | lutte | lutteuse | lutteuses | lutteuses : peau foncée et peau légèrement mate | peau foncée | peau légèrement mate | personne | personnes | sport
👩🏿‍🫯‍👩🏾	bataille | combat | duel | femmes | lutte | lutteuse | lutteuses | lutteuses : peau foncée et peau mate | peau foncée | peau mate | personne | personnes | sport
🤽	ballon | homme qui joue au water-polo | personne | personne jouant au water-polo | piscine | sport | water-polo
🤽🏻	ballon | homme qui joue au water-polo | peau claire | personne | personne jouant au water-polo | personne jouant au water-polo : peau claire | piscine | sport | water-polo
🤽🏼	ballon | homme qui joue au water-polo | peau moyennement claire | personne | personne jouant au water-polo | personne jouant au water-polo : peau moyennement claire | piscine | sport | water-polo
🤽🏽	ballon | homme qui joue au water-polo | peau légèrement mate | personne | personne jouant au water-polo | personne jouant au water-polo : peau légèrement mate | piscine | sport | water-polo
🤽🏾	ballon | homme qui joue au water-polo | peau mate | personne | personne jouant au water-polo | personne jouant au water-polo : peau mate | piscine | sport | water-polo
🤽🏿	ballon | homme qui joue au water-polo | peau foncée | personne | personne jouant au water-polo | personne jouant au water-polo : peau foncée | piscine | sport | water-polo
🤽‍♂️	ballon | eau | homme | jeu | joueur de water-polo | match | personne | piscine | sport | water-polo
🤽🏻‍♂️	ballon | eau | homme | jeu | joueur de water-polo | joueur de water-polo : peau claire | match | peau claire | personne | piscine | sport | water-polo
🤽🏼‍♂️	ballon | eau | homme | jeu | joueur de water-polo | joueur de water-polo : peau moyennement claire | match | peau moyennement claire | personne | piscine | sport | water-polo
🤽🏽‍♂️	ballon | eau | homme | jeu | joueur de water-polo | joueur de water-polo : peau légèrement mate | match | peau légèrement mate | personne | piscine | sport | water-polo
🤽🏾‍♂️	ballon | eau | homme | jeu | joueur de water-polo | joueur de water-polo : peau mate | match | peau mate | personne | piscine | sport | water-polo
🤽🏿‍♂️	ballon | eau | homme | jeu | joueur de water-polo | joueur de water-polo : peau foncée | match | peau foncée | personne | piscine | sport | water-polo
🤽‍♀️	ballon | femme | joueuse de water-polo | nager | personne | piscine | sport | water-polo
🤽🏻‍♀️	ballon | femme | joueuse de water-polo | joueuse de water-polo : peau claire | nager | peau claire | personne | piscine | sport | water-polo
🤽🏼‍♀️	ballon | femme | joueuse de water-polo | joueuse de water-polo : peau moyennement claire | nager | peau moyennement claire | personne | piscine | sport | water-polo
🤽🏽‍♀️	ballon | femme | joueuse de water-polo | joueuse de water-polo : peau légèrement mate | nager | peau légèrement mate | personne | piscine | sport | water-polo
🤽🏾‍♀️	ballon | femme | joueuse de water-polo | joueuse de water-polo : peau mate | nager | peau mate | personne | piscine | sport | water-polo
🤽🏿‍♀️	ballon | femme | joueuse de water-polo | joueuse de water-polo : peau foncée | nager | peau foncée | personne | piscine | sport | water-polo
🤾	athlète | ballon | handball | handballeur | lancer | personne | personne jouant au handball | sport
🤾🏻	athlète | ballon | handball | handballeur | lancer | peau claire | personne | personne jouant au handball | personne jouant au handball : peau claire | sport
🤾🏼	athlète | ballon | handball | handballeur | lancer | peau moyennement claire | personne | personne jouant au handball | personne jouant au handball : peau moyennement claire | sport
🤾🏽	athlète | ballon | handball | handballeur | lancer | peau légèrement mate | personne | personne jouant au handball | personne jouant au handball : peau légèrement mate | sport
🤾🏾	athlète | ballon | handball | handballeur | lancer | peau mate | personne | personne jouant au handball | personne jouant au handball : peau mate | sport
🤾🏿	athlète | ballon | handball | handballeur | lancer | peau foncée | personne | personne jouant au handball | personne jouant au handball : peau foncée | sport
🤾‍♂️	handball | handballeur | homme | sport
🤾🏻‍♂️	handball | handballeur | handballeur : peau claire | homme | peau claire | sport
🤾🏼‍♂️	handball | handballeur | handballeur : peau moyennement claire | homme | peau moyennement claire | sport
🤾🏽‍♂️	handball | handballeur | handballeur : peau légèrement mate | homme | peau légèrement mate | sport
🤾🏾‍♂️	handball | handballeur | handballeur : peau mate | homme | peau mate | sport
🤾🏿‍♂️	handball | handballeur | handballeur : peau foncée | homme | peau foncée | sport
🤾‍♀️	athlète | attaquante | ballon | femme | handball | handballeuse | personne | sport | tir
🤾🏻‍♀️	athlète | attaquante | ballon | femme | handball | handballeuse | handballeuse : peau claire | peau claire | personne | sport | tir
🤾🏼‍♀️	athlète | attaquante | ballon | femme | handball | handballeuse | handballeuse : peau moyennement claire | peau moyennement claire | personne | sport | tir
🤾🏽‍♀️	athlète | attaquante | ballon | femme | handball | handballeuse | handballeuse : peau légèrement mate | peau légèrement mate | personne | sport | tir
🤾🏾‍♀️	athlète | attaquante | ballon | femme | handball | handballeuse | handballeuse : peau mate | peau mate | personne | sport | tir
🤾🏿‍♀️	athlète | attaquante | ballon | femme | handball | handballeuse | handballeuse : peau foncée | peau foncée | personne | sport | tir
🤹	artiste | cirque | gérer | jongler | jongleur | multitâche | personne qui jongle
🤹🏻	artiste | cirque | gérer | jongler | jongleur | multitâche | peau claire | personne qui jongle | personne qui jongle : peau claire
🤹🏼	artiste | cirque | gérer | jongler | jongleur | multitâche | peau moyennement claire | personne qui jongle | personne qui jongle : peau moyennement claire
🤹🏽	artiste | cirque | gérer | jongler | jongleur | multitâche | peau légèrement mate | personne qui jongle | personne qui jongle : peau légèrement mate
🤹🏾	artiste | cirque | gérer | jongler | jongleur | multitâche | peau mate | personne qui jongle | personne qui jongle : peau mate
🤹🏿	artiste | cirque | gérer | jongler | jongleur | multitâche | peau foncée | personne qui jongle | personne qui jongle : peau foncée
🤹‍♂️	acrobatie | artiste | balles | cirque | homme | jonglage | jongleur | multitâche | personne
🤹🏻‍♂️	acrobatie | artiste | balles | cirque | homme | jonglage | jongleur | jongleur : peau claire | multitâche | peau claire | personne
🤹🏼‍♂️	acrobatie | artiste | balles | cirque | homme | jonglage | jongleur | jongleur : peau moyennement claire | multitâche | peau moyennement claire | personne
🤹🏽‍♂️	acrobatie | artiste | balles | cirque | homme | jonglage | jongleur | jongleur : peau légèrement mate | multitâche | peau légèrement mate | personne
🤹🏾‍♂️	acrobatie | artiste | balles | cirque | homme | jonglage | jongleur | jongleur : peau mate | multitâche | peau mate | personne
🤹🏿‍♂️	acrobatie | artiste | balles | cirque | homme | jonglage | jongleur | jongleur : peau foncée | multitâche | peau foncée | personne
🤹‍♀️	femme | jonglage | jongleuse | multitâche
🤹🏻‍♀️	femme | jonglage | jongleuse | jongleuse : peau claire | multitâche | peau claire
🤹🏼‍♀️	femme | jonglage | jongleuse | jongleuse : peau moyennement claire | multitâche | peau moyennement claire
🤹🏽‍♀️	femme | jonglage | jongleuse | jongleuse : peau légèrement mate | multitâche | peau légèrement mate
🤹🏾‍♀️	femme | jonglage | jongleuse | jongleuse : peau mate | multitâche | peau mate
🤹🏿‍♀️	femme | jonglage | jongleuse | jongleuse : peau foncée | multitâche | peau foncée
🧘	détendu | femme | lotus | méditation | personne assise en position du lotus | personne dans la posture du lotus | position du lotus | relax | relaxation | tailleur | yoga | zen
🧘🏻	détendu | femme | lotus | méditation | peau claire | personne assise en position du lotus | personne dans la posture du lotus | personne dans la posture du lotus : peau claire | position du lotus | relax | relaxation | tailleur | yoga | zen
🧘🏼	détendu | femme | lotus | méditation | peau moyennement claire | personne assise en position du lotus | personne dans la posture du lotus | personne dans la posture du lotus : peau moyennement claire | position du lotus | relax | relaxation | tailleur | yoga | zen
🧘🏽	détendu | femme | lotus | méditation | peau légèrement mate | personne assise en position du lotus | personne dans la posture du lotus | personne dans la posture du lotus : peau légèrement mate | position du lotus | relax | relaxation | tailleur | yoga | zen
🧘🏾	détendu | femme | lotus | méditation | peau mate | personne assise en position du lotus | personne dans la posture du lotus | personne dans la posture du lotus : peau mate | position du lotus | relax | relaxation | tailleur | yoga | zen
🧘🏿	détendu | femme | lotus | méditation | peau foncée | personne assise en position du lotus | personne dans la posture du lotus | personne dans la posture du lotus : peau foncée | position du lotus | relax | relaxation | tailleur | yoga | zen
🧘‍♂️	homme dans la posture du lotus | méditation | position du lotus | yoga
🧘🏻‍♂️	homme dans la posture du lotus | homme dans la posture du lotus : peau claire | méditation | peau claire | position du lotus | yoga
🧘🏼‍♂️	homme dans la posture du lotus | homme dans la posture du lotus : peau moyennement claire | méditation | peau moyennement claire | position du lotus | yoga
🧘🏽‍♂️	homme dans la posture du lotus | homme dans la posture du lotus : peau légèrement mate | méditation | peau légèrement mate | position du lotus | yoga
🧘🏾‍♂️	homme dans la posture du lotus | homme dans la posture du lotus : peau mate | méditation | peau mate | position du lotus | yoga
🧘🏿‍♂️	homme dans la posture du lotus | homme dans la posture du lotus : peau foncée | méditation | peau foncée | position du lotus | yoga
🧘‍♀️	femme dans la posture du lotus | méditation | position du lotus | yoga
🧘🏻‍♀️	femme dans la posture du lotus | femme dans la posture du lotus : peau claire | méditation | peau claire | position du lotus | yoga
🧘🏼‍♀️	femme dans la posture du lotus | femme dans la posture du lotus : peau moyennement claire | méditation | peau moyennement claire | position du lotus | yoga
🧘🏽‍♀️	femme dans la posture du lotus | femme dans la posture du lotus : peau légèrement mate | méditation | peau légèrement mate | position du lotus | yoga
🧘🏾‍♀️	femme dans la posture du lotus | femme dans la posture du lotus : peau mate | méditation | peau mate | position du lotus | yoga
🧘🏿‍♀️	femme dans la posture du lotus | femme dans la posture du lotus : peau foncée | méditation | peau foncée | position du lotus | yoga
🛀	baignoire | bain | personne prenant un bain | personne qui prend un bain
🛀🏻	baignoire | bain | peau claire | personne prenant un bain | personne prenant un bain : peau claire | personne qui prend un bain
🛀🏼	baignoire | bain | peau moyennement claire | personne prenant un bain | personne prenant un bain : peau moyennement claire | personne qui prend un bain
🛀🏽	baignoire | bain | peau légèrement mate | personne prenant un bain | personne prenant un bain : peau légèrement mate | personne qui prend un bain
🛀🏾	baignoire | bain | peau mate | personne prenant un bain | personne prenant un bain : peau mate | personne qui prend un bain
🛀🏿	baignoire | bain | peau foncée | personne prenant un bain | personne prenant un bain : peau foncée | personne qui prend un bain
🛌	auberge | bonne nuit | coucher | dodo | dormir | fatigué | hôtel | lit | personne au lit | sieste
🛌🏻	auberge | bonne nuit | coucher | dodo | dormir | fatigué | hôtel | lit | peau claire | personne au lit | personne au lit : peau claire | sieste
🛌🏼	auberge | bonne nuit | coucher | dodo | dormir | fatigué | hôtel | lit | peau moyennement claire | personne au lit | personne au lit : peau moyennement claire | sieste
🛌🏽	auberge | bonne nuit | coucher | dodo | dormir | fatigué | hôtel | lit | peau légèrement mate | personne au lit | personne au lit : peau légèrement mate | sieste
🛌🏾	auberge | bonne nuit | coucher | dodo | dormir | fatigué | hôtel | lit | peau mate | personne au lit | personne au lit : peau mate | sieste
🛌🏿	auberge | bonne nuit | coucher | dodo | dormir | fatigué | hôtel | lit | peau foncée | personne au lit | personne au lit : peau foncée | sieste
🧑‍🤝‍🧑	couple | couple homosexuel | deux personnes se tenant la main | gay | main | personne | personnes se tenant par la main | poignée de main | tenir la main
🧑🏻‍🤝‍🧑🏻	couple | couple homosexuel | deux personnes se tenant la main | deux personnes se tenant la main : peau claire | gay | main | peau claire | personne | personnes se tenant par la main | poignée de main | tenir la main
🧑🏻‍🤝‍🧑🏼	couple | couple homosexuel | deux personnes se tenant la main | deux personnes se tenant la main : peau claire et peau moyennement claire | gay | main | peau claire | peau moyennement claire | personne | personnes se tenant par la main | poignée de main | tenir la main
🧑🏻‍🤝‍🧑🏽	couple | couple homosexuel | deux personnes se tenant la main | deux personnes se tenant la main : peau claire et peau légèrement mate | gay | main | peau claire | peau légèrement mate | personne | personnes se tenant par la main | poignée de main | tenir la main
🧑🏻‍🤝‍🧑🏾	couple | couple homosexuel | deux personnes se tenant la main | deux personnes se tenant la main : peau claire et peau mate | gay | main | peau claire | peau mate | personne | personnes se tenant par la main | poignée de main | tenir la main
🧑🏻‍🤝‍🧑🏿	couple | couple homosexuel | deux personnes se tenant la main | deux personnes se tenant la main : peau claire et peau foncée | gay | main | peau claire | peau foncée | personne | personnes se tenant par la main | poignée de main | tenir la main
🧑🏼‍🤝‍🧑🏻	couple | couple homosexuel | deux personnes se tenant la main | deux personnes se tenant la main : peau moyennement claire et peau claire | gay | main | peau claire | peau moyennement claire | personne | personnes se tenant par la main | poignée de main | tenir la main
🧑🏼‍🤝‍🧑🏼	couple | couple homosexuel | deux personnes se tenant la main | deux personnes se tenant la main : peau moyennement claire | gay | main | peau moyennement claire | personne | personnes se tenant par la main | poignée de main | tenir la main
🧑🏼‍🤝‍🧑🏽	couple | couple homosexuel | deux personnes se tenant la main | deux personnes se tenant la main : peau moyennement claire et peau légèrement mate | gay | main | peau légèrement mate | peau moyennement claire | personne | personnes se tenant par la main | poignée de main | tenir la main
🧑🏼‍🤝‍🧑🏾	couple | couple homosexuel | deux personnes se tenant la main | deux personnes se tenant la main : peau moyennement claire et peau mate | gay | main | peau mate | peau moyennement claire | personne | personnes se tenant par la main | poignée de main | tenir la main
🧑🏼‍🤝‍🧑🏿	couple | couple homosexuel | deux personnes se tenant la main | deux personnes se tenant la main : peau moyennement claire et peau foncée | gay | main | peau foncée | peau moyennement claire | personne | personnes se tenant par la main | poignée de main | tenir la main
🧑🏽‍🤝‍🧑🏻	couple | couple homosexuel | deux personnes se tenant la main | deux personnes se tenant la main : peau légèrement mate et peau claire | gay | main | peau claire | peau légèrement mate | personne | personnes se tenant par la main | poignée de main | tenir la main
🧑🏽‍🤝‍🧑🏼	couple | couple homosexuel | deux personnes se tenant la main | deux personnes se tenant la main : peau légèrement mate et peau moyennement claire | gay | main | peau légèrement mate | peau moyennement claire | personne | personnes se tenant par la main | poignée de main | tenir la main
🧑🏽‍🤝‍🧑🏽	couple | couple homosexuel | deux personnes se tenant la main | deux personnes se tenant la main : peau légèrement mate | gay | main | peau légèrement mate | personne | personnes se tenant par la main | poignée de main | tenir la main
🧑🏽‍🤝‍🧑🏾	couple | couple homosexuel | deux personnes se tenant la main | deux personnes se tenant la main : peau légèrement mate et peau mate | gay | main | peau légèrement mate | peau mate | personne | personnes se tenant par la main | poignée de main | tenir la main
🧑🏽‍🤝‍🧑🏿	couple | couple homosexuel | deux personnes se tenant la main | deux personnes se tenant la main : peau légèrement mate et peau foncée | gay | main | peau foncée | peau légèrement mate | personne | personnes se tenant par la main | poignée de main | tenir la main
🧑🏾‍🤝‍🧑🏻	couple | couple homosexuel | deux personnes se tenant la main | deux personnes se tenant la main : peau mate et peau claire | gay | main | peau claire | peau mate | personne | personnes se tenant par la main | poignée de main | tenir la main
🧑🏾‍🤝‍🧑🏼	couple | couple homosexuel | deux personnes se tenant la main | deux personnes se tenant la main : peau mate et peau moyennement claire | gay | main | peau mate | peau moyennement claire | personne | personnes se tenant par la main | poignée de main | tenir la main
🧑🏾‍🤝‍🧑🏽	couple | couple homosexuel | deux personnes se tenant la main | deux personnes se tenant la main : peau mate et peau légèrement mate | gay | main | peau légèrement mate | peau mate | personne | personnes se tenant par la main | poignée de main | tenir la main
🧑🏾‍🤝‍🧑🏾	couple | couple homosexuel | deux personnes se tenant la main | deux personnes se tenant la main : peau mate | gay | main | peau mate | personne | personnes se tenant par la main | poignée de main | tenir la main
🧑🏾‍🤝‍🧑🏿	couple | couple homosexuel | deux personnes se tenant la main | deux personnes se tenant la main : peau mate et peau foncée | gay | main | peau foncée | peau mate | personne | personnes se tenant par la main | poignée de main | tenir la main
🧑🏿‍🤝‍🧑🏻	couple | couple homosexuel | deux personnes se tenant la main | deux personnes se tenant la main : peau foncée et peau claire | gay | main | peau claire | peau foncée | personne | personnes se tenant par la main | poignée de main | tenir la main
🧑🏿‍🤝‍🧑🏼	couple | couple homosexuel | deux personnes se tenant la main | deux personnes se tenant la main : peau foncée et peau moyennement claire | gay | main | peau foncée | peau moyennement claire | personne | personnes se tenant par la main | poignée de main | tenir la main
🧑🏿‍🤝‍🧑🏽	couple | couple homosexuel | deux personnes se tenant la main | deux personnes se tenant la main : peau foncée et peau légèrement mate | gay | main | peau foncée | peau légèrement mate | personne | personnes se tenant par la main | poignée de main | tenir la main
🧑🏿‍🤝‍🧑🏾	couple | couple homosexuel | deux personnes se tenant la main | deux personnes se tenant la main : peau foncée et peau mate | gay | main | peau foncée | peau mate | personne | personnes se tenant par la main | poignée de main | tenir la main
🧑🏿‍🤝‍🧑🏿	couple | couple homosexuel | deux personnes se tenant la main | deux personnes se tenant la main : peau foncée | gay | main | peau foncée | personne | personnes se tenant par la main | poignée de main | tenir la main
👭	LGBT | LGBTQ | LGBTQIA | amies | amitié | amoureuses | couple | deux femmes se donnant la main | deux femmes se tenant la main | femmes | filles | gay | homosexuelles | jumelles | lesbiennes | main dans la main | meilleures amies | petite amie | rendez-vous | sœurs
👭🏻	LGBT | LGBTQ | LGBTQIA | amies | amitié | amoureuses | couple | deux femmes se donnant la main | deux femmes se tenant la main | deux femmes se tenant la main : peau claire | femmes | filles | gay | homosexuelles | jumelles | lesbiennes | main dans la main | meilleures amies | peau claire | petite amie | rendez-vous | sœurs
👩🏻‍🤝‍👩🏼	LGBT | LGBTQ | LGBTQIA | amies | amitié | amoureuses | couple | deux femmes se donnant la main | deux femmes se tenant la main | deux femmes se tenant la main : peau claire et peau moyennement claire | femmes | filles | gay | homosexuelles | jumelles | lesbiennes | main dans la main | meilleures amies | peau claire | peau moyennement claire | petite amie | rendez-vous | sœurs
👩🏻‍🤝‍👩🏽	LGBT | LGBTQ | LGBTQIA | amies | amitié | amoureuses | couple | deux femmes se donnant la main | deux femmes se tenant la main | deux femmes se tenant la main : peau claire et peau légèrement mate | femmes | filles | gay | homosexuelles | jumelles | lesbiennes | main dans la main | meilleures amies | peau claire | peau légèrement mate | petite amie | rendez-vous | sœurs
👩🏻‍🤝‍👩🏾	LGBT | LGBTQ | LGBTQIA | amies | amitié | amoureuses | couple | deux femmes se donnant la main | deux femmes se tenant la main | deux femmes se tenant la main : peau claire et peau mate | femmes | filles | gay | homosexuelles | jumelles | lesbiennes | main dans la main | meilleures amies | peau claire | peau mate | petite amie | rendez-vous | sœurs
👩🏻‍🤝‍👩🏿	LGBT | LGBTQ | LGBTQIA | amies | amitié | amoureuses | couple | deux femmes se donnant la main | deux femmes se tenant la main | deux femmes se tenant la main : peau claire et peau foncée | femmes | filles | gay | homosexuelles | jumelles | lesbiennes | main dans la main | meilleures amies | peau claire | peau foncée | petite amie | rendez-vous | sœurs
👩🏼‍🤝‍👩🏻	LGBT | LGBTQ | LGBTQIA | amies | amitié | amoureuses | couple | deux femmes se donnant la main | deux femmes se tenant la main | deux femmes se tenant la main : peau moyennement claire et peau claire | femmes | filles | gay | homosexuelles | jumelles | lesbiennes | main dans la main | meilleures amies | peau claire | peau moyennement claire | petite amie | rendez-vous | sœurs
👭🏼	LGBT | LGBTQ | LGBTQIA | amies | amitié | amoureuses | couple | deux femmes se donnant la main | deux femmes se tenant la main | deux femmes se tenant la main : peau moyennement claire | femmes | filles | gay | homosexuelles | jumelles | lesbiennes | main dans la main | meilleures amies | peau moyennement claire | petite amie | rendez-vous | sœurs
👩🏼‍🤝‍👩🏽	LGBT | LGBTQ | LGBTQIA | amies | amitié | amoureuses | couple | deux femmes se donnant la main | deux femmes se tenant la main | deux femmes se tenant la main : peau moyennement claire et peau légèrement mate | femmes | filles | gay | homosexuelles | jumelles | lesbiennes | main dans la main | meilleures amies | peau légèrement mate | peau moyennement claire | petite amie | rendez-vous | sœurs
👩🏼‍🤝‍👩🏾	LGBT | LGBTQ | LGBTQIA | amies | amitié | amoureuses | couple | deux femmes se donnant la main | deux femmes se tenant la main | deux femmes se tenant la main : peau moyennement claire et peau mate | femmes | filles | gay | homosexuelles | jumelles | lesbiennes | main dans la main | meilleures amies | peau mate | peau moyennement claire | petite amie | rendez-vous | sœurs
👩🏼‍🤝‍👩🏿	LGBT | LGBTQ | LGBTQIA | amies | amitié | amoureuses | couple | deux femmes se donnant la main | deux femmes se tenant la main | deux femmes se tenant la main : peau moyennement claire et peau foncée | femmes | filles | gay | homosexuelles | jumelles | lesbiennes | main dans la main | meilleures amies | peau foncée | peau moyennement claire | petite amie | rendez-vous | sœurs
👩🏽‍🤝‍👩🏻	LGBT | LGBTQ | LGBTQIA | amies | amitié | amoureuses | couple | deux femmes se donnant la main | deux femmes se tenant la main | deux femmes se tenant la main : peau légèrement mate et peau claire | femmes | filles | gay | homosexuelles | jumelles | lesbiennes | main dans la main | meilleures amies | peau claire | peau légèrement mate | petite amie | rendez-vous | sœurs
👩🏽‍🤝‍👩🏼	LGBT | LGBTQ | LGBTQIA | amies | amitié | amoureuses | couple | deux femmes se donnant la main | deux femmes se tenant la main | deux femmes se tenant la main : peau légèrement mate et peau moyennement claire | femmes | filles | gay | homosexuelles | jumelles | lesbiennes | main dans la main | meilleures amies | peau légèrement mate | peau moyennement claire | petite amie | rendez-vous | sœurs
👭🏽	LGBT | LGBTQ | LGBTQIA | amies | amitié | amoureuses | couple | deux femmes se donnant la main | deux femmes se tenant la main | deux femmes se tenant la main : peau légèrement mate | femmes | filles | gay | homosexuelles | jumelles | lesbiennes | main dans la main | meilleures amies | peau légèrement mate | petite amie | rendez-vous | sœurs
👩🏽‍🤝‍👩🏾	LGBT | LGBTQ | LGBTQIA | amies | amitié | amoureuses | couple | deux femmes se donnant la main | deux femmes se tenant la main | deux femmes se tenant la main : peau légèrement mate et peau mate | femmes | filles | gay | homosexuelles | jumelles | lesbiennes | main dans la main | meilleures amies | peau légèrement mate | peau mate | petite amie | rendez-vous | sœurs
👩🏽‍🤝‍👩🏿	LGBT | LGBTQ | LGBTQIA | amies | amitié | amoureuses | couple | deux femmes se donnant la main | deux femmes se tenant la main | deux femmes se tenant la main : peau légèrement mate et peau foncée | femmes | filles | gay | homosexuelles | jumelles | lesbiennes | main dans la main | meilleures amies | peau foncée | peau légèrement mate | petite amie | rendez-vous | sœurs
👩🏾‍🤝‍👩🏻	LGBT | LGBTQ | LGBTQIA | amies | amitié | amoureuses | couple | deux femmes se donnant la main | deux femmes se tenant la main | deux femmes se tenant la main : peau mate et peau claire | femmes | filles | gay | homosexuelles | jumelles | lesbiennes | main dans la main | meilleures amies | peau claire | peau mate | petite amie | rendez-vous | sœurs
👩🏾‍🤝‍👩🏼	LGBT | LGBTQ | LGBTQIA | amies | amitié | amoureuses | couple | deux femmes se donnant la main | deux femmes se tenant la main | deux femmes se tenant la main : peau mate et peau moyennement claire | femmes | filles | gay | homosexuelles | jumelles | lesbiennes | main dans la main | meilleures amies | peau mate | peau moyennement claire | petite amie | rendez-vous | sœurs
👩🏾‍🤝‍👩🏽	LGBT | LGBTQ | LGBTQIA | amies | amitié | amoureuses | couple | deux femmes se donnant la main | deux femmes se tenant la main | deux femmes se tenant la main : peau mate et peau légèrement mate | femmes | filles | gay | homosexuelles | jumelles | lesbiennes | main dans la main | meilleures amies | peau légèrement mate | peau mate | petite amie | rendez-vous | sœurs
👭🏾	LGBT | LGBTQ | LGBTQIA | amies | amitié | amoureuses | couple | deux femmes se donnant la main | deux femmes se tenant la main | deux femmes se tenant la main : peau mate | femmes | filles | gay | homosexuelles | jumelles | lesbiennes | main dans la main | meilleures amies | peau mate | petite amie | rendez-vous | sœurs
👩🏾‍🤝‍👩🏿	LGBT | LGBTQ | LGBTQIA | amies | amitié | amoureuses | couple | deux femmes se donnant la main | deux femmes se tenant la main | deux femmes se tenant la main : peau mate et peau foncée | femmes | filles | gay | homosexuelles | jumelles | lesbiennes | main dans la main | meilleures amies | peau foncée | peau mate | petite amie | rendez-vous | sœurs
👩🏿‍🤝‍👩🏻	LGBT | LGBTQ | LGBTQIA | amies | amitié | amoureuses | couple | deux femmes se donnant la main | deux femmes se tenant la main | deux femmes se tenant la main : peau foncée et peau claire | femmes | filles | gay | homosexuelles | jumelles | lesbiennes | main dans la main | meilleures amies | peau claire | peau foncée | petite amie | rendez-vous | sœurs
👩🏿‍🤝‍👩🏼	LGBT | LGBTQ | LGBTQIA | amies | amitié | amoureuses | couple | deux femmes se donnant la main | deux femmes se tenant la main | deux femmes se tenant la main : peau foncée et peau moyennement claire | femmes | filles | gay | homosexuelles | jumelles | lesbiennes | main dans la main | meilleures amies | peau foncée | peau moyennement claire | petite amie | rendez-vous | sœurs
👩🏿‍🤝‍👩🏽	LGBT | LGBTQ | LGBTQIA | amies | amitié | amoureuses | couple | deux femmes se donnant la main | deux femmes se tenant la main | deux femmes se tenant la main : peau foncée et peau légèrement mate | femmes | filles | gay | homosexuelles | jumelles | lesbiennes | main dans la main | meilleures amies | peau foncée | peau légèrement mate | petite amie | rendez-vous | sœurs
👩🏿‍🤝‍👩🏾	LGBT | LGBTQ | LGBTQIA | amies | amitié | amoureuses | couple | deux femmes se donnant la main | deux femmes se tenant la main | deux femmes se tenant la main : peau foncée et peau mate | femmes | filles | gay | homosexuelles | jumelles | lesbiennes | main dans la main | meilleures amies | peau foncée | peau mate | petite amie | rendez-vous | sœurs
👭🏿	LGBT | LGBTQ | LGBTQIA | amies | amitié | amoureuses | couple | deux femmes se donnant la main | deux femmes se tenant la main | deux femmes se tenant la main : peau foncée | femmes | filles | gay | homosexuelles | jumelles | lesbiennes | main dans la main | meilleures amies | peau foncée | petite amie | rendez-vous | sœurs
👫	amis | amoureux | couple | femme | femme et homme se tenant la main | homme | homme et femme se donnant la main | main dans la main | petit ami | petite amie | rendez-vous
👫🏻	amis | amoureux | couple | femme | femme et homme se tenant la main | femme et homme se tenant la main : peau claire | homme | homme et femme se donnant la main | main dans la main | peau claire | petit ami | petite amie | rendez-vous
👩🏻‍🤝‍👨🏼	amis | amoureux | couple | femme | femme et homme se tenant la main | femme et homme se tenant la main : peau claire et peau moyennement claire | homme | homme et femme se donnant la main | main dans la main | peau claire | peau moyennement claire | petit ami | petite amie | rendez-vous
👩🏻‍🤝‍👨🏽	amis | amoureux | couple | femme | femme et homme se tenant la main | femme et homme se tenant la main : peau claire et peau légèrement mate | homme | homme et femme se donnant la main | main dans la main | peau claire | peau légèrement mate | petit ami | petite amie | rendez-vous
👩🏻‍🤝‍👨🏾	amis | amoureux | couple | femme | femme et homme se tenant la main | femme et homme se tenant la main : peau claire et peau mate | homme | homme et femme se donnant la main | main dans la main | peau claire | peau mate | petit ami | petite amie | rendez-vous
👩🏻‍🤝‍👨🏿	amis | amoureux | couple | femme | femme et homme se tenant la main | femme et homme se tenant la main : peau claire et peau foncée | homme | homme et femme se donnant la main | main dans la main | peau claire | peau foncée | petit ami | petite amie | rendez-vous
👩🏼‍🤝‍👨🏻	amis | amoureux | couple | femme | femme et homme se tenant la main | femme et homme se tenant la main : peau moyennement claire et peau claire | homme | homme et femme se donnant la main | main dans la main | peau claire | peau moyennement claire | petit ami | petite amie | rendez-vous
👫🏼	amis | amoureux | couple | femme | femme et homme se tenant la main | femme et homme se tenant la main : peau moyennement claire | homme | homme et femme se donnant la main | main dans la main | peau moyennement claire | petit ami | petite amie | rendez-vous
👩🏼‍🤝‍👨🏽	amis | amoureux | couple | femme | femme et homme se tenant la main | femme et homme se tenant la main : peau moyennement claire et peau légèrement mate | homme | homme et femme se donnant la main | main dans la main | peau légèrement mate | peau moyennement claire | petit ami | petite amie | rendez-vous
👩🏼‍🤝‍👨🏾	amis | amoureux | couple | femme | femme et homme se tenant la main | femme et homme se tenant la main : peau moyennement claire et peau mate | homme | homme et femme se donnant la main | main dans la main | peau mate | peau moyennement claire | petit ami | petite amie | rendez-vous
👩🏼‍🤝‍👨🏿	amis | amoureux | couple | femme | femme et homme se tenant la main | femme et homme se tenant la main : peau moyennement claire et peau foncée | homme | homme et femme se donnant la main | main dans la main | peau foncée | peau moyennement claire | petit ami | petite amie | rendez-vous
👩🏽‍🤝‍👨🏻	amis | amoureux | couple | femme | femme et homme se tenant la main | femme et homme se tenant la main : peau légèrement mate et peau claire | homme | homme et femme se donnant la main | main dans la main | peau claire | peau légèrement mate | petit ami | petite amie | rendez-vous
👩🏽‍🤝‍👨🏼	amis | amoureux | couple | femme | femme et homme se tenant la main | femme et homme se tenant la main : peau légèrement mate et peau moyennement claire | homme | homme et femme se donnant la main | main dans la main | peau légèrement mate | peau moyennement claire | petit ami | petite amie | rendez-vous
👫🏽	amis | amoureux | couple | femme | femme et homme se tenant la main | femme et homme se tenant la main : peau légèrement mate | homme | homme et femme se donnant la main | main dans la main | peau légèrement mate | petit ami | petite amie | rendez-vous
👩🏽‍🤝‍👨🏾	amis | amoureux | couple | femme | femme et homme se tenant la main | femme et homme se tenant la main : peau légèrement mate et peau mate | homme | homme et femme se donnant la main | main dans la main | peau légèrement mate | peau mate | petit ami | petite amie | rendez-vous
👩🏽‍🤝‍👨🏿	amis | amoureux | couple | femme | femme et homme se tenant la main | femme et homme se tenant la main : peau légèrement mate et peau foncée | homme | homme et femme se donnant la main | main dans la main | peau foncée | peau légèrement mate | petit ami | petite amie | rendez-vous
👩🏾‍🤝‍👨🏻	amis | amoureux | couple | femme | femme et homme se tenant la main | femme et homme se tenant la main : peau mate et peau claire | homme | homme et femme se donnant la main | main dans la main | peau claire | peau mate | petit ami | petite amie | rendez-vous
👩🏾‍🤝‍👨🏼	amis | amoureux | couple | femme | femme et homme se tenant la main | femme et homme se tenant la main : peau mate et peau moyennement claire | homme | homme et femme se donnant la main | main dans la main | peau mate | peau moyennement claire | petit ami | petite amie | rendez-vous
👩🏾‍🤝‍👨🏽	amis | amoureux | couple | femme | femme et homme se tenant la main | femme et homme se tenant la main : peau mate et peau légèrement mate | homme | homme et femme se donnant la main | main dans la main | peau légèrement mate | peau mate | petit ami | petite amie | rendez-vous
👫🏾	amis | amoureux | couple | femme | femme et homme se tenant la main | femme et homme se tenant la main : peau mate | homme | homme et femme se donnant la main | main dans la main | peau mate | petit ami | petite amie | rendez-vous
👩🏾‍🤝‍👨🏿	amis | amoureux | couple | femme | femme et homme se tenant la main | femme et homme se tenant la main : peau mate et peau foncée | homme | homme et femme se donnant la main | main dans la main | peau foncée | peau mate | petit ami | petite amie | rendez-vous
👩🏿‍🤝‍👨🏻	amis | amoureux | couple | femme | femme et homme se tenant la main | femme et homme se tenant la main : peau foncée et peau claire | homme | homme et femme se donnant la main | main dans la main | peau claire | peau foncée | petit ami | petite amie | rendez-vous
👩🏿‍🤝‍👨🏼	amis | amoureux | couple | femme | femme et homme se tenant la main | femme et homme se tenant la main : peau foncée et peau moyennement claire | homme | homme et femme se donnant la main | main dans la main | peau foncée | peau moyennement claire | petit ami | petite amie | rendez-vous
👩🏿‍🤝‍👨🏽	amis | amoureux | couple | femme | femme et homme se tenant la main | femme et homme se tenant la main : peau foncée et peau légèrement mate | homme | homme et femme se donnant la main | main dans la main | peau foncée | peau légèrement mate | petit ami | petite amie | rendez-vous
👩🏿‍🤝‍👨🏾	amis | amoureux | couple | femme | femme et homme se tenant la main | femme et homme se tenant la main : peau foncée et peau mate | homme | homme et femme se donnant la main | main dans la main | peau foncée | peau mate | petit ami | petite amie | rendez-vous
👫🏿	amis | amoureux | couple | femme | femme et homme se tenant la main | femme et homme se tenant la main : peau foncée | homme | homme et femme se donnant la main | main dans la main | peau foncée | petit ami | petite amie | rendez-vous
👬	Gémeaux | LGBT | amis | amitié | amoureux | couple | deux hommes se donnant la main | deux hommes se tenant la main | fils | frères | gay | hommes | homosexuels | jumeaux | main dans la main | meilleurs amis | petit ami | rendez-vous | zodiaque
👬🏻	Gémeaux | LGBT | amis | amitié | amoureux | couple | deux hommes se donnant la main | deux hommes se tenant la main | deux hommes se tenant la main : peau claire | fils | frères | gay | hommes | homosexuels | jumeaux | main dans la main | meilleurs amis | peau claire | petit ami | rendez-vous | zodiaque
👨🏻‍🤝‍👨🏼	Gémeaux | LGBT | amis | amitié | amoureux | couple | deux hommes se donnant la main | deux hommes se tenant la main | deux hommes se tenant la main : peau claire et peau moyennement claire | fils | frères | gay | hommes | homosexuels | jumeaux | main dans la main | meilleurs amis | peau claire | peau moyennement claire | petit ami | rendez-vous | zodiaque
👨🏻‍🤝‍👨🏽	Gémeaux | LGBT | amis | amitié | amoureux | couple | deux hommes se donnant la main | deux hommes se tenant la main | deux hommes se tenant la main : peau claire et peau légèrement mate | fils | frères | gay | hommes | homosexuels | jumeaux | main dans la main | meilleurs amis | peau claire | peau légèrement mate | petit ami | rendez-vous | zodiaque
👨🏻‍🤝‍👨🏾	Gémeaux | LGBT | amis | amitié | amoureux | couple | deux hommes se donnant la main | deux hommes se tenant la main | deux hommes se tenant la main : peau claire et peau mate | fils | frères | gay | hommes | homosexuels | jumeaux | main dans la main | meilleurs amis | peau claire | peau mate | petit ami | rendez-vous | zodiaque
👨🏻‍🤝‍👨🏿	Gémeaux | LGBT | amis | amitié | amoureux | couple | deux hommes se donnant la main | deux hommes se tenant la main | deux hommes se tenant la main : peau claire et peau foncée | fils | frères | gay | hommes | homosexuels | jumeaux | main dans la main | meilleurs amis | peau claire | peau foncée | petit ami | rendez-vous | zodiaque
👨🏼‍🤝‍👨🏻	Gémeaux | LGBT | amis | amitié | amoureux | couple | deux hommes se donnant la main | deux hommes se tenant la main | deux hommes se tenant la main : peau moyennement claire et peau claire | fils | frères | gay | hommes | homosexuels | jumeaux | main dans la main | meilleurs amis | peau claire | peau moyennement claire | petit ami | rendez-vous | zodiaque
👬🏼	Gémeaux | LGBT | amis | amitié | amoureux | couple | deux hommes se donnant la main | deux hommes se tenant la main | deux hommes se tenant la main : peau moyennement claire | fils | frères | gay | hommes | homosexuels | jumeaux | main dans la main | meilleurs amis | peau moyennement claire | petit ami | rendez-vous | zodiaque
👨🏼‍🤝‍👨🏽	Gémeaux | LGBT | amis | amitié | amoureux | couple | deux hommes se donnant la main | deux hommes se tenant la main | deux hommes se tenant la main : peau moyennement claire et peau légèrement mate | fils | frères | gay | hommes | homosexuels | jumeaux | main dans la main | meilleurs amis | peau légèrement mate | peau moyennement claire | petit ami | rendez-vous | zodiaque
👨🏼‍🤝‍👨🏾	Gémeaux | LGBT | amis | amitié | amoureux | couple | deux hommes se donnant la main | deux hommes se tenant la main | deux hommes se tenant la main : peau moyennement claire et peau mate | fils | frères | gay | hommes | homosexuels | jumeaux | main dans la main | meilleurs amis | peau mate | peau moyennement claire | petit ami | rendez-vous | zodiaque
👨🏼‍🤝‍👨🏿	Gémeaux | LGBT | amis | amitié | amoureux | couple | deux hommes se donnant la main | deux hommes se tenant la main | deux hommes se tenant la main : peau moyennement claire et peau foncée | fils | frères | gay | hommes | homosexuels | jumeaux | main dans la main | meilleurs amis | peau foncée | peau moyennement claire | petit ami | rendez-vous | zodiaque
👨🏽‍🤝‍👨🏻	Gémeaux | LGBT | amis | amitié | amoureux | couple | deux hommes se donnant la main | deux hommes se tenant la main | deux hommes se tenant la main : peau légèrement mate et peau claire | fils | frères | gay | hommes | homosexuels | jumeaux | main dans la main | meilleurs amis | peau claire | peau légèrement mate | petit ami | rendez-vous | zodiaque
👨🏽‍🤝‍👨🏼	Gémeaux | LGBT | amis | amitié | amoureux | couple | deux hommes se donnant la main | deux hommes se tenant la main | deux hommes se tenant la main : peau légèrement mate et peau moyennement claire | fils | frères | gay | hommes | homosexuels | jumeaux | main dans la main | meilleurs amis | peau légèrement mate | peau moyennement claire | petit ami | rendez-vous | zodiaque
👬🏽	Gémeaux | LGBT | amis | amitié | amoureux | couple | deux hommes se donnant la main | deux hommes se tenant la main | deux hommes se tenant la main : peau légèrement mate | fils | frères | gay | hommes | homosexuels | jumeaux | main dans la main | meilleurs amis | peau légèrement mate | petit ami | rendez-vous | zodiaque
👨🏽‍🤝‍👨🏾	Gémeaux | LGBT | amis | amitié | amoureux | couple | deux hommes se donnant la main | deux hommes se tenant la main | deux hommes se tenant la main : peau légèrement mate et peau mate | fils | frères | gay | hommes | homosexuels | jumeaux | main dans la main | meilleurs amis | peau légèrement mate | peau mate | petit ami | rendez-vous | zodiaque
👨🏽‍🤝‍👨🏿	Gémeaux | LGBT | amis | amitié | amoureux | couple | deux hommes se donnant la main | deux hommes se tenant la main | deux hommes se tenant la main : peau légèrement mate et peau foncée | fils | frères | gay | hommes | homosexuels | jumeaux | main dans la main | meilleurs amis | peau foncée | peau légèrement mate | petit ami | rendez-vous | zodiaque
👨🏾‍🤝‍👨🏻	Gémeaux | LGBT | amis | amitié | amoureux | couple | deux hommes se donnant la main | deux hommes se tenant la main | deux hommes se tenant la main : peau mate et peau claire | fils | frères | gay | hommes | homosexuels | jumeaux | main dans la main | meilleurs amis | peau claire | peau mate | petit ami | rendez-vous | zodiaque
👨🏾‍🤝‍👨🏼	Gémeaux | LGBT | amis | amitié | amoureux | couple | deux hommes se donnant la main | deux hommes se tenant la main | deux hommes se tenant la main : peau mate et peau moyennement claire | fils | frères | gay | hommes | homosexuels | jumeaux | main dans la main | meilleurs amis | peau mate | peau moyennement claire | petit ami | rendez-vous | zodiaque
👨🏾‍🤝‍👨🏽	Gémeaux | LGBT | amis | amitié | amoureux | couple | deux hommes se donnant la main | deux hommes se tenant la main | deux hommes se tenant la main : peau mate et peau légèrement mate | fils | frères | gay | hommes | homosexuels | jumeaux | main dans la main | meilleurs amis | peau légèrement mate | peau mate | petit ami | rendez-vous | zodiaque
👬🏾	Gémeaux | LGBT | amis | amitié | amoureux | couple | deux hommes se donnant la main | deux hommes se tenant la main | deux hommes se tenant la main : peau mate | fils | frères | gay | hommes | homosexuels | jumeaux | main dans la main | meilleurs amis | peau mate | petit ami | rendez-vous | zodiaque
👨🏾‍🤝‍👨🏿	Gémeaux | LGBT | amis | amitié | amoureux | couple | deux hommes se donnant la main | deux hommes se tenant la main | deux hommes se tenant la main : peau mate et peau foncée | fils | frères | gay | hommes | homosexuels | jumeaux | main dans la main | meilleurs amis | peau foncée | peau mate | petit ami | rendez-vous | zodiaque
👨🏿‍🤝‍👨🏻	Gémeaux | LGBT | amis | amitié | amoureux | couple | deux hommes se donnant la main | deux hommes se tenant la main | deux hommes se tenant la main : peau foncée et peau claire | fils | frères | gay | hommes | homosexuels | jumeaux | main dans la main | meilleurs amis | peau claire | peau foncée | petit ami | rendez-vous | zodiaque
👨🏿‍🤝‍👨🏼	Gémeaux | LGBT | amis | amitié | amoureux | couple | deux hommes se donnant la main | deux hommes se tenant la main | deux hommes se tenant la main : peau foncée et peau moyennement claire | fils | frères | gay | hommes | homosexuels | jumeaux | main dans la main | meilleurs amis | peau foncée | peau moyennement claire | petit ami | rendez-vous | zodiaque
👨🏿‍🤝‍👨🏽	Gémeaux | LGBT | amis | amitié | amoureux | couple | deux hommes se donnant la main | deux hommes se tenant la main | deux hommes se tenant la main : peau foncée et peau légèrement mate | fils | frères | gay | hommes | homosexuels | jumeaux | main dans la main | meilleurs amis | peau foncée | peau légèrement mate | petit ami | rendez-vous | zodiaque
👨🏿‍🤝‍👨🏾	Gémeaux | LGBT | amis | amitié | amoureux | couple | deux hommes se donnant la main | deux hommes se tenant la main | deux hommes se tenant la main : peau foncée et peau mate | fils | frères | gay | hommes | homosexuels | jumeaux | main dans la main | meilleurs amis | peau foncée | peau mate | petit ami | rendez-vous | zodiaque
👬🏿	Gémeaux | LGBT | amis | amitié | amoureux | couple | deux hommes se donnant la main | deux hommes se tenant la main | deux hommes se tenant la main : peau foncée | fils | frères | gay | hommes | homosexuels | jumeaux | main dans la main | meilleurs amis | peau foncée | petit ami | rendez-vous | zodiaque
💏	amour | anniversaire | baiser | bisou | couple | femme | homme
💏🏻	amour | anniversaire | baiser | bisou | bisou : peau claire | couple | femme | homme | peau claire
💏🏼	amour | anniversaire | baiser | bisou | bisou : peau moyennement claire | couple | femme | homme | peau moyennement claire
💏🏽	amour | anniversaire | baiser | bisou | bisou : peau légèrement mate | couple | femme | homme | peau légèrement mate
💏🏾	amour | anniversaire | baiser | bisou | bisou : peau mate | couple | femme | homme | peau mate
💏🏿	amour | anniversaire | baiser | bisou | bisou : peau foncée | couple | femme | homme | peau foncée
🧑🏻‍❤️‍💋‍🧑🏼	adulte | amour | anniversaire | baiser | bisou | bisou : adulte, adulte, peau claire et peau moyennement claire | couple | femme | homme | peau claire | peau moyennement claire
🧑🏻‍❤️‍💋‍🧑🏽	adulte | amour | anniversaire | baiser | bisou | bisou : adulte, adulte, peau claire et peau légèrement mate | couple | femme | homme | peau claire | peau légèrement mate
🧑🏻‍❤️‍💋‍🧑🏾	adulte | amour | anniversaire | baiser | bisou | bisou : adulte, adulte, peau claire et peau mate | couple | femme | homme | peau claire | peau mate
🧑🏻‍❤️‍💋‍🧑🏿	adulte | amour | anniversaire | baiser | bisou | bisou : adulte, adulte, peau claire et peau foncée | couple | femme | homme | peau claire | peau foncée
🧑🏼‍❤️‍💋‍🧑🏻	adulte | amour | anniversaire | baiser | bisou | bisou : adulte, adulte, peau moyennement claire et peau claire | couple | femme | homme | peau claire | peau moyennement claire
🧑🏼‍❤️‍💋‍🧑🏽	adulte | amour | anniversaire | baiser | bisou | bisou : adulte, adulte, peau moyennement claire et peau légèrement mate | couple | femme | homme | peau légèrement mate | peau moyennement claire
🧑🏼‍❤️‍💋‍🧑🏾	adulte | amour | anniversaire | baiser | bisou | bisou : adulte, adulte, peau moyennement claire et peau mate | couple | femme | homme | peau mate | peau moyennement claire
🧑🏼‍❤️‍💋‍🧑🏿	adulte | amour | anniversaire | baiser | bisou | bisou : adulte, adulte, peau moyennement claire et peau foncée | couple | femme | homme | peau foncée | peau moyennement claire
🧑🏽‍❤️‍💋‍🧑🏻	adulte | amour | anniversaire | baiser | bisou | bisou : adulte, adulte, peau légèrement mate et peau claire | couple | femme | homme | peau claire | peau légèrement mate
🧑🏽‍❤️‍💋‍🧑🏼	adulte | amour | anniversaire | baiser | bisou | bisou : adulte, adulte, peau légèrement mate et peau moyennement claire | couple | femme | homme | peau légèrement mate | peau moyennement claire
🧑🏽‍❤️‍💋‍🧑🏾	adulte | amour | anniversaire | baiser | bisou | bisou : adulte, adulte, peau légèrement mate et peau mate | couple | femme | homme | peau légèrement mate | peau mate
🧑🏽‍❤️‍💋‍🧑🏿	adulte | amour | anniversaire | baiser | bisou | bisou : adulte, adulte, peau légèrement mate et peau foncée | couple | femme | homme | peau foncée | peau légèrement mate
🧑🏾‍❤️‍💋‍🧑🏻	adulte | amour | anniversaire | baiser | bisou | bisou : adulte, adulte, peau mate et peau claire | couple | femme | homme | peau claire | peau mate
🧑🏾‍❤️‍💋‍🧑🏼	adulte | amour | anniversaire | baiser | bisou | bisou : adulte, adulte, peau mate et peau moyennement claire | couple | femme | homme | peau mate | peau moyennement claire
🧑🏾‍❤️‍💋‍🧑🏽	adulte | amour | anniversaire | baiser | bisou | bisou : adulte, adulte, peau mate et peau légèrement mate | couple | femme | homme | peau légèrement mate | peau mate
🧑🏾‍❤️‍💋‍🧑🏿	adulte | amour | anniversaire | baiser | bisou | bisou : adulte, adulte, peau mate et peau foncée | couple | femme | homme | peau foncée | peau mate
🧑🏿‍❤️‍💋‍🧑🏻	adulte | amour | anniversaire | baiser | bisou | bisou : adulte, adulte, peau foncée et peau claire | couple | femme | homme | peau claire | peau foncée
🧑🏿‍❤️‍💋‍🧑🏼	adulte | amour | anniversaire | baiser | bisou | bisou : adulte, adulte, peau foncée et peau moyennement claire | couple | femme | homme | peau foncée | peau moyennement claire
🧑🏿‍❤️‍💋‍🧑🏽	adulte | amour | anniversaire | baiser | bisou | bisou : adulte, adulte, peau foncée et peau légèrement mate | couple | femme | homme | peau foncée | peau légèrement mate
🧑🏿‍❤️‍💋‍🧑🏾	adulte | amour | anniversaire | baiser | bisou | bisou : adulte, adulte, peau foncée et peau mate | couple | femme | homme | peau foncée | peau mate
👩‍❤️‍💋‍👨	amour | anniversaire | baiser | bisou | bisou : femme et homme | couple | femme | homme
👩🏻‍❤️‍💋‍👨🏻	amour | anniversaire | baiser | bisou | bisou : femme, homme et peau claire | couple | femme | homme | peau claire
👩🏻‍❤️‍💋‍👨🏼	amour | anniversaire | baiser | bisou | bisou : femme, homme, peau claire et peau moyennement claire | couple | femme | homme | peau claire | peau moyennement claire
👩🏻‍❤️‍💋‍👨🏽	amour | anniversaire | baiser | bisou | bisou : femme, homme, peau claire et peau légèrement mate | couple | femme | homme | peau claire | peau légèrement mate
👩🏻‍❤️‍💋‍👨🏾	amour | anniversaire | baiser | bisou | bisou : femme, homme, peau claire et peau mate | couple | femme | homme | peau claire | peau mate
👩🏻‍❤️‍💋‍👨🏿	amour | anniversaire | baiser | bisou | bisou : femme, homme, peau claire et peau foncée | couple | femme | homme | peau claire | peau foncée
👩🏼‍❤️‍💋‍👨🏻	amour | anniversaire | baiser | bisou | bisou : femme, homme, peau moyennement claire et peau claire | couple | femme | homme | peau claire | peau moyennement claire
👩🏼‍❤️‍💋‍👨🏼	amour | anniversaire | baiser | bisou | bisou : femme, homme et peau moyennement claire | couple | femme | homme | peau moyennement claire
👩🏼‍❤️‍💋‍👨🏽	amour | anniversaire | baiser | bisou | bisou : femme, homme, peau moyennement claire et peau légèrement mate | couple | femme | homme | peau légèrement mate | peau moyennement claire
👩🏼‍❤️‍💋‍👨🏾	amour | anniversaire | baiser | bisou | bisou : femme, homme, peau moyennement claire et peau mate | couple | femme | homme | peau mate | peau moyennement claire
👩🏼‍❤️‍💋‍👨🏿	amour | anniversaire | baiser | bisou | bisou : femme, homme, peau moyennement claire et peau foncée | couple | femme | homme | peau foncée | peau moyennement claire
👩🏽‍❤️‍💋‍👨🏻	amour | anniversaire | baiser | bisou | bisou : femme, homme, peau légèrement mate et peau claire | couple | femme | homme | peau claire | peau légèrement mate
👩🏽‍❤️‍💋‍👨🏼	amour | anniversaire | baiser | bisou | bisou : femme, homme, peau légèrement mate et peau moyennement claire | couple | femme | homme | peau légèrement mate | peau moyennement claire
👩🏽‍❤️‍💋‍👨🏽	amour | anniversaire | baiser | bisou | bisou : femme, homme et peau légèrement mate | couple | femme | homme | peau légèrement mate
👩🏽‍❤️‍💋‍👨🏾	amour | anniversaire | baiser | bisou | bisou : femme, homme, peau légèrement mate et peau mate | couple | femme | homme | peau légèrement mate | peau mate
👩🏽‍❤️‍💋‍👨🏿	amour | anniversaire | baiser | bisou | bisou : femme, homme, peau légèrement mate et peau foncée | couple | femme | homme | peau foncée | peau légèrement mate
👩🏾‍❤️‍💋‍👨🏻	amour | anniversaire | baiser | bisou | bisou : femme, homme, peau mate et peau claire | couple | femme | homme | peau claire | peau mate
👩🏾‍❤️‍💋‍👨🏼	amour | anniversaire | baiser | bisou | bisou : femme, homme, peau mate et peau moyennement claire | couple | femme | homme | peau mate | peau moyennement claire
👩🏾‍❤️‍💋‍👨🏽	amour | anniversaire | baiser | bisou | bisou : femme, homme, peau mate et peau légèrement mate | couple | femme | homme | peau légèrement mate | peau mate
👩🏾‍❤️‍💋‍👨🏾	amour | anniversaire | baiser | bisou | bisou : femme, homme et peau mate | couple | femme | homme | peau mate
👩🏾‍❤️‍💋‍👨🏿	amour | anniversaire | baiser | bisou | bisou : femme, homme, peau mate et peau foncée | couple | femme | homme | peau foncée | peau mate
👩🏿‍❤️‍💋‍👨🏻	amour | anniversaire | baiser | bisou | bisou : femme, homme, peau foncée et peau claire | couple | femme | homme | peau claire | peau foncée
👩🏿‍❤️‍💋‍👨🏼	amour | anniversaire | baiser | bisou | bisou : femme, homme, peau foncée et peau moyennement claire | couple | femme | homme | peau foncée | peau moyennement claire
👩🏿‍❤️‍💋‍👨🏽	amour | anniversaire | baiser | bisou | bisou : femme, homme, peau foncée et peau légèrement mate | couple | femme | homme | peau foncée | peau légèrement mate
👩🏿‍❤️‍💋‍👨🏾	amour | anniversaire | baiser | bisou | bisou : femme, homme, peau foncée et peau mate | couple | femme | homme | peau foncée | peau mate
👩🏿‍❤️‍💋‍👨🏿	amour | anniversaire | baiser | bisou | bisou : femme, homme et peau foncée | couple | femme | homme | peau foncée
👨‍❤️‍💋‍👨	amour | anniversaire | baiser | bisou | bisou : homme et homme | couple | femme | homme
👨🏻‍❤️‍💋‍👨🏻	amour | anniversaire | baiser | bisou | bisou : homme, homme et peau claire | couple | femme | homme | peau claire
👨🏻‍❤️‍💋‍👨🏼	amour | anniversaire | baiser | bisou | bisou : homme, homme, peau claire et peau moyennement claire | couple | femme | homme | peau claire | peau moyennement claire
👨🏻‍❤️‍💋‍👨🏽	amour | anniversaire | baiser | bisou | bisou : homme, homme, peau claire et peau légèrement mate | couple | femme | homme | peau claire | peau légèrement mate
👨🏻‍❤️‍💋‍👨🏾	amour | anniversaire | baiser | bisou | bisou : homme, homme, peau claire et peau mate | couple | femme | homme | peau claire | peau mate
👨🏻‍❤️‍💋‍👨🏿	amour | anniversaire | baiser | bisou | bisou : homme, homme, peau claire et peau foncée | couple | femme | homme | peau claire | peau foncée
👨🏼‍❤️‍💋‍👨🏻	amour | anniversaire | baiser | bisou | bisou : homme, homme, peau moyennement claire et peau claire | couple | femme | homme | peau claire | peau moyennement claire
👨🏼‍❤️‍💋‍👨🏼	amour | anniversaire | baiser | bisou | bisou : homme, homme et peau moyennement claire | couple | femme | homme | peau moyennement claire
👨🏼‍❤️‍💋‍👨🏽	amour | anniversaire | baiser | bisou | bisou : homme, homme, peau moyennement claire et peau légèrement mate | couple | femme | homme | peau légèrement mate | peau moyennement claire
👨🏼‍❤️‍💋‍👨🏾	amour | anniversaire | baiser | bisou | bisou : homme, homme, peau moyennement claire et peau mate | couple | femme | homme | peau mate | peau moyennement claire
👨🏼‍❤️‍💋‍👨🏿	amour | anniversaire | baiser | bisou | bisou : homme, homme, peau moyennement claire et peau foncée | couple | femme | homme | peau foncée | peau moyennement claire
👨🏽‍❤️‍💋‍👨🏻	amour | anniversaire | baiser | bisou | bisou : homme, homme, peau légèrement mate et peau claire | couple | femme | homme | peau claire | peau légèrement mate
👨🏽‍❤️‍💋‍👨🏼	amour | anniversaire | baiser | bisou | bisou : homme, homme, peau légèrement mate et peau moyennement claire | couple | femme | homme | peau légèrement mate | peau moyennement claire
👨🏽‍❤️‍💋‍👨🏽	amour | anniversaire | baiser | bisou | bisou : homme, homme et peau légèrement mate | couple | femme | homme | peau légèrement mate
👨🏽‍❤️‍💋‍👨🏾	amour | anniversaire | baiser | bisou | bisou : homme, homme, peau légèrement mate et peau mate | couple | femme | homme | peau légèrement mate | peau mate
👨🏽‍❤️‍💋‍👨🏿	amour | anniversaire | baiser | bisou | bisou : homme, homme, peau légèrement mate et peau foncée | couple | femme | homme | peau foncée | peau légèrement mate
👨🏾‍❤️‍💋‍👨🏻	amour | anniversaire | baiser | bisou | bisou : homme, homme, peau mate et peau claire | couple | femme | homme | peau claire | peau mate
👨🏾‍❤️‍💋‍👨🏼	amour | anniversaire | baiser | bisou | bisou : homme, homme, peau mate et peau moyennement claire | couple | femme | homme | peau mate | peau moyennement claire
👨🏾‍❤️‍💋‍👨🏽	amour | anniversaire | baiser | bisou | bisou : homme, homme, peau mate et peau légèrement mate | couple | femme | homme | peau légèrement mate | peau mate
👨🏾‍❤️‍💋‍👨🏾	amour | anniversaire | baiser | bisou | bisou : homme, homme et peau mate | couple | femme | homme | peau mate
👨🏾‍❤️‍💋‍👨🏿	amour | anniversaire | baiser | bisou | bisou : homme, homme, peau mate et peau foncée | couple | femme | homme | peau foncée | peau mate
👨🏿‍❤️‍💋‍👨🏻	amour | anniversaire | baiser | bisou | bisou : homme, homme, peau foncée et peau claire | couple | femme | homme | peau claire | peau foncée
👨🏿‍❤️‍💋‍👨🏼	amour | anniversaire | baiser | bisou | bisou : homme, homme, peau foncée et peau moyennement claire | couple | femme | homme | peau foncée | peau moyennement claire
👨🏿‍❤️‍💋‍👨🏽	amour | anniversaire | baiser | bisou | bisou : homme, homme, peau foncée et peau légèrement mate | couple | femme | homme | peau foncée | peau légèrement mate
👨🏿‍❤️‍💋‍👨🏾	amour | anniversaire | baiser | bisou | bisou : homme, homme, peau foncée et peau mate | couple | femme | homme | peau foncée | peau mate
👨🏿‍❤️‍💋‍👨🏿	amour | anniversaire | baiser | bisou | bisou : homme, homme et peau foncée | couple | femme | homme | peau foncée
👩‍❤️‍💋‍👩	amour | anniversaire | baiser | bisou | bisou : femme et femme | couple | femme | homme
👩🏻‍❤️‍💋‍👩🏻	amour | anniversaire | baiser | bisou | bisou : femme, femme et peau claire | couple | femme | homme | peau claire
👩🏻‍❤️‍💋‍👩🏼	amour | anniversaire | baiser | bisou | bisou : femme, femme, peau claire et peau moyennement claire | couple | femme | homme | peau claire | peau moyennement claire
👩🏻‍❤️‍💋‍👩🏽	amour | anniversaire | baiser | bisou | bisou : femme, femme, peau claire et peau légèrement mate | couple | femme | homme | peau claire | peau légèrement mate
👩🏻‍❤️‍💋‍👩🏾	amour | anniversaire | baiser | bisou | bisou : femme, femme, peau claire et peau mate | couple | femme | homme | peau claire | peau mate
👩🏻‍❤️‍💋‍👩🏿	amour | anniversaire | baiser | bisou | bisou : femme, femme, peau claire et peau foncée | couple | femme | homme | peau claire | peau foncée
👩🏼‍❤️‍💋‍👩🏻	amour | anniversaire | baiser | bisou | bisou : femme, femme, peau moyennement claire et peau claire | couple | femme | homme | peau claire | peau moyennement claire
👩🏼‍❤️‍💋‍👩🏼	amour | anniversaire | baiser | bisou | bisou : femme, femme et peau moyennement claire | couple | femme | homme | peau moyennement claire
👩🏼‍❤️‍💋‍👩🏽	amour | anniversaire | baiser | bisou | bisou : femme, femme, peau moyennement claire et peau légèrement mate | couple | femme | homme | peau légèrement mate | peau moyennement claire
👩🏼‍❤️‍💋‍👩🏾	amour | anniversaire | baiser | bisou | bisou : femme, femme, peau moyennement claire et peau mate | couple | femme | homme | peau mate | peau moyennement claire
👩🏼‍❤️‍💋‍👩🏿	amour | anniversaire | baiser | bisou | bisou : femme, femme, peau moyennement claire et peau foncée | couple | femme | homme | peau foncée | peau moyennement claire
👩🏽‍❤️‍💋‍👩🏻	amour | anniversaire | baiser | bisou | bisou : femme, femme, peau légèrement mate et peau claire | couple | femme | homme | peau claire | peau légèrement mate
👩🏽‍❤️‍💋‍👩🏼	amour | anniversaire | baiser | bisou | bisou : femme, femme, peau légèrement mate et peau moyennement claire | couple | femme | homme | peau légèrement mate | peau moyennement claire
👩🏽‍❤️‍💋‍👩🏽	amour | anniversaire | baiser | bisou | bisou : femme, femme et peau légèrement mate | couple | femme | homme | peau légèrement mate
👩🏽‍❤️‍💋‍👩🏾	amour | anniversaire | baiser | bisou | bisou : femme, femme, peau légèrement mate et peau mate | couple | femme | homme | peau légèrement mate | peau mate
👩🏽‍❤️‍💋‍👩🏿	amour | anniversaire | baiser | bisou | bisou : femme, femme, peau légèrement mate et peau foncée | couple | femme | homme | peau foncée | peau légèrement mate
👩🏾‍❤️‍💋‍👩🏻	amour | anniversaire | baiser | bisou | bisou : femme, femme, peau mate et peau claire | couple | femme | homme | peau claire | peau mate
👩🏾‍❤️‍💋‍👩🏼	amour | anniversaire | baiser | bisou | bisou : femme, femme, peau mate et peau moyennement claire | couple | femme | homme | peau mate | peau moyennement claire
👩🏾‍❤️‍💋‍👩🏽	amour | anniversaire | baiser | bisou | bisou : femme, femme, peau mate et peau légèrement mate | couple | femme | homme | peau légèrement mate | peau mate
👩🏾‍❤️‍💋‍👩🏾	amour | anniversaire | baiser | bisou | bisou : femme, femme et peau mate | couple | femme | homme | peau mate
👩🏾‍❤️‍💋‍👩🏿	amour | anniversaire | baiser | bisou | bisou : femme, femme, peau mate et peau foncée | couple | femme | homme | peau foncée | peau mate
👩🏿‍❤️‍💋‍👩🏻	amour | anniversaire | baiser | bisou | bisou : femme, femme, peau foncée et peau claire | couple | femme | homme | peau claire | peau foncée
👩🏿‍❤️‍💋‍👩🏼	amour | anniversaire | baiser | bisou | bisou : femme, femme, peau foncée et peau moyennement claire | couple | femme | homme | peau foncée | peau moyennement claire
👩🏿‍❤️‍💋‍👩🏽	amour | anniversaire | baiser | bisou | bisou : femme, femme, peau foncée et peau légèrement mate | couple | femme | homme | peau foncée | peau légèrement mate
👩🏿‍❤️‍💋‍👩🏾	amour | anniversaire | baiser | bisou | bisou : femme, femme, peau foncée et peau mate | couple | femme | homme | peau foncée | peau mate
👩🏿‍❤️‍💋‍👩🏿	amour | anniversaire | baiser | bisou | bisou : femme, femme et peau foncée | couple | femme | homme | peau foncée
💑	amour | anniversaire | couple | couple avec cœur | cœur | femme | homme | rendez-vous
💑🏻	amour | anniversaire | couple | couple avec cœur | couple avec cœur : peau claire | cœur | femme | homme | peau claire | rendez-vous
💑🏼	amour | anniversaire | couple | couple avec cœur | couple avec cœur : peau moyennement claire | cœur | femme | homme | peau moyennement claire | rendez-vous
💑🏽	amour | anniversaire | couple | couple avec cœur | couple avec cœur : peau légèrement mate | cœur | femme | homme | peau légèrement mate | rendez-vous
💑🏾	amour | anniversaire | couple | couple avec cœur | couple avec cœur : peau mate | cœur | femme | homme | peau mate | rendez-vous
💑🏿	amour | anniversaire | couple | couple avec cœur | couple avec cœur : peau foncée | cœur | femme | homme | peau foncée | rendez-vous
🧑🏻‍❤️‍🧑🏼	adulte | amour | anniversaire | couple | couple avec cœur | couple avec cœur : adulte, adulte, peau claire et peau moyennement claire | cœur | femme | homme | peau claire | peau moyennement claire | rendez-vous
🧑🏻‍❤️‍🧑🏽	adulte | amour | anniversaire | couple | couple avec cœur | couple avec cœur : adulte, adulte, peau claire et peau légèrement mate | cœur | femme | homme | peau claire | peau légèrement mate | rendez-vous
🧑🏻‍❤️‍🧑🏾	adulte | amour | anniversaire | couple | couple avec cœur | couple avec cœur : adulte, adulte, peau claire et peau mate | cœur | femme | homme | peau claire | peau mate | rendez-vous
🧑🏻‍❤️‍🧑🏿	adulte | amour | anniversaire | couple | couple avec cœur | couple avec cœur : adulte, adulte, peau claire et peau foncée | cœur | femme | homme | peau claire | peau foncée | rendez-vous
🧑🏼‍❤️‍🧑🏻	adulte | amour | anniversaire | couple | couple avec cœur | couple avec cœur : adulte, adulte, peau moyennement claire et peau claire | cœur | femme | homme | peau claire | peau moyennement claire | rendez-vous
🧑🏼‍❤️‍🧑🏽	adulte | amour | anniversaire | couple | couple avec cœur | couple avec cœur : adulte, adulte, peau moyennement claire et peau légèrement mate | cœur | femme | homme | peau légèrement mate | peau moyennement claire | rendez-vous
🧑🏼‍❤️‍🧑🏾	adulte | amour | anniversaire | couple | couple avec cœur | couple avec cœur : adulte, adulte, peau moyennement claire et peau mate | cœur | femme | homme | peau mate | peau moyennement claire | rendez-vous
🧑🏼‍❤️‍🧑🏿	adulte | amour | anniversaire | couple | couple avec cœur | couple avec cœur : adulte, adulte, peau moyennement claire et peau foncée | cœur | femme | homme | peau foncée | peau moyennement claire | rendez-vous
🧑🏽‍❤️‍🧑🏻	adulte | amour | anniversaire | couple | couple avec cœur | couple avec cœur : adulte, adulte, peau légèrement mate et peau claire | cœur | femme | homme | peau claire | peau légèrement mate | rendez-vous
🧑🏽‍❤️‍🧑🏼	adulte | amour | anniversaire | couple | couple avec cœur | couple avec cœur : adulte, adulte, peau légèrement mate et peau moyennement claire | cœur | femme | homme | peau légèrement mate | peau moyennement claire | rendez-vous
🧑🏽‍❤️‍🧑🏾	adulte | amour | anniversaire | couple | couple avec cœur | couple avec cœur : adulte, adulte, peau légèrement mate et peau mate | cœur | femme | homme | peau légèrement mate | peau mate | rendez-vous
🧑🏽‍❤️‍🧑🏿	adulte | amour | anniversaire | couple | couple avec cœur | couple avec cœur : adulte, adulte, peau légèrement mate et peau foncée | cœur | femme | homme | peau foncée | peau légèrement mate | rendez-vous
🧑🏾‍❤️‍🧑🏻	adulte | amour | anniversaire | couple | couple avec cœur | couple avec cœur : adulte, adulte, peau mate et peau claire | cœur | femme | homme | peau claire | peau mate | rendez-vous
🧑🏾‍❤️‍🧑🏼	adulte | amour | anniversaire | couple | couple avec cœur | couple avec cœur : adulte, adulte, peau mate et peau moyennement claire | cœur | femme | homme | peau mate | peau moyennement claire | rendez-vous
🧑🏾‍❤️‍🧑🏽	adulte | amour | anniversaire | couple | couple avec cœur | couple avec cœur : adulte, adulte, peau mate et peau légèrement mate | cœur | femme | homme | peau légèrement mate | peau mate | rendez-vous
🧑🏾‍❤️‍🧑🏿	adulte | amour | anniversaire | couple | couple avec cœur | couple avec cœur : adulte, adulte, peau mate et peau foncée | cœur | femme | homme | peau foncée | peau mate | rendez-vous
🧑🏿‍❤️‍🧑🏻	adulte | amour | anniversaire | couple | couple avec cœur | couple avec cœur : adulte, adulte, peau foncée et peau claire | cœur | femme | homme | peau claire | peau foncée | rendez-vous
🧑🏿‍❤️‍🧑🏼	adulte | amour | anniversaire | couple | couple avec cœur | couple avec cœur : adulte, adulte, peau foncée et peau moyennement claire | cœur | femme | homme | peau foncée | peau moyennement claire | rendez-vous
🧑🏿‍❤️‍🧑🏽	adulte | amour | anniversaire | couple | couple avec cœur | couple avec cœur : adulte, adulte, peau foncée et peau légèrement mate | cœur | femme | homme | peau foncée | peau légèrement mate | rendez-vous
🧑🏿‍❤️‍🧑🏾	adulte | amour | anniversaire | couple | couple avec cœur | couple avec cœur : adulte, adulte, peau foncée et peau mate | cœur | femme | homme | peau foncée | peau mate | rendez-vous
👩‍❤️‍👨	amour | anniversaire | couple | couple avec cœur | couple avec cœur : femme et homme | cœur | femme | homme | rendez-vous
👩🏻‍❤️‍👨🏻	amour | anniversaire | couple | couple avec cœur | couple avec cœur : femme, homme et peau claire | cœur | femme | homme | peau claire | rendez-vous
👩🏻‍❤️‍👨🏼	amour | anniversaire | couple | couple avec cœur | couple avec cœur : femme, homme, peau claire et peau moyennement claire | cœur | femme | homme | peau claire | peau moyennement claire | rendez-vous
👩🏻‍❤️‍👨🏽	amour | anniversaire | couple | couple avec cœur | couple avec cœur : femme, homme, peau claire et peau légèrement mate | cœur | femme | homme | peau claire | peau légèrement mate | rendez-vous
👩🏻‍❤️‍👨🏾	amour | anniversaire | couple | couple avec cœur | couple avec cœur : femme, homme, peau claire et peau mate | cœur | femme | homme | peau claire | peau mate | rendez-vous
👩🏻‍❤️‍👨🏿	amour | anniversaire | couple | couple avec cœur | couple avec cœur : femme, homme, peau claire et peau foncée | cœur | femme | homme | peau claire | peau foncée | rendez-vous
👩🏼‍❤️‍👨🏻	amour | anniversaire | couple | couple avec cœur | couple avec cœur : femme, homme, peau moyennement claire et peau claire | cœur | femme | homme | peau claire | peau moyennement claire | rendez-vous
👩🏼‍❤️‍👨🏼	amour | anniversaire | couple | couple avec cœur | couple avec cœur : femme, homme et peau moyennement claire | cœur | femme | homme | peau moyennement claire | rendez-vous
👩🏼‍❤️‍👨🏽	amour | anniversaire | couple | couple avec cœur | couple avec cœur : femme, homme, peau moyennement claire et peau légèrement mate | cœur | femme | homme | peau légèrement mate | peau moyennement claire | rendez-vous
👩🏼‍❤️‍👨🏾	amour | anniversaire | couple | couple avec cœur | couple avec cœur : femme, homme, peau moyennement claire et peau mate | cœur | femme | homme | peau mate | peau moyennement claire | rendez-vous
👩🏼‍❤️‍👨🏿	amour | anniversaire | couple | couple avec cœur | couple avec cœur : femme, homme, peau moyennement claire et peau foncée | cœur | femme | homme | peau foncée | peau moyennement claire | rendez-vous
👩🏽‍❤️‍👨🏻	amour | anniversaire | couple | couple avec cœur | couple avec cœur : femme, homme, peau légèrement mate et peau claire | cœur | femme | homme | peau claire | peau légèrement mate | rendez-vous
👩🏽‍❤️‍👨🏼	amour | anniversaire | couple | couple avec cœur | couple avec cœur : femme, homme, peau légèrement mate et peau moyennement claire | cœur | femme | homme | peau légèrement mate | peau moyennement claire | rendez-vous
👩🏽‍❤️‍👨🏽	amour | anniversaire | couple | couple avec cœur | couple avec cœur : femme, homme et peau légèrement mate | cœur | femme | homme | peau légèrement mate | rendez-vous
👩🏽‍❤️‍👨🏾	amour | anniversaire | couple | couple avec cœur | couple avec cœur : femme, homme, peau légèrement mate et peau mate | cœur | femme | homme | peau légèrement mate | peau mate | rendez-vous
👩🏽‍❤️‍👨🏿	amour | anniversaire | couple | couple avec cœur | couple avec cœur : femme, homme, peau légèrement mate et peau foncée | cœur | femme | homme | peau foncée | peau légèrement mate | rendez-vous
👩🏾‍❤️‍👨🏻	amour | anniversaire | couple | couple avec cœur | couple avec cœur : femme, homme, peau mate et peau claire | cœur | femme | homme | peau claire | peau mate | rendez-vous
👩🏾‍❤️‍👨🏼	amour | anniversaire | couple | couple avec cœur | couple avec cœur : femme, homme, peau mate et peau moyennement claire | cœur | femme | homme | peau mate | peau moyennement claire | rendez-vous
👩🏾‍❤️‍👨🏽	amour | anniversaire | couple | couple avec cœur | couple avec cœur : femme, homme, peau mate et peau légèrement mate | cœur | femme | homme | peau légèrement mate | peau mate | rendez-vous
👩🏾‍❤️‍👨🏾	amour | anniversaire | couple | couple avec cœur | couple avec cœur : femme, homme et peau mate | cœur | femme | homme | peau mate | rendez-vous
👩🏾‍❤️‍👨🏿	amour | anniversaire | couple | couple avec cœur | couple avec cœur : femme, homme, peau mate et peau foncée | cœur | femme | homme | peau foncée | peau mate | rendez-vous
👩🏿‍❤️‍👨🏻	amour | anniversaire | couple | couple avec cœur | couple avec cœur : femme, homme, peau foncée et peau claire | cœur | femme | homme | peau claire | peau foncée | rendez-vous
👩🏿‍❤️‍👨🏼	amour | anniversaire | couple | couple avec cœur | couple avec cœur : femme, homme, peau foncée et peau moyennement claire | cœur | femme | homme | peau foncée | peau moyennement claire | rendez-vous
👩🏿‍❤️‍👨🏽	amour | anniversaire | couple | couple avec cœur | couple avec cœur : femme, homme, peau foncée et peau légèrement mate | cœur | femme | homme | peau foncée | peau légèrement mate | rendez-vous
👩🏿‍❤️‍👨🏾	amour | anniversaire | couple | couple avec cœur | couple avec cœur : femme, homme, peau foncée et peau mate | cœur | femme | homme | peau foncée | peau mate | rendez-vous
👩🏿‍❤️‍👨🏿	amour | anniversaire | couple | couple avec cœur | couple avec cœur : femme, homme et peau foncée | cœur | femme | homme | peau foncée | rendez-vous
👨‍❤️‍👨	amour | anniversaire | couple | couple avec cœur | couple avec cœur : homme et homme | cœur | femme | homme | rendez-vous
👨🏻‍❤️‍👨🏻	amour | anniversaire | couple | couple avec cœur | couple avec cœur : homme, homme et peau claire | cœur | femme | homme | peau claire | rendez-vous
👨🏻‍❤️‍👨🏼	amour | anniversaire | couple | couple avec cœur | couple avec cœur : homme, homme, peau claire et peau moyennement claire | cœur | femme | homme | peau claire | peau moyennement claire | rendez-vous
👨🏻‍❤️‍👨🏽	amour | anniversaire | couple | couple avec cœur | couple avec cœur : homme, homme, peau claire et peau légèrement mate | cœur | femme | homme | peau claire | peau légèrement mate | rendez-vous
👨🏻‍❤️‍👨🏾	amour | anniversaire | couple | couple avec cœur | couple avec cœur : homme, homme, peau claire et peau mate | cœur | femme | homme | peau claire | peau mate | rendez-vous
👨🏻‍❤️‍👨🏿	amour | anniversaire | couple | couple avec cœur | couple avec cœur : homme, homme, peau claire et peau foncée | cœur | femme | homme | peau claire | peau foncée | rendez-vous
👨🏼‍❤️‍👨🏻	amour | anniversaire | couple | couple avec cœur | couple avec cœur : homme, homme, peau moyennement claire et peau claire | cœur | femme | homme | peau claire | peau moyennement claire | rendez-vous
👨🏼‍❤️‍👨🏼	amour | anniversaire | couple | couple avec cœur | couple avec cœur : homme, homme et peau moyennement claire | cœur | femme | homme | peau moyennement claire | rendez-vous
👨🏼‍❤️‍👨🏽	amour | anniversaire | couple | couple avec cœur | couple avec cœur : homme, homme, peau moyennement claire et peau légèrement mate | cœur | femme | homme | peau légèrement mate | peau moyennement claire | rendez-vous
👨🏼‍❤️‍👨🏾	amour | anniversaire | couple | couple avec cœur | couple avec cœur : homme, homme, peau moyennement claire et peau mate | cœur | femme | homme | peau mate | peau moyennement claire | rendez-vous
👨🏼‍❤️‍👨🏿	amour | anniversaire | couple | couple avec cœur | couple avec cœur : homme, homme, peau moyennement claire et peau foncée | cœur | femme | homme | peau foncée | peau moyennement claire | rendez-vous
👨🏽‍❤️‍👨🏻	amour | anniversaire | couple | couple avec cœur | couple avec cœur : homme, homme, peau légèrement mate et peau claire | cœur | femme | homme | peau claire | peau légèrement mate | rendez-vous
👨🏽‍❤️‍👨🏼	amour | anniversaire | couple | couple avec cœur | couple avec cœur : homme, homme, peau légèrement mate et peau moyennement claire | cœur | femme | homme | peau légèrement mate | peau moyennement claire | rendez-vous
👨🏽‍❤️‍👨🏽	amour | anniversaire | couple | couple avec cœur | couple avec cœur : homme, homme et peau légèrement mate | cœur | femme | homme | peau légèrement mate | rendez-vous
👨🏽‍❤️‍👨🏾	amour | anniversaire | couple | couple avec cœur | couple avec cœur : homme, homme, peau légèrement mate et peau mate | cœur | femme | homme | peau légèrement mate | peau mate | rendez-vous
👨🏽‍❤️‍👨🏿	amour | anniversaire | couple | couple avec cœur | couple avec cœur : homme, homme, peau légèrement mate et peau foncée | cœur | femme | homme | peau foncée | peau légèrement mate | rendez-vous
👨🏾‍❤️‍👨🏻	amour | anniversaire | couple | couple avec cœur | couple avec cœur : homme, homme, peau mate et peau claire | cœur | femme | homme | peau claire | peau mate | rendez-vous
👨🏾‍❤️‍👨🏼	amour | anniversaire | couple | couple avec cœur | couple avec cœur : homme, homme, peau mate et peau moyennement claire | cœur | femme | homme | peau mate | peau moyennement claire | rendez-vous
👨🏾‍❤️‍👨🏽	amour | anniversaire | couple | couple avec cœur | couple avec cœur : homme, homme, peau mate et peau légèrement mate | cœur | femme | homme | peau légèrement mate | peau mate | rendez-vous
👨🏾‍❤️‍👨🏾	amour | anniversaire | couple | couple avec cœur | couple avec cœur : homme, homme et peau mate | cœur | femme | homme | peau mate | rendez-vous
👨🏾‍❤️‍👨🏿	amour | anniversaire | couple | couple avec cœur | couple avec cœur : homme, homme, peau mate et peau foncée | cœur | femme | homme | peau foncée | peau mate | rendez-vous
👨🏿‍❤️‍👨🏻	amour | anniversaire | couple | couple avec cœur | couple avec cœur : homme, homme, peau foncée et peau claire | cœur | femme | homme | peau claire | peau foncée | rendez-vous
👨🏿‍❤️‍👨🏼	amour | anniversaire | couple | couple avec cœur | couple avec cœur : homme, homme, peau foncée et peau moyennement claire | cœur | femme | homme | peau foncée | peau moyennement claire | rendez-vous
👨🏿‍❤️‍👨🏽	amour | anniversaire | couple | couple avec cœur | couple avec cœur : homme, homme, peau foncée et peau légèrement mate | cœur | femme | homme | peau foncée | peau légèrement mate | rendez-vous
👨🏿‍❤️‍👨🏾	amour | anniversaire | couple | couple avec cœur | couple avec cœur : homme, homme, peau foncée et peau mate | cœur | femme | homme | peau foncée | peau mate | rendez-vous
👨🏿‍❤️‍👨🏿	amour | anniversaire | couple | couple avec cœur | couple avec cœur : homme, homme et peau foncée | cœur | femme | homme | peau foncée | rendez-vous
👩‍❤️‍👩	amour | anniversaire | couple | couple avec cœur | couple avec cœur : femme et femme | cœur | femme | homme | rendez-vous
👩🏻‍❤️‍👩🏻	amour | anniversaire | couple | couple avec cœur | couple avec cœur : femme, femme et peau claire | cœur | femme | homme | peau claire | rendez-vous
👩🏻‍❤️‍👩🏼	amour | anniversaire | couple | couple avec cœur | couple avec cœur : femme, femme, peau claire et peau moyennement claire | cœur | femme | homme | peau claire | peau moyennement claire | rendez-vous
👩🏻‍❤️‍👩🏽	amour | anniversaire | couple | couple avec cœur | couple avec cœur : femme, femme, peau claire et peau légèrement mate | cœur | femme | homme | peau claire | peau légèrement mate | rendez-vous
👩🏻‍❤️‍👩🏾	amour | anniversaire | couple | couple avec cœur | couple avec cœur : femme, femme, peau claire et peau mate | cœur | femme | homme | peau claire | peau mate | rendez-vous
👩🏻‍❤️‍👩🏿	amour | anniversaire | couple | couple avec cœur | couple avec cœur : femme, femme, peau claire et peau foncée | cœur | femme | homme | peau claire | peau foncée | rendez-vous
👩🏼‍❤️‍👩🏻	amour | anniversaire | couple | couple avec cœur | couple avec cœur : femme, femme, peau moyennement claire et peau claire | cœur | femme | homme | peau claire | peau moyennement claire | rendez-vous
👩🏼‍❤️‍👩🏼	amour | anniversaire | couple | couple avec cœur | couple avec cœur : femme, femme et peau moyennement claire | cœur | femme | homme | peau moyennement claire | rendez-vous
👩🏼‍❤️‍👩🏽	amour | anniversaire | couple | couple avec cœur | couple avec cœur : femme, femme, peau moyennement claire et peau légèrement mate | cœur | femme | homme | peau légèrement mate | peau moyennement claire | rendez-vous
👩🏼‍❤️‍👩🏾	amour | anniversaire | couple | couple avec cœur | couple avec cœur : femme, femme, peau moyennement claire et peau mate | cœur | femme | homme | peau mate | peau moyennement claire | rendez-vous
👩🏼‍❤️‍👩🏿	amour | anniversaire | couple | couple avec cœur | couple avec cœur : femme, femme, peau moyennement claire et peau foncée | cœur | femme | homme | peau foncée | peau moyennement claire | rendez-vous
👩🏽‍❤️‍👩🏻	amour | anniversaire | couple | couple avec cœur | couple avec cœur : femme, femme, peau légèrement mate et peau claire | cœur | femme | homme | peau claire | peau légèrement mate | rendez-vous
👩🏽‍❤️‍👩🏼	amour | anniversaire | couple | couple avec cœur | couple avec cœur : femme, femme, peau légèrement mate et peau moyennement claire | cœur | femme | homme | peau légèrement mate | peau moyennement claire | rendez-vous
👩🏽‍❤️‍👩🏽	amour | anniversaire | couple | couple avec cœur | couple avec cœur : femme, femme et peau légèrement mate | cœur | femme | homme | peau légèrement mate | rendez-vous
👩🏽‍❤️‍👩🏾	amour | anniversaire | couple | couple avec cœur | couple avec cœur : femme, femme, peau légèrement mate et peau mate | cœur | femme | homme | peau légèrement mate | peau mate | rendez-vous
👩🏽‍❤️‍👩🏿	amour | anniversaire | couple | couple avec cœur | couple avec cœur : femme, femme, peau légèrement mate et peau foncée | cœur | femme | homme | peau foncée | peau légèrement mate | rendez-vous
👩🏾‍❤️‍👩🏻	amour | anniversaire | couple | couple avec cœur | couple avec cœur : femme, femme, peau mate et peau claire | cœur | femme | homme | peau claire | peau mate | rendez-vous
👩🏾‍❤️‍👩🏼	amour | anniversaire | couple | couple avec cœur | couple avec cœur : femme, femme, peau mate et peau moyennement claire | cœur | femme | homme | peau mate | peau moyennement claire | rendez-vous
👩🏾‍❤️‍👩🏽	amour | anniversaire | couple | couple avec cœur | couple avec cœur : femme, femme, peau mate et peau légèrement mate | cœur | femme | homme | peau légèrement mate | peau mate | rendez-vous
👩🏾‍❤️‍👩🏾	amour | anniversaire | couple | couple avec cœur | couple avec cœur : femme, femme et peau mate | cœur | femme | homme | peau mate | rendez-vous
👩🏾‍❤️‍👩🏿	amour | anniversaire | couple | couple avec cœur | couple avec cœur : femme, femme, peau mate et peau foncée | cœur | femme | homme | peau foncée | peau mate | rendez-vous
👩🏿‍❤️‍👩🏻	amour | anniversaire | couple | couple avec cœur | couple avec cœur : femme, femme, peau foncée et peau claire | cœur | femme | homme | peau claire | peau foncée | rendez-vous
👩🏿‍❤️‍👩🏼	amour | anniversaire | couple | couple avec cœur | couple avec cœur : femme, femme, peau foncée et peau moyennement claire | cœur | femme | homme | peau foncée | peau moyennement claire | rendez-vous
👩🏿‍❤️‍👩🏽	amour | anniversaire | couple | couple avec cœur | couple avec cœur : femme, femme, peau foncée et peau légèrement mate | cœur | femme | homme | peau foncée | peau légèrement mate | rendez-vous
👩🏿‍❤️‍👩🏾	amour | anniversaire | couple | couple avec cœur | couple avec cœur : femme, femme, peau foncée et peau mate | cœur | femme | homme | peau foncée | peau mate | rendez-vous
👩🏿‍❤️‍👩🏿	amour | anniversaire | couple | couple avec cœur | couple avec cœur : femme, femme et peau foncée | cœur | femme | homme | peau foncée | rendez-vous
👨‍👩‍👦	enfant | famille | famille avec un père, une mère et un fils | famille : homme, femme et garçon | femme | fils | garçon | homme | mère | père
👨‍👩‍👧	enfant | famille | famille avec un père, une mère et un fils | famille : homme, femme et fille | femme | fille | fils | garçon | homme | mère | père
👨‍👩‍👧‍👦	enfant | famille | famille avec un père, une mère et un fils | famille : homme, femme, fille et garçon | femme | fille | fils | garçon | homme | mère | père
👨‍👩‍👦‍👦	enfant | famille | famille avec un père, une mère et un fils | famille : homme, femme, garçon et garçon | femme | fils | garçon | homme | mère | père
👨‍👩‍👧‍👧	enfant | famille | famille avec un père, une mère et un fils | famille : homme, femme, fille et fille | femme | fille | fils | garçon | homme | mère | père
👨‍👨‍👦	enfant | famille | famille avec un père, une mère et un fils | famille : homme, homme et garçon | femme | fils | garçon | homme | mère | père
👨‍👨‍👧	enfant | famille | famille avec un père, une mère et un fils | famille : homme, homme et fille | femme | fille | fils | garçon | homme | mère | père
👨‍👨‍👧‍👦	enfant | famille | famille avec un père, une mère et un fils | famille : homme, homme, fille et garçon | femme | fille | fils | garçon | homme | mère | père
👨‍👨‍👦‍👦	enfant | famille | famille avec un père, une mère et un fils | famille : homme, homme, garçon et garçon | femme | fils | garçon | homme | mère | père
👨‍👨‍👧‍👧	enfant | famille | famille avec un père, une mère et un fils | famille : homme, homme, fille et fille | femme | fille | fils | garçon | homme | mère | père
👩‍👩‍👦	enfant | famille | famille avec un père, une mère et un fils | famille : femme, femme et garçon | femme | fils | garçon | homme | mère | père
👩‍👩‍👧	enfant | famille | famille avec un père, une mère et un fils | famille : femme, femme et fille | femme | fille | fils | garçon | homme | mère | père
👩‍👩‍👧‍👦	enfant | famille | famille avec un père, une mère et un fils | famille : femme, femme, fille et garçon | femme | fille | fils | garçon | homme | mère | père
👩‍👩‍👦‍👦	enfant | famille | famille avec un père, une mère et un fils | famille : femme, femme, garçon et garçon | femme | fils | garçon | homme | mère | père
👩‍👩‍👧‍👧	enfant | famille | famille avec un père, une mère et un fils | famille : femme, femme, fille et fille | femme | fille | fils | garçon | homme | mère | père
👨‍👦	enfant | famille | famille avec un père, une mère et un fils | famille : homme et garçon | femme | fils | garçon | homme | mère | père
👨‍👦‍👦	enfant | famille | famille avec un père, une mère et un fils | famille : homme, garçon et garçon | femme | fils | garçon | homme | mère | père
👨‍👧	enfant | famille | famille avec un père, une mère et un fils | famille : homme et fille | femme | fille | fils | garçon | homme | mère | père
👨‍👧‍👦	enfant | famille | famille avec un père, une mère et un fils | famille : homme, fille et garçon | femme | fille | fils | garçon | homme | mère | père
👨‍👧‍👧	enfant | famille | famille avec un père, une mère et un fils | famille : homme, fille et fille | femme | fille | fils | garçon | homme | mère | père
👩‍👦	enfant | famille | famille avec un père, une mère et un fils | famille : femme et garçon | femme | fils | garçon | homme | mère | père
👩‍👦‍👦	enfant | famille | famille avec un père, une mère et un fils | famille : femme, garçon et garçon | femme | fils | garçon | homme | mère | père
👩‍👧	enfant | famille | famille avec un père, une mère et un fils | famille : femme et fille | femme | fille | fils | garçon | homme | mère | père
👩‍👧‍👦	enfant | famille | famille avec un père, une mère et un fils | famille : femme, fille et garçon | femme | fille | fils | garçon | homme | mère | père
👩‍👧‍👧	enfant | famille | famille avec un père, une mère et un fils | famille : femme, fille et fille | femme | fille | fils | garçon | homme | mère | père
🗣️	parler | silhouette | tête qui parle
👤	buste | mystère | ombre | silhouette de buste
👥	amis | bff | bustes | gens | meilleur ami | meilleure amie | meilleures amies | meilleurs amis | personnes | silhouettes | silhouettes de bustes | tout le monde
🫂	accolade | amitié | au revoir | bonjour | câlin | embrassades | gratitude | merci | personne | étreinte
👪	enfant | famille | famille avec un père, une mère et un fils | femme | fils | garçon | homme | mère | père
🧑‍🧑‍🧒	adulte | enfant | famille : adulte | famille : adulte, adulte, enfant
🧑‍🧑‍🧒‍🧒	adulte | enfant | famille : adulte | famille : adulte, adulte, enfant, enfant
🧑‍🧒	enfant | famille : adulte | famille : adulte, enfant | famille monoparentale
🧑‍🧒‍🧒	enfant | famille : adulte | famille : adulte, enfant, enfant | famille monoparentale
👣	empreintes | pied | pieds | pieds nus | traces de pas
🫆	dermatoglyphe | données biométriques | empreinte digitale | identité | sécurité
🐵	Georges le petit curieux | animal | singe | sourire | tête de singe | visage
🐒	animal | primate | singe
🦍	animal | gorille | primate
🦧	animal | orang-outan | primate | singe
🐶	animal | animal domestique | chien | chiot | tête de chien | visage
🐕	aboyer | animal | animal domestique | chien
🦮	accessibilité | animal | aveugle | chien guide | guide | malvoyant | non-voyant
🐕‍🦺	accessibilité | aide | animal | assistance | chien d’assistance | chien-guide | handicap
🐩	animal | caniche | chien
🐺	animal | loup | louve | tête | tête de loup
🦊	animal | nature | renard | tête | visage
🦝	animal | curieux | raton laveur | sournois
🐱	animal | chat | chaton | miaou | minou | tête de chat
🐈	animal | animal domestique | chat | chaton | miaou | miauler
🐈‍⬛	animal | chat | chat noir | chaton | félin | halloween | malchanceux | matou | miaou | noir | superstition
🦁	animal | astrologie | crinière | fort | horoscope | lion | roi | rugissement | safari | savane | tête de lion | visage | zodiaque
🐯	animal | félin | prédateur | tigre | tête de tigre | visage
🐅	animal | félin | prédateur | tigre | tigresse | zoo
🐆	animal | félin | léopard | prédateur | zoo
🐴	animal | cheval | dressage | ferme | jument | tête de cheval | équitation
🫎	animal | bois | cervidé | mammifère | orignal | ramure | élan
🫏	animal | bourricot | mammifère | mule | têtu | âne
🐎	animal | cheval | course hippique | hippodrome | tiercé
🦄	animal | licorne | licrone | tête | tête de licorne
🦓	animal | noir et blanc | rayure | rayures | zèbre | zébrure
🦌	animal | bois | cerf
🦬	animal | bison | buffle | cornes | herbivore | nature | troupeau
🐮	animal | lait | meuh | tête de vache | vache | visage
🐂	animal | astrologie | bœuf | ferme | horoscope | taureau | zodiaque
🐃	animal | buffle | corne | zoo
🐄	animal | ferme | lait | meuh | vache
🐷	animal | cochon | ferme | porc | tête de cochon | visage
🐖	animal | cochon | ferme | gros | jambon | porc | truie
🐗	Game of Thrones | animal | sanglier
🐽	animal | cochon | ferme | flair | groin | museau | porc | sentir | tête de cochon
🐏	animal | astrologie | bélier | corne | ferme | horoscope | mouton | zodiaque
🐑	animal | brebis | bêler | doux | ferme | laine | lait | mouton
🐐	Capricorne | animal | astrologie | chèvre | ferme | fromage | horoscope | lait | zodiaque
🐪	animal | bosse | dromadaire | désert | une bosse
🐫	animal | bosse | chameau | chameau à deux bosses | deux bosses | désert
🦙	alpaca | alpaga | animal | guanaco | laine | lama | llama | pérou | vicuña | vigogne
🦒	animal | cou | girafe | taches
🐘	animal | pachyderme | trompe | éléphant
🦣	animal | défenses | extinction | grand | géant | laineux | mammouth
🦏	animal | corne | rhinocéros
🦛	animal | hippo | hippopotame
🐭	animal | souris | tête de souris | visage
🐁	animal | souris
🐀	animal | rat
🐹	animal | animal domestique | hamster | tête | tête de hamster | visage
🐰	animal | animal domestique | dents | lapin | tête de lapin
🐇	animal | animal domestique | lapin
🐿️	animal | noisettes | écureuil
🦫	animal | barrage | castor | dents | rongeur
🦔	animal | hérisson | piquant | porc-épic | épines | épineux
🦇	animal | chauve-souris | vampire
🐻	animal | miel | nounours | ours | ours brun | teddy | tête | visage
🐻‍❄️	arctique | blanc | ours | ours polaire
🐨	Australie | animal | koala
🐼	animal | panda | tête | tête de panda | visage
🦥	animal | aï | endormi | lent | paresseux
🦦	animal | joueur | loutre | mignon | pêcheur
🦨	animal | mouffette | odeur | puer | putois
🦘	austalie | joey | kangoo | kangourou | marsupial | marsupiaux | saut
🦡	animal | blaireau | ratel
🐾	empreintes | empreintes de pattes | empreintes d’animaux | pattes
🦃	action de grâces | animal | dinde | dindon | oiseau | thanksgiving | volaille
🐔	animal | coq | ferme | oiseau | poule | poulet | volaille
🐓	animal | coq | oiseau | volaille
🐣	animal | bébé | naissance | naître | nouveau-né | oiseau | poussin | poussin qui éclôt | éclosion | œuf
🐤	animal | oiseau | poussin | tête de poussin
🐥	animal | bébé | nouveau-né | oiseau | poussin | poussin de face
🐦	animal | oiseau | ornithologie
🐧	Antarctique | animal | banquise | manchot | oiseau | pingouin
🕊️	animal | colombe | oiseau | paix | rameau | voler
🦅	aigle | animal | oiseau | rapace
🦆	animal | canard | coin-coin | oiseau
🦢	animal | cygne | jeune cygne | oiseau | vilain petit canard
🦉	animal | chouette | hibou | oiseau | sage
🦤	Dronte | Maurice | animal | dodo | espèce éteinte | extinction | grand | oiseau
🪶	léger | oiseau | plumage | plume | voler | écrire | écrivain
🦩	animal | flamant | oiseau | rose | tropical
🦚	animal | bel oiseau | coloré | fier | fière | oiseau | paon | paonne | prétentieux
🦜	animal | oiseau | parle | perroquet | pirate | répète
🪽	aile | angélique | aviation | céleste | mythologie | oiseau | s’envoler | s’élever | voler
🐦‍⬛	animal | bec | corbeau | corneille | corvidé | croasser | merle | noir | oiseau | oiseau noir
🪿	animal | bête | cacarder | canard | jars | oie | oiseau | troupeau | volaille | volée
🐦‍🔥	ailes | cendres | feu | gloire | immortel | mythologie | oiseau | phénix | renaissance | renaître | revivre | transformation
🐸	animal | crapaud | grenouille | tête | tête de grenouille
🐊	alligator | animal | caïman | crocodile | reptile | zoo
🐢	animal | carapace | lentement | reptile | tortue
🦎	animal | lézard | reptile
🐍	animal | reptile | serpent | serpent à sonnette | venin
🐲	animal | dragon | mythe | tradition | tête de dragon
🐉	Chine | Game of Thrones | animal | chinois | dragon | mythe | tradition
🦕	animal | brachiosaure | brontosaure | dinosaure | diplodocus | sauropode
🦖	T-Rex | T. rex | Tyrannosaurus Rex | Tyrannosaurus rex | animal | dinosaure | tyrannosaure
🐳	animal | baleine | baleine avec évent | baleine soufflant par son évent | mer | océan | plage | souffle
🐋	animal | baleine | mer | océan | plage
🐬	Flipper | animal | dauphin | mer | océan | plage
🫍	baleine | marin | océan | orque
🦭	animal | lion de mer | océan | otarie | phoque
🐟	Poissons | alimentation | animal | astrologie | horoscope | manger | nourriture | poisson | poissons | repas | zodiaque
🐠	animal | poisson | poisson tropical
🐡	animal | poisson | poisson-lune
🦈	Dents de la mer | animal | poisson | requin
🐙	animal | créature | mer | mollusque | océan | pieuvre | poulpe
🐚	animal | conque | coquillage | coquille | coquille en spirale | mer | plage | spirale
🪸	corail | océan | réchauffement climatique | récif
🪼	animal | aquarium | aïe | brûlure | gélatineux | invertébré | marin | mer | mou | méduse | océan | piqûre | plancton | tentacules | vie marine
🦀	Cancer | animal | astrologie | crabe | horoscope | mer | pinces | plage | zodiaque
🦞	animal | bisque | fruit de mer | fruits de mer | homard | pinces
🦐	aliment | crevette | crustacé | fruits de mer | nourriture
🦑	aliment | animal | calamar | encornet | mollusque | nourriture
🦪	coquillage | coquille | huître | mollusque | perle
🐌	animal | escargot | jardin | lentement | nature
🦋	animal | insecte | mignon | papillon | printemps
🐛	animal | chenille | insecte | jardin
🐜	animal | fourmi | insecte | jardin
🐝	abeille | animal | bourdon | guêpe | insecte | miel | nature | printemps
🪲	animal | insecte | scarabée
🐞	animal | bête | coccinelle | insecte | jardin | nature
🦗	animal | criquet | insecte | sauterelle
🪳	animal | blatte | cafard | coquerelle | insecte | nuisible
🕷️	animal | araignée | insecte
🕸️	araignée | toile | toile d’araignée
🦂	animal | astrologie | désert | horoscope | scorpion | zodiaque
🦟	fièvre | infection | insecte | maladie | malaria | moustique | piqûre | virus
🪰	animal | asticot | insecte | maladie | mouche | nuisible | pourrissement | puanteur | putréfaction | tsé-tsé
🪱	animal | annélide | insecte | lombric | parasite | ver | ver de terre
🦠	amibe | bactérie | biologie | microbe | microorganisme | phagocytose | pseudopode | science | virus
💐	amoureux | anniversaire | bouquet | fleur | fleurs | plante | rendez-vous | roses
🌸	bourgeon | fleur | fleur de cerisier | plante | printemps
💮	fleur | fleur blanche
🪷	beauté | bouddhisme | calme | fleur | hindouisme | lotus | pureté | sérénité
🏵️	plante | rosette
🌹	Saint-Valentin | amour | beauté | fleur | plante | rose | rouge
🥀	fanée | fleur | fleur fanée | mort | rose
🌺	fleur | hibiscus | plante
🌻	champs | fleur | plante | soleil | tournesol
🌼	bourgeon | bouton d’or | dent-de-lion | fleur | pissenlit | plante | printemps
🌷	bourgeon | fleur | plante | printemps | tulipe
🪻	fleur | fleurir | indigo | jacinthe | lavande | lilas | lupin | mauve | muflier | plante | printemps | violet
🌱	germe | jeune plant | jeune pousse | plante | plantule | pousser | printemps | semis
🪴	décoration | ennuyeux | faire pousser | intérieur | nature | plante | plante en pot | pousser | prendre soin
🌲	arbre | conifère | feuilles persistantes | forêt | pin | plante | sapin | sapin de Noël
🌳	arbre | arbre à feuilles caduques | feuilles caduques | feuillu | forêt | nature | plante
🌴	arbre | cocotier | palmier | plage | plante | tropical | tropiques
🌵	cactus | désert | nature | piquant | plante | sécheresse | épines
🌾	grain | plant de riz | plante | riz
🌿	arbre | feuille | feuilles | plante
☘️	Irlande | plante | trèfle
🍀	4 | Irlande | chance | feuilles | plante | porte-bonheur | quatre | trèfle | trèfle à quatre feuilles
🍁	automne | feuille | feuille d’érable | feuille morte | tomber | érable
🍂	automne | feuille | feuille morte | feuilles mortes | tomber
🍃	bourrasque | feuille | feuille virevoltante | souffle | tourbillon de feuilles | vent | virevolter
🪹	branches | faire son nid | maison | nid | nid vide
🪺	branches | faire son nid | nid | nid avec œufs | oiseau
🍄	Mario | champignon | champignon vénéneux | plante
🪾	arbre sans feuille | aride | hiver | sécheresse
🍇	fruit | nourriture | raisin
🍈	fruit | melon
🍉	fruit | pastèque
🍊	agrume | clémentine | fruit | mandarine | nourriture | orange | vitamine C
🍋	acide | agrume | citron | fruit | nourriture | zeste
🍋‍🟩	acide | agrume | citron | citron vert | fruit | lime | mojito | tropical | vert | zeste
🍌	banane | fruit | nourriture | potassium
🍍	ananas | fruit | nourriture | tropical
🥭	fruit | mangue | nourriture | tropical | tropique
🍎	fruit | nourriture | pomme | pomme rouge
🍏	fruit | nourriture | pomme | pomme verte
🍐	fruit | nourriture | poire
🍑	fruit | nourriture | pêche
🍒	cerise | cerises | fruit | nourriture
🍓	fraise | fruit | nourriture
🫐	airelles | baies | bleu | bleuets | fruit | myrtilles | nourriture | violet
🥝	fruit | kiwi | nourriture
🍅	fruit | légume | nourriture | plante | tomate
🫒	aliment | apéritif | apéro | nourriture | olive | olivier | rameau
🥥	coco | fruit | noix de coco | nourriture | palmier | piña colada
🥑	avocat | fruit | nourriture
🍆	aubergine | légume | nourriture
🥔	légume | nourriture | patate | pomme de terre | purée
🥕	carotte | légume | nourriture
🌽	ferme | maïs | nourriture | épi | épi de maïs
🌶️	nourriture | piment | piment rouge | piquant
🫑	légume | piment | poivron | poivron rouge | poivron vert
🥒	concombre | cornichon | légume | nourriture
🥬	bok choy | chou | chou chinois | chou frisé | chou pommé | kale | laitue | légume à feuilles vertes | salade
🥦	broccoli | brocoli | chou | chou sauvage | légume
🧄	ail | aromate | assaisonnement | condiment | légume | vampire
🧅	assaisonnement | condiment | légume | ognon | oignon
🥜	arachide | cacahuète | cacahuètes | noisette | nourriture
🫘	haricot rouge | haricots | légume | légumineuse | nourriture | petit | rognon
🌰	châtaigne | marron | nourriture | plante
🫚	bière | gingembre | naturel | racine | racine de gingembre | santé | épice
🫛	cosse | cosse de petits pois | edamame | fève | haricot | légume | légumineuse | pois | soja
🍄‍🟫	automne | brun | champignon | champignon marron | cèpe | fongus | marron | nature | nourriture
🫜	betterave | jardin | légume | légume-racine | navet | racine
🍞	miche | nourriture | pain | pain de mie
🥐	croissant | nourriture | pain | petit-déjeuner | viennoiserie
🥖	baguette | nourriture | pain
🫓	arepa | galette | gordita | lavash | naan | nourriture | pain plat | pita
🥨	bretzel | nourriture | torsade
🥯	bagel | boulangerie | petit-déjeuner | sandwich | schmear
🥞	crêpe | goûter | nourriture | pancake | pancakes | petit-déjeuner
🧇	brunch | gaufre | gourmandise | goûter | moule | petit déjeuner | petit-déjeuner | pâtisserie
🧀	fromage | nourriture | part de fromage
🍖	nourriture | os | viande | viande sur un os
🍗	cuisse | cuisse de poulet | dinde | nourriture | os | poulet | volaille
🥩	côtelette | côtelette de porc | côtelette d’agneau | morceau de viande | nourriture | steak | viande | viande rouge
🥓	bacon | lard | nourriture | porc | viande
🍔	burger | cheeseburger | fast food | hamburger | nourriture
🍟	fast food | frites | potatoes | potatœs
🍕	fromage | nourriture | part | pepperoni | pizza | tranche
🌭	hot dog | nourriture | saucisse | saucisse de Francfort
🥪	nourriture | pain | pain de mie | pique-nique | sandwich
🌮	mexicain | nourriture | taco
🌯	burrito | kebab | mexicain | wrap
🫔	mexicain | nourriture | pamonha | papillote | tamal
🥙	falafel | kebab | nourriture | pain pita
🧆	boulette | boulettes | falafel | falafels | pois chiches | seitan | soja | viande
🥚	nourriture | œuf
🍳	cuisine | friture | nourriture | petit-déjeuner | poêle | poêle à frire | se faire cuire un œuf | œuf | œuf au plat
🥘	Espagne | casserole | paella | plat | plat mitonné | poêle | riz
🍲	marmite | nourriture | ragoût
🫕	Suisse | bourguignonne | chocolat | fondue | fromage | plat | poêlon | savoyarde | ski | suisse
🥣	bol avec cuillère | bol avec une cuillère | congee | céréales | déjeuner | petit déjeuner | soupe
🥗	nourriture | salade | salade verte | verte
🍿	cinéma | nourriture | pop-corn
🧈	beurre | gras | produit laitier
🧂	condiment | salière | salé | saveur | sel
🥫	aliments en conserve | boîte de conserve | conserve | nourriture
🍱	bento | boîte | boîte déjeuner | déjeuner | nourriture
🍘	cracker | galette de riz | nourriture | riz
🍙	boulette de riz | japonais | nourriture | onigiri | plat | riz
🍚	bol de riz | nourriture | riz
🍛	curry | nourriture | riz | riz au curry
🍜	bol | bol fumant | nouilles | nourriture | ramen | vapeur
🍝	italien | nourriture | pâtes | restaurant | sauce bolognaise | spaghetti
🍠	nourriture | patate | patate douce | patate douce au four
🍢	brochette | brochette de poisson | fruits de mer | nourriture | restaurant
🍣	japonais | nourriture | poisson | riz | sushi
🍤	beignet de crevette | crevette
🍥	croquette de poisson | gâteau | narutomaki | nourriture | poisson | restaurant | surimi
🥮	automne | festival | gâteau de lune | moon cake | yuèbǐng
🍡	bonbons | brochette de bonbons | dango | dessert | japonais | nourriture
🥟	boulette de pâte | dumpling | empanada | gyoza | jiaozi | pierogi | potsticker | ravioli
🥠	biscuit chinois | nourriture | prophétie
🥡	baguettes | boîte à emporter | carton | chinois | nourriture à emporter
🍦	cornet de glace | dessert | glace | glace italienne | nourriture | sucré
🍧	coupe de glace | crème glacée | dessert | glace | granité | nourriture | restaurant | sucré
🍨	coupe de glace | crème | crème glacée | dessert | glace | nourriture | restaurant | sucré
🍩	dessert | donut | doughnut | goûter | nourriture | sucrerie | sucré
🍪	biscuit | cookie | dessert | goûter | gâteau | nourriture | pépites de chocolat | sucré
🎂	anniversaire | bougies | dessert | fête | goûter | gâteau | gâteau d’anniversaire | joyeux anniversaire | nourriture | pâtisserie
🍰	dessert | goûter | gâteau | gâteau sablé | nourriture | pâtisserie | sucré
🧁	cupcake | dessert | muffin | pâtisserie | sucre | sucrerie
🥧	décoration | garniture | gâteau | nourriture | pâte à tarte | pâtisserie | tarte | tarte aux fruits | tourte
🍫	barre | barre chocolatée | chocolat | dessert | goûter | nourriture | sucré
🍬	bonbon | dessert | goûter | nourriture | sucrerie | sucré
🍭	dessert | goûter | nourriture | sucette | sucrerie | sucré
🍮	crème renversée | dessert | flan | nourriture | pudding | sucré
🍯	miel | nourriture | ours | pot | pot de miel | sucré
🍼	biberon | boisson | bébé | lait | naissance | nouveau-né | tétine
🥛	boisson | lait | verre | verre de lait
☕	boisson | boisson chaude | café | caféine | matin | thé
🫖	boisson | boisson chaude | infusion | thé | théière
🍵	boisson | tasse | tasse de thé sans anse | thé
🍶	boisson | bouteille | bouteille et verre | restaurant | saké | verre
🍾	alcool | boisson | bouchon | bouteille | bouteille de champagne | champagne | félicitations | fête | pop
🍷	alcool | bar | boisson | club | restaurant | verre | verre de vin | verre à vin | vin
🍸	alcool | bar | boisson | club | cocktail | martini | verre | verre à cocktail | verre à pied
🍹	alcool | bar | boîte | cocktail | cocktail tropical | fête | tequila sunrise | verre
🍺	alcool | bar | bière | boisson | chope | chope de bière | oktoberfest | picoler | pinte | santé
🍻	alcool | bière | boisson | chopes de bière | santé | tchin | trinquer
🥂	alcool | champagne | célébrer | fêter | santé | tchin | trinquer | verre | verres
🥃	alcool | liqueur | tumbler | verre | verre tumbler | whisky
🫗	accident | boisson | eau | oups | renverser | verre | verser | verser un liquide | vider
🥤	boisson | eau | gobelet avec paille | jus de fruit | jus de fruits | soda | verre avec une paille
🧋	boba | boisson | bubble tea | bulle | lait | paille | perle | thé aux bulles | thé aux perles | thé froid | zenzou
🧃	boisson | briquette de jus | carton | jus | jus de fruits | paille
🧉	boisson | maté
🧊	cube | froid | glace | glaçon | iceberg
🥢	baguettes | hashi
🍽️	assiette | assiette et couverts | couteau | cuisine | fourchette | fourchette et couteau avec assiette | restaurant | table
🍴	couteau et fourchette | couverts | faim | fourchette et couteau | manger | nourriture | repas | restaurant
🥄	couvert | cuillère | manger
🔪	arme | chef | couteau | couteau de cuisine | cuisine | outil
🫙	bocal | condiments | conserver | pot | rien | récipient | sauce | vide
🏺	Grèce | Verseau | amphore | astrologie | cuisine | grec | horoscope | vase | zodiaque
🌍	Afrique | Europe | Terre | afrique | espace | europe | globe | globe présentant l’Europe et l’Afrique | globe tourné sur l’Afrique et l’Europe | monde | planète
🌎	Amérique | Terre | amérique | espace | globe | globe présentant l’Amérique | globe tourné sur les Amériques | monde | planète
🌏	Asie | Australie | Terre | asie | australie | espace | globe | globe présentant l’Asie et l’Australie | globe tourné sur l’Asie et l’Australie | monde | planète
🌐	Internet | globe avec méridiens | globe terrestre | monde | méridiens | net | toile
🗺️	carte | carte du monde | monde | planisphère | voyage
🗾	carte | carte du Japon | japon | voyage
🧭	boussole | compas | direction | magnétique | navigation | orientation
🏔️	froid | montagne | montagne enneigée | neige | sommet | voyage
⛰️	montagne | nature | sommet | voyage
🛘	avalanche | catastrophe | coulée de boue | danger | glissement de terrain | montagne | rochers | tremblement de terre | éboulement
🌋	lave | nature | volcan | éruption
🗻	mont Fuji | montagne | nature | sommet | voyage
🏕️	camping | nature | tente avec un sapin | voyage
🏖️	parasol | plage | plage avec parasol | voyage
🏜️	désert | voyage
🏝️	cocotier | palmier | voyage | île | île déserte
🏞️	nature | parc national | voyage
🏟️	stade
🏛️	colonnes | monument | monument classique | voyage
🏗️	chantier | construction | construction d’un bâtiment | grue
🧱	argile | brique | briques | mortier | mur | mur de briques | the wall | voie 9 3/4
🪨	caillou | dur | lourd | pierre | roc | roche | rocher | solide
🪵	arbre | bois | bûche | bûcheron | rondins | tronc
🛖	abri | case | hutte | maison | maisonnette | yourte
🏘️	bâtiment | bâtiments | maison | maisons | pavillons
🏚️	maison | maison abandonnée
🏠	bâtiment | foyer | maison | maison simple | pavillon | résidentiel
🏡	foyer | jardin | maison | maison avec jardin | pavillon | résidentiel
🏢	bureaux | immeuble | immeuble de bureaux | ville
🏣	Japon | bureau de poste japonais | bâtiment | poste | poste japonaise | voyage
🏤	bureau de poste | bâtiment | européen | poste
🏥	bâtiment | docteur | hôpital | médecin | urgences
🏦	banque | bâtiment
🏨	bâtiment | hôtel | voyage
🏩	amour | bâtiment | cœur | hôtel | love hotel | voyage
🏪	24h/24 | bâtiment | magasin | supermarché | supérette | épicerie
🏫	bâtiment | école
🏬	bâtiment | centre commercial | grand magasin | magasin
🏭	bâtiment | usine
🏯	bâtiment | château | château japonais | japonais | voyage
🏰	bâtiment | château | européen | voyage
💒	amour | chapelle | cœur | mariage | église
🗼	Japon | Tokyo | tour | tour de Tokyo | voyage
🗽	New York | liberté | statue | statue de la Liberté | statue de la liberté | voyage
⛪	bâtiment | chapelle | chrétien | croix | religion | voyage | église
🕌	islam | mosquée | musulman | musulmane | religion | voyage
🛕	bouddhisme | hindou | pagode | religion | stupa | temple | temple bouddhiste | temple hindou
🕍	judaïsme | juif | juive | religion | synagogue | temple | voyage
⛩️	religion | sanctuaire shinto | shinto | voyage
🕋	Kaaba | islam | kaaba | musulman | musulmane | religion | voyage
⛲	eau | fontaine
⛺	camping | nature | tente | voyage
🌁	brouillard | brume | voyage
🌃	nuit | nuit étoilée | ville | voyage | étoiles
🏙️	bâtiment | ville | voyage
🌄	lever de soleil | matin | nature | soleil | soleil levant derrière les montagnes | voyage
🌅	lever de soleil | matin | nature | soleil | soleil levant | voyage
🌆	coucher de soleil | crépuscule | immeubles | soir | soleil | tombée de la nuit | ville | ville au crépuscule | voyage
🌇	coucher de soleil | coucher de soleil en ville | crépuscule | soir | soleil | tombée de la nuit | ville | voyage
🌉	nuit | pont | pont de nuit
♨️	chaud | source | sources chaudes | vapeur
🎠	cheval | cheval de manège | manège
🛝	aire de jeu | glissade | jouer | toboggan
🎡	attractions | grande roue | parc d’attractions | roue
🎢	attractions | montagnes | montagnes russes | parc d’attractions | russes
💈	barbier | coiffeur | coiffure | enseigne | enseigne de barbier | salon
🎪	chapiteau | cirque
🚂	chemin de fer | locomotive | machine à vapeur | moyen de transport | rail | tchou tchou | train | vapeur | voyage
🚃	chemin de fer | moyen de transport | rail | train | tram | tramway | voiture | voyage | wagon
🚄	TGV | chemin de fer | moyen de transport | rail | rapide | train | train à grande vitesse | vitesse | voyage
🚅	TGV | chemin de fer | moyen de transport | rail | rapide | train | train à grande vitesse | voyage
🚆	arrivée | chemin de fer | moyen de transport | rail | train | voyage
🚇	moyen de transport | métro
🚈	RER | monorail | moyen de transport | métro | métro léger | rail
🚉	RER | chemin de fer | gare | moyen de transport | rail | train
🚊	RER | moyen de transport | tram | tramway | transport | trolley | trolleybus
🚝	monorail | moyen de transport | véhicule
🚞	chemin de fer | moyen de transport | rail | train | train de montagne | voyage | wagon
🚋	moyen de transport | tram | trolleybus | voiture | voyage | wagon de tramway
🚌	bus | moyen de transport | véhicule | école
🚍	bus | bus de face | bus qui arrive | car | moyen de transport
🚎	bus | moyen de transport | tram | tramway | trolley | trolleybus
🚐	bus | minibus | moyen de transport | navette | véhicule
🚑	ambulance | urgences | véhicule
🚒	camion de pompier | pin-pon | pompier
🚓	flic | patrouille | police | voiture de police | véhicule
🚔	police | voiture de police de face | voiture de police qui arrive | véhicule
🚕	moyen de transport | taxi | taxi jaune | uber | véhicule
🚖	joe le taxi | new york | taxi | taxi de face | taxi jaune | uber | voiture
🚗	automobile | conduire | moyen de transport | voiture | voyage | véhicule
🚘	automobile | conduire | moyen de transport | voiture | voiture de face | voiture qui arrive | voyage | véhicule
🚙	automobile | conduire | loisirs | moyen de transport | voiture | voyage | véhicule de loisirs | véhicule utilitaire sport
🛻	auto | camion benne | camionnette | pick-up | pickup | plateau | poids lourd | transports | véhicule
🚚	camion | camion de livraison | camionnette | moyen de transport | véhicule
🚛	camion | moyen de transport | poids lourd | semi | semi-remorque | véhicule
🚜	moyen de transport | tracteur | véhicule
🏎️	course | course automobile | formule 1 | voiture | voiture de course
🏍️	course | moto
🛵	scooter
🦽	accessibilité | fauteuil roulant | fauteuil roulant manuel | handicap
🦼	accessibilité | fauteuil motorisé | fauteuil roulant | fauteuil roulant motorisé | handicap
🛺	rickshaw | taxi | thaï | tricycle | tuk tuk
🚲	bicyclette | cyclisme | moyen de transport | voyage | vélo
🛴	trottinette
🛹	glisse | longboard | planche à roulettes | roulettes | skate | skateboard
🛼	derby | patin à roulettes | roller | roulette | roulettes | sport
🚏	arrêt de bus | bus
🛣️	autoroute | route | voyage
🛤️	chemin de fer | rail | train | voie ferrée | voyage
🛢️	baril | baril de pétrole | pétrole
⛽	diesel | essence | gazole | pompe à essence | station
🛞	cercle | pneu | roue | tourner | voiture | véhicule
🚨	alarme | alerte | gyrophare | lumière | police | sirène | urgences | voiture
🚥	carrefour | croisement | feu | feu de circulation | feu tricolore horizontal | tricolore
🚦	carrefour | croisement | feu | feu de circulation | feu tricolore vertical | tricolore
🛑	octogonal | panneau | signe | stop
🚧	barrière | travaux
⚓	ancre | bateau | outil | voyage
🛟	bouée de sauvetage | flotter | sauver | sauveteur | secours | sécurité
⛵	bateau | mer | moyen de transport | plaisance | voilier | voyage | yacht
🛶	bateau | canoë | rame | ramer
🚤	bateau | hors-bord | luxe | moyen de transport | vedette | voyage | été
🛳️	bateau | croisière | paquebot | voyage
⛴️	bateau | ferry | moyen de transport | voyage
🛥️	bateau | bateau à moteur
🚢	Titanic | bateau | croisière | moyen de transport | navire | paquebot | voyage
✈️	avion | avion en vol | jet | moyen de transport | vol | voyage | véhicule
🛩️	avion | moyen de transport | petit avion | voyage
🛫	avion | avion au décollage | décollage | départ | moyen de transport | voyage
🛬	arrivée | atterrissage | avion | avion à l’atterrissage | moyen de transport | voyage
🪂	chute libre | parachute | parachute ascensionnel | parapente | sensations fortes
💺	chaise | fauteuil | place | siège
🚁	hélico | hélicoptère | moyen de transport | véhicule
🚟	moyen de transport | train | train suspendu | voyage
🚠	montagne | moyen de transport | ski | télécabine | téléphérique
🚡	moyen de transport | tramway | tramway aérien | télécabine
🛰️	espace | satellite
🚀	décollage | espace | fusée | moyen de transport | voyage
🛸	OVNI | alien | extraterrestre | ovni | soucoupe volante
🛎️	cloche | cloche de comptoir | clochette | hôtel | réception | sonnette
🧳	bagage | valise | voyage
⌛	chronomètre | minuteur | sable | sablier | temps
⏳	attendre | chronomètre | minuteur | sable | sablier | sablier avec sable qui coule | temps
⌚	heure | montre
⏰	alarme | attendre | dring | heure | matin | retard | réveil | sonnerie
⏱️	chronomètre | heure | temps
⏲️	heure | horloge | minuteur | temps
🕰️	horloge | horloge posée | pendule
🕛	0 h | 12 h | heure | horloge | midi | midi pile | midi/minuit | minuit | minuit pile
🕧	00 h 30 | 12 h 30 | heure | horloge | midi et demi | midi/minuit et demie | minuit et demi
🕐	1 h | 13 h | heure | horloge | treize heures | une heure
🕜	1 h 30 | 13 h 30 | heure | horloge | treize heures trente | une heure et demie
🕑	14 h | 2 h | deux heures | heure | horloge | quatorze heures
🕝	14 h 30 | 2 h 30 | deux heures et demie | heure | horloge | quatorze heures trente
🕒	15 h | 3 h | heure | horloge | quinze heures | trois heures
🕞	15 h 30 | 3 h 30 | heure | horloge | quinze heures trente | trois heures et demie
🕓	16 h | 4 h | quatre heures | seize heures
🕟	16 h 30 | 4 h 30 | heure | horloge | quatre heures et demie | seize heures trente
🕔	17 h | 5 h | cinq heures | dix-sept heures | heure | horloge
🕠	17 h 30 | 5 h 30 | cinq heures et demie | dix-sept heures trente | heure | horloge
🕕	18 h | 6 h | dix-huit heures | heure | horloge | six heures
🕡	18 h 30 | 6 h 30 | dix-huit heures trente | heure | horloge | six heures et demie
🕖	19 h | 7 h | dix-neuf heures | heure | horloge | sept heures
🕢	19 h 30 | 7 h 30 | dix-neuf heures trente | heure | horloge | sept heures et demie
🕗	20 h | 8 h | heure | horloge | huit heures | vingt heures
🕣	20 h 30 | 8 h 30 | heure | horloge | huit heures et demie | vingt heures trente
🕘	21 h | 9 h | neuf heures
🕤	21 h 30 | 9 h 30 | heure | horloge | neuf heures et demie | vingt et une heures trente
🕙	10 h | 22 h | dix heures | heure | horloge | vingt-deux heures
🕥	10 h 30 | 22 h 30 | dix heures et demie | heure | horloge | vingt-deux heures trente
🕚	11 h | 23 h | heure | horloge | onze heures | vingt-trois heures
🕦	11 h 30 | 23 h 30 | heure | horloge | onze heures et demie | vingt-trois heures trente
🌑	espace | lune | nouvelle lune | sombre
🌒	espace | lune | lune croissante | nuit
🌓	espace | lune | nuit | premier quartier | premier quartier de lune | quartier
🌔	croissant | espace | gibbeux | lune | lune gibbeuse croissante | nuit
🌕	espace | lune | nuit | pleine lune
🌖	décroissant | espace | gibbeux | lune | lune gibbeuse décroissante | nuit
🌗	dernier quartier | dernier quartier de lune | espace | lune | quartier
🌘	croissant | croissant de lune | espace | lune | lune descendante | lune décroissante | nuit
🌙	Ramadan | croissant | croissant de lune | espace | lune | nuit
🌚	espace | lune | nouvelle lune avec visage | nouvelle lune à visage | nuit | visage
🌛	croissant de lune | espace | lune | lune à visage | nuit | premier quartier de lune | premier quartier de lune avec visage | quartier | visage
🌜	croissant de lune | dernier quartier de lune | dernier quartier de lune avec visage | lune | lune à visage | nuit | quartier | visage
🌡️	météo | thermomètre
☀️	beau temps | brillant | espace | grand soleil | météo | rayons | soleil
🌝	lune | lune à visage | nuit | pleine lune | pleine lune avec visage | sourire | visage
🌞	chaleur | chaud | ensoleillé | jour | lumière | météo | plage | rayon de soleil | soleil | soleil avec visage | soleil à visage | éclatant
🪐	anneaux | planète à anneaux | saturne | saturnien | saturnienne
⭐	astronomie | nuit | étoile
🌟	nuit | nuit étoilée | succès | éclat | étincelant | étincelle | étoile | étoile brillante
🌠	espace | nuit | étoile | étoile filante
🌌	espace | voie lactée
☁️	gris | météo | nuage
⛅	caché | météo | nuage | nuageux | soleil | soleil derrière les nuages | soleil derrière nuages
⛈️	météo | nuage | nuage avec éclair et pluie | orage | pluie | éclair
🌤️	caché | météo | nuage | soleil | soleil derrière petit nuage | soleil derrière un petit nuage
🌥️	caché | météo | nuage | soleil | soleil derrière gros nuage | soleil derrière un gros nuage
🌦️	caché | gouttes | météo | nuage | pluie | soleil | soleil derrière un nuage | soleil derrière un nuage de pluie
🌧️	averse | gouttes | mauvais temps | météo | nuage | nuage avec pluie | nuage de pluie | pluie
🌨️	flocons | froid | hiver | météo | neige | nuage | nuage avec neige | nuage de neige
🌩️	nuage | nuage avec un éclair | nuage avec éclair | orage | orageux | temps | éclair
🌪️	cyclone | météo | nuage | tornade | tourbillon
🌫️	brouillard | brume | fog | météo | nuage
🌬️	météo | nuage | souffle | vent | vent avec visage | visage | visage du vent
🌀	cyclone | spirale | tourbillon | typhon | vertige
🌈	Gay Pride | LGBTQIA | arc-en-ciel | bisexuelle | homosexuelle | lesbienne | météo | nature | pluie | transgenre
🌂	météo | parapluie | parapluie fermé | pluie
☂️	parapluie | parapluie ouvert | pluie
☔	gouttes | météo | parapluie | parapluie avec gouttes | parapluie avec gouttes de pluie | pluie
⛱️	météo | parapluie | parapluie au sol | parasol | parasol sur le sol | plage | pluie | soleil | voyage
⚡	courant | danger | haute tension | nature | orage | symbole haute tension | tension | vitesse | éclair | électricité
❄️	flocon | flocon de neige | froid | météo | neige
☃️	bonhomme de neige | bonhomme de neige avec flocons | flocons | neige
⛄	bonhomme de neige | bonhomme de neige sans flocons | bonhomme de neige sans neige | froid | neige
☄️	comète | espace | météore
🔥	allumer | brûler | chaud | feu | flamme | fournaise | incendie
💧	BD | eau | froid | goutte | goutte d’eau | larme | météo | nature | pluie | sueurs froides | tristesse
🌊	Kanagawa | eau | lame | large | marée | mer | nature | océan | remous | rouleau | surf | vague
🎃	Halloween | citrouille | halloween | lanterne
🎄	Noël | Sapin de Noël | arbre | fête | fêtes | guirlandes | sapin de Noël
🎆	14 juillet | artifice | feu d’artifice | fête
🎇	14 juillet | artifice | cierge magique | feu d’artifice | fête | étincelle | étincelles
🧨	dynamite | explosif | explosive | feu d’artifice | pétard | tnt | étincelle
✨	* | magie | nuit | nuit étoilée | scintiller | étincelles | étoile | étoiles
🎈	anniversaire | ballon | ballon de baudruche | ballon gonflable | fête
🎉	anniversaire | cotillons | fête | super
🎊	anniversaire | confettis | fête
🎋	Japon | Tanabata | arbre | arbre à vœux | fête | prières | vœux
🎍	bambou | bambou décoratif | fête | japonais | plante
🎎	Japon | festival | poupées | poupées japonaises
🎏	carpe | fête | koinobori
🎐	carillon | carillon éolien | clochette | fête | vent
🎑	cérémonie | cérémonie de la lune | lune
🧧	argent | bonne chance | cadeau | enveloppe rouge | hóngbāo | lai see
🎀	fête | nœud | ruban | ruban rose
🎁	Noël | anniversaire | cadeau | cadeau emballé | fête | nœud | surprise
🎗️	mémoire | ruban | ruban de mémoire | souvenir
🎟️	billet d’entrée | place | spectacle
🎫	billet | place | spectacle
🎖️	médaille | médaille militaire
🏆	champion | championne | coupe | gagner | prix | trophée | victoire
🏅	champion | championne | médaille | médaille d’or | médaille sportive | sport | vainqueur | victoire
🥇	1er | médaille | médaille d’or | or | premier
🥈	2e | argent | deuxième | médaille | médaille d’argent
🥉	3e | bronze | médaille | médaille de bronze | troisième
⚽	balle | ballon | ballon de football | football | sport
⚾	balle | balle de baseball | baseball | sport
🥎	balle | gant | softball | sports
🏀	ballon | basket | basket-ball | panier | sport
🏐	ballon | jeu | match | sport | volley | volley-ball
🏈	Super Bowl | ballon | football américain | sport
🏉	ballon | rugby | sport
🎾	balle | balle de tennis | sport | tennis
🥏	discoplane | disque | disque volant | disque-volant | frisbee | sport | ultimate | ultime-passe
🎳	boule | bowling | jeu | partie | quilles | sport | strike
🏏	balle | balle de cricket | batte | cricket | jeu | match | sport
🏑	balle | crosse | hockey | hockey sur gazon | sport
🏒	crosse | hockey | hockey sur glace | palet | sport
🥍	balle | but | crosse | lacrosse | raquette | sport
🏓	balle | jeu | partie | ping-pong | raquette | sport | tennis de table
🏸	badminton | jeu | match | raquette | sport | volant
🥊	boxe | gant | gant de boxe | sport
🥋	arts martiaux | judo | karaté | kimono | sport | taekwondo | tenue | tenue d’arts martiaux
🥅	but | cage | filet | sport
⛳	drapeau de golf | golf | sport | trou
⛸️	glace | patin | patin à glace | patiner | patinoire | sport
🎣	canne à pêche | pêche | pêche à la ligne | sport
🤿	apnée | masque | masque de plongée | masque et tuba | plonger | plongée | snorkeling | tuba
🎽	athlétisme | course à pied | jogging | maillot de course | running | sport | tee-shirt de course
🎿	neige | ski | sport
🛷	glisser | luge | neige | traîneau
🥌	curling | granit | jeu | match | partie | pierre | pierre de curling | sport
🎯	cible | dans le mille | fléchettes | jeu
🪀	descendre | jouet | monter | osciller | yoyo
🪁	cerf-volant | planer | voler
🔫	arme | arme à feu | flingue | pistolet | pistolet à eau | revolver
🎱	8 | billard | boule de billard | boule magique | huit | jeu | pool
🔮	avenir | boule de cristal | cristal | magie | voyant | voyante
🪄	abracadabra | baguette magique | magicien | magie | sorcier | sorcière | sort | tour de magie
🎮	jeu vidéo | joystick | manette | playstation | xbox
🕹️	jeu | jeu vidéo | joystick | manette de jeu
🎰	casino | jeu | machine à sous
🎲	dé | dés | hasard | jeu
🧩	assemblage | indice | interloqué | pièce de puzzle | pièce manquante | puzzle | énigme
🧸	jeu | jouet | nounours | ours | ours en peluche | peluche
🪅	5 mai | bonbons | cinco de mayo | confiseries | fête | mexicain | piñata
🪩	boule à facettes | briller | danse | disco | fête | soirée
🪆	emboîté | empiler | jouet | matriochka | poupée gigogne | poupée russe | poupées russes | russe | russie
♠️	carte | couleur | jeu | pique
♥️	cartes à jouer | couleur | cœur | cœur cartes | jeu | rouge
♦️	carreau | carreaux | carte | couleur | jeu
♣️	cartes à jouer | couleur | jeu | noir | trèfle | trèfle cartes
♟️	duper | pion d’échec | sacrifiable | échec
🃏	Joker | carte Joker | cartes à jouer | jeu
🀄	dragon rouge mahjong | jeu | mah-jong | mahjong | rouge
🎴	carte | carte à jouer | fleur | fleurs | japonais | jeu | jeu des fleurs
🎭	acteur | actrice | art | masque | spectacle | spectacle vivant | théâtre
🖼️	art | cadre avec image | image | musée | peinture | tableau | tableau encadré
🎨	art | artiste | couleurs | musée de peinture | palette de peinture | peindre | peintre | peinture
🧵	aiguille | bobine | bobine de fil | coudre | couture | ficelle | fil
🪡	aiguille à coudre | broderie | coudre | couture | fil à coudre | points | suture | tailleur
🧶	boule | crochet | fil | laine | pelote | tricot
🪢	attacher | corde | entrelacer | lien | noué | nœud | tordre
👓	accessoire | lunettes | lunettes de vue | vêtements | yeux | œil
🕶️	lunettes | lunettes de soleil | lunettes noires | soleil
🥽	lunettes | lunettes de chimiste | lunettes de labo | lunettes de piscine | lunettes de protection | lunettes de soudage | lunettes de soudure | masque | natation | protection des yeux | soudage
🥼	blouse | blouse blanche | docteur | expérience | expérimentation | labo | laboratoire | manteau blanc | médecin | scientifique | vêtements
🦺	chantier | fluo | gilet de sécurité | gilet jaune | gilet orange | sécurité | sûreté | visibilité
👔	chemise | cravate | travail | vêtements
👕	T-shirt | bleu | chemise | courses | décontracté | polo | shopping | tee-shirt | vêtements | week-end
👖	bleu | courses | denim | jean | pantalon | shopping | vêtements | week-end
🧣	cou | foulard | froid | glagla | vêtements | écharpe
🧤	gant | gants | main | vêtements
🧥	froid | glagla | manteau | veste | vêtements
🧦	chaussettes | pieds | vêtements
👗	courses | jolie | robe | shopping | vêtements | élégante
👘	kimono | vêtements
🥻	inde | mode | robe | sari | traditionnel | vêtement
🩱	maillot | maillot de bain | maillot de bain une pièce | maillot une pièce
🩲	maillot de bain | slip | slip de bain | sous-vêtement | une pièce
🩳	baignade | caleçon | maillot de bain | piscine | plage | short | short de bain | sous-vêtement
👙	bikini | maillot de bain | nager | piscine | plage | vêtements
👚	chemise | chemisier | courses | femme | shopping | vêtements | vêtements de femme
🪭	agiter | chaleur | charmer | chaud | danse | danser | rafraîchir | timide | éventail | éventer
👛	accessoire | courses | monnaie | porte-monnaie | sac à main | shopping | vêtements
👜	accessoire | courses | sac | sac à main | shopping | vêtements
👝	accessoire | pochette | sac | sac à main | trousse | vêtements
🛍️	achats | courses | sac | sacs | sacs de shopping | shopping
🎒	cartable | sac | sac à dos | école
🩴	claquettes | mer | plage | sandales | sandales de plage | tatanes | tong | tongs | été
👞	accessoire | chaussure | chaussure d’homme | coup de pied | courses | homme | marron | pied | shopping | vêtements
👟	accessoire | athlétisme | basket | chaussure | chaussure de sport | coup de pied | courir | courses | shopping | tennis | vite | vêtements
🥾	camping | chaussure de marche | chaussure de randonnée | chaussures de chantier | chaussures de montagne | chaussures de sécurité | chaussures marron | marche | rando | randonnée | timberland | vêtements
🥿	ballerine | chaussure plate | chaussure sans lacets | chaussures plates | mule | vêtements
👠	accessoire | chaussure | chaussure de femme | chaussure à talon | chaussure à talon haut | courses | mode | shopping | stilletto | talon aiguille | talon haut | vêtements
👡	chaussure | chaussure de femme | chaussure à talon | femme | sandale | sandale de femme | talon haut | vêtements
🩰	ballerines | ballet | chaussons de danse | chaussures | classique | danse
👢	accessoire | botte | botte de femme | chaussure | courses | femme | shopping | vêtements
🪮	afro | cheveux | démêler | démêloir | peigne | peigne afro | peigner
👑	accessoire | couronne | famille royale | monarchie | monarque | reine | roi | royauté | succès | vêtements
👒	chapeau | chapeau de femme | femme | vêtements
🎩	accessoire | chapeau | haut de forme | haut-de-forme | magie | vêtements | élégant
🎓	accessoire | chapeau | diplôme | toque universitaire | université | vêtements | étudiant
🧢	baseball cap | casquette | casquette américaine | casquette de baseball | chapeau | vêtements
🪖	armée | casque | casque militaire | guerre | guerrier | militaire | protection | soldat | équipement
⛑️	assistance | casque | casque croix blanche | casque de sauveteur | casque de secouriste | croix | secours
📿	accessoire | chapelet | collier | perles | prière | religion | vêtements
💄	cosmétiques | maquillage | rendez-vous | rouge à lèvres
💍	alliance | amour | bague | brillant | diamant | fiançailles | mariage | solitaire | étincelant
💎	argent | bijou | diamant | fiançailles | joyau | mariage | pierre précieuse | romantique
🔇	chut | enceinte | haut-parleur barré | haut-parleur d’enceinte | muet | silence | son | sourdine
🔈	enceinte | haut-parleur | haut-parleur d’enceinte | son | volume bas | volume des enceintes faible
🔉	enceinte | haut-parleur | haut-parleur d’enceinte | son | volume des enceintes moyen | volume moyen
🔊	enceinte | fort | haut-parleur | haut-parleur d’enceinte | musique | son | volume des enceintes élevé | volume élevé
📢	communication | fort | haut-parleur | message | mégaphone | son
📣	encourager | hourra | manifestation | mégaphone | porte-voix
📯	cor de facteur | cor postal | facteur | poste
🔔	cloche | clochette | sonner
🔕	alarme désactivée | barrée | cloche | silence
🎼	musique | note | partition
🎵	musique | note | note de musique
🎶	musique | note | notes | notes de musique | partition
🎙️	chant | enregistrement | micro | micro de studio | microphone | musique | studio
🎚️	curseur | curseur de niveau | musique | niveau
🎛️	boutons | boutons de commande | boutons de contrôle | boutons de réglage | commande | musique | réglages
🎤	chanter | karaoke | karaoké | micro | microphone | musique
🎧	casque | musique | son | écouteur | écouteurs
📻	actualités | communication | loisirs | musique | radio | vidéo
🎷	instrument | musique | saxophone
🎺	instrument | musique | trompette
🪊	instrument | musique | trombone | trombone à coulisse
🪗	accordéon | bandonéon | concert | concertina | instrument | musique | mélodie | piano à bretelles
🎸	guitare | guitare électrique | instrument | musique
🎹	clavier | instrument | musique | piano | touches
🎻	instrument | musique | violon
🪕	banjo | cordes | instrument | instrument à cordes | musique
🥁	baguette | baguettes | batterie | musique | tambour
🪘	battement | conga | djembé | instrument | musique | percussions | rythme | tambour
🪇	cha cha cha | danse | danser | fête | hochet | instrument | maracas | musique | percussion | secouer
🪈	bois | fanfare | fifre | flûte | flûte à bec | flûtiste | instrument | musique | orchestre | piccolo
🪉	amour | cupidon | harpe | instrument | musique | orchestre
📱	communication | smartphone | téléphone | téléphone portable
📲	appel | appel entrant | communication | recevoir un appel | smartphone | téléphone portable avec une flèche
☎️	téléphone | téléphone rouge
📞	combiné téléphonique | communication | téléphone
📟	bip | bipeur | communication | pager
📠	communication | fax | télécopieur
🔋	pile
🪫	batterie | batterie faible | déchargé | pile faible | électronique | énergie faible
🔌	branché | câble avec fiche électrique | prise | prise électrique | électricité
💻	bureau | ordinateur | ordinateur portable | travail
🖥️	moniteur | ordinateur | ordinateur de bureau
🖨️	imprimante | imprimer | ordinateur
⌨️	clavier | informatique | ordinateur
🖱️	informatique | souris | souris d’ordinateur
🖲️	boule de commande | informatique | ordinateur | souris à boule | trackball
💽	disque | disque d’ordinateur | minidisc
💾	disque | disquette | informatique | ordinateur
💿	CD | DVD | blu-ray | disque
📀	CD | DVD | blu-ray | disque
🧮	abaque | boulier | calcul | calculation | math | mathématiques
🎥	caméra | cinéma | film | filmer | réalisateur | réalisatrice | vidéo
🎞️	bande | cinéma | film | pellicule
📽️	cinéma | film | projecteur | projecteur cinématographique | vidéo
🎬	action | clap | film | ça tourne
📺	TV | petit écran | télé | téléviseur | télévision
📷	appareil photo | photo | selfie | vidéo
📸	appareil photo | appareil photo avec flash | flash
📹	caméra | caméscope | filmer | vidéo
📼	cassette vidéo | magnétoscope | vhs | vidéocassette | vintage
🔍	agrandir | chercher | détective | loupe | loupe gauche | loupe orientée à gauche | recherche
🔎	agrandir | chercher | détective | loupe | loupe droite | loupe orientée à droite | recherche
🕯️	bougie | chandelle | lumière
💡	BD | allumer | ampoule | bande dessinée | dessin | idée | lampe | lumière
🔦	lampe torche | lampe électrique | lumière | outil | torche
🏮	japonais | lampion rouge | lanterne | lumière | restaurant | rouge
🪔	Diwali | diya | fête inde | huile | lampe | lampe inde | lampe à beurre | ārtī
📔	cahier | carnet | carnet avec couverture | livre | école | écrire
📕	apprendre | enseignement | lire | littérature | livre | livre fermé | livre rouge | manuel scolaire | savoir | école
📖	apprendre | bibliothèque | enseignement | lecture | lire | littérature | livre ouvert | manuel scolaire | roman | savoir | école | étudier
📗	apprendre | bibliothèque | enseignement | lecture | lire | littérature | livre | livre vert | manuel scolaire | savoir | école | étudier
📘	apprendre | lecture | lire | littérature | livre | livre bleu | manuel scolaire | roman | école | éducation
📙	apprendre | lecture | lire | littérature | livre | livre orange | manuel scolaire | roman | école | éducation
📚	apprendre | bibliothèque | enseignement | lecture | lire | littérature | livres | manuels scolaires | roman | savoir | école | étudier
📓	cahier | carnet | écrire
📒	cahier | carnet de compte | classeur | grand livre
📃	document | page | page enroulée
📜	papier | parchemin
📄	document | page
📰	actualités | communication | gros titres | journal | presse | une
🗞️	actualités | journal | journal roulé | presse
📑	marque | marqueur | onglets | signet | signets
🔖	marque-page | marqueur | signet
🏷️	étiquette
🪙	argent | euro | fortune | métal | or | pièce | pièce de monnaie | riche | sou | trésor
💰	argent | avare | banque | dollar | parier | payer | sac | sac d’argent | sac plein d’argent
🪎	argent | argenterie | bijoux | butin | coffre au trésor | objets de valeur | or | pierre précieuse | richesse
💴	argent | billet | billet de banque | billet en yens | payer | yens
💵	argent | billet | billet de banque | billet en dollars | dollar | payer
💶	argent | billet | billet de banque | billet en euros | euros | payer
💷	argent | billet | billet de banque | billet en livres | livres | payer
💸	ailes | argent | billet | billet avec des ailes | billet de banque | dollars | payer
💳	argent | bancaire | banque | carte | carte bancaire | carte de crédit | payer
🧾	compta | comptabilité | comptable | facture | faire les comptes | justificatif | preuve | reçu | ticket de caisse
💹	banque | courbe avec yen en hausse | croissance | devise | graphique | hausse | marché | monnaie | tendance | yen
✉️	courrier électronique | e-mail | enveloppe | lettre | message
📧	courriel | courrier électronique | e-mail | lettre | message
📨	courriel | courrier | courrier électronique | e-mail | enveloppe | envoyer | lettre | message | message reçu | message électronique | recevoir
📩	communication | courriel | courrier électronique | e-mail | enveloppe | enveloppe avec flèche | envoi | envoyer | flèche | message | message envoyé | message électronique
📤	boîte d’envoi | courriel | courrier électronique | e-mail | envoyer | flèche | lettre | message | message électronique
📥	boîte de réception | courriel | courrier électronique | e-mail | flèche | lettre | message | message électronique | recevoir
📦	boîte | colis | livraison | paquet
📫	boîte aux lettres | boîte aux lettres fermée drapeau levé | courrier
📪	boîte aux lettres | boîte aux lettres fermée drapeau baissé | courrier
📬	boîte aux lettres | boîte aux lettres ouverte drapeau levé | courrier
📭	boîte aux lettres | boîte aux lettres ouverte drapeau baissé | courrier
📮	boîte aux lettres | courrier | poste
🗳️	a voté | bulletin de vote | urne | urne électorale | urne électorale avec un bulletin | voter
✏️	crayon | crayon à papier | gomme | mine
✒️	stylo | stylo plume noir | écrire
🖋️	stylo | stylo plume | écrire
🖊️	stylo | stylo bille | stylo-bille | écrire
🖌️	peinture | pinceau
🖍️	crayon pastel | pastel | rouge
📝	bloc-notes | crayon | mémo | écrire
💼	accessoire | bureau | cartable | porte-documents
📁	dossier | fichier | répertoire
📂	dossier | dossier ouvert | ouvrir | ouvrir le dossier | répertoire
🗂️	classement | classeur | index | intercalaire | intercalaires
📅	calendrier | date
📆	agenda | calendrier | date | planning | éphéméride
🗒️	bloc-notes à spirale | bloc-notes à spirales | cahier | notes
🗓️	bloc-notes | calendrier | calendrier à spirale | calendrier à spirales
📇	carnet d’adresses | carte | fiche | index | rolodex | vintage
📈	croissance | données | graphique | graphique en hausse | hausse | haut | tendance
📉	baisse | bas | chute | données | graphique | graphique en baisse | négatif | tendance
📊	données | graphique | graphiques à barres
📋	fournitures | liste | porte-bloc | presse-papiers
📌	fournitures | punaise
📍	carte | emplacement | fournitures | punaise ronde | épingle
📎	fournitures | trombone
🖇️	fournitures | trombones
📏	fournitures | mathématiques | règle | règle plate
📐	fournitures | mathématiques | équerre
✂️	ciseaux | couper | découper | fournitures | papier
🗃️	boîte à dossiers | classeur | dossier
🗄️	classement | classer | classeur | dossier | meuble | meuble à dossiers
🗑️	corbeille | corbeille à papiers | poubelle
🔒	cadenas | cadenas fermé | privé | verrouiller | verrouillé
🔓	cadenas | cadenas ouvert | déverrouiller | ouvert | ouvrir
🔏	cadenas avec un stylo plume | cadenas fermé avec stylo | confidentiel | privé | stylo plume | verrouillé
🔐	cadenas | cadenas avec une clé | cadenas fermé avec clé | clé | fermé | privé | sécurisé | verrouillé
🔑	clé | mot de passe | ouvrir | serrure
🗝️	clé | clé ancienne | fermer | indice | serrure | verrouiller
🔨	marteau | outil | réparer | travaux
🪓	bois | bûcheron | fendre | hache | hachette
⛏️	mine | outil | pioche
⚒️	burin | marteau | marteau et burin | marteau et pioche | outil | outils | pioche
🛠️	clé | clé à molette | marteau | marteau et clé à molette | outil | outils
🗡️	arme | couteau | dague | poignard
⚔️	arme | armes | croisées | épées | épées croisées
💣	BD | bande dessinée | bombe | boum | danger | dessin | explosion
🪃	aborigène | australie | boomerang | jeu | outil | retour | répercussion
🏹	Sagittaire | arc | arc et flèche | archer | astrologie | flèche | horoscope | sport | tir à l’arc | zodiaque
🛡️	arme | bouclier
🪚	bois | outil | scie | scie à bois | scie égoïne | scier
🔧	clé | clé à molette | outil | travaux
🪛	outil | outillage | tournevis | vis
🔩	boulon | outil | travaux | vis | vis et écrou | écrou
⚙️	engrenage | outil | roue dentée
🗜️	compresser | comprimer | outil | serre-joint | serre-joints
⚖️	astrologie | balance | balance à poids | horoscope | justice | poids | zodiaque
🦯	accessibilité | aveugle | canne blanche | déficient visuel | malvoyant
🔗	chaîne | chaînons | maillons | mousqueton
⛓️‍💥	chaîne | chaîne brisée | chaîne cassée | chaîne rompue | liberté
⛓️	chaîne | chaînes
🪝	accrocher | appâter | attraper | capitaine | crochet | ferrer | hameçon | hameçonner
🧰	boîte à outils | caisse à outils | coffre | mécanique | mécano | outil | outils
🧲	aimant | aimanter | attirer | attraction | fer à cheval | magnet | magnétique | positif négatif
🪜	ascension | barreau | escabeau | grimper | monter | échelle | échelon
🪏	bêche | creuser | pelle | trou
⚗️	alambic | chimie | outil
🧪	chimie | chimiste | expérience | expérimentation | labo | laboratoire | réaction | science | sciences | tube à essai
🧫	bactérie | bactériologie | biologie | biologiste | boîte de petri | boîte de pétri | culture | labo | laboratoire | micro-organismes | microbiologie | science
🧬	adn | biologie | biologiste | gène | génétique | science | vie | évolution
🔬	expérience | laboratoire | microscope | outil | science
🔭	astronomie | espace | outil | planètes | science | télescope
📡	antenne | antenne parabolique | antenne satellite | parabole | satellite | science
💉	aiguille | docteur | malade | médecine | piqûre | seringue | vaccin | vaccination
🩸	don du sang | goutte de sang | menstruation | menstruations | médecine | règles | sang
💊	docteur | gélule | malade | médecine | médicament | pilule | vitamines
🩹	bandage | bobo | médecine | pansement | premiers secours | sparadrap
🩼	accident | aide | blessé | boiter | béquille | canne | handicap
🩺	cœur | diagnostic | docteur | médecin | médecine | poumons | stéthoscope
🩻	cage thoracique | docteur | médical | os | radiographie | rayons X | squelette
🚪	placard | porte | porte d’entrée
🛗	accessibilité | ascenseur | descente | monte-charge | monte-personnes | montée
🪞	beauté | glace | image | maquillage | miroir | psyché | reflet
🪟	air frais | cadre | carreaux | fenêtre | ouverture | transparent | vitre | vue
🛏️	dormir | hôtel | lit
🛋️	canapé | canapé avec une lampe | canapé et lampe | lampe
🪑	assis | chaise | siège
🚽	WC | cabinets | toilettes
🪠	bouché | déboucheur | dégorgement | outil | plombier | succion | toilettes | ventouse
🚿	douche | eau | pommeau de douche
🛁	baignoire | bain | mousse
🪤	appât | apât | fromage | leurre | piège | piège à souris | rat | tapette | tapette à souris
🪒	coupant | lame | raser | rasoir | tranchant
🧴	après-shampoing | bouteille de lotion | crème hydratante | crème pour le corps | crème solaire | flacon | hydratant | lotion | shampoing | shampooing
🧷	couche | imperdable | lange | punk rock | épingle de nourrice | épingle de sûreté | épingle à nourrice
🧹	balai | balais | balayage | ménage | nettoie | nettoyage | nettoyer | nettoyé | sorcière
🧺	agriculture | cueillette | lessive | linge | panier | pique-nique
🧻	essuie-tout | papier hygiénique | papier toilette | rouleau de papier | rouleau de pq
🪣	conteneur | plage | seau
🧼	bain | bulles | lavage | laver | me lave | me laver | mousse | pain de savon | porte-savon | savon | se lave | se laver
🫧	bulle | bulles | propre | savon | sous l’eau
🪥	brosse | brosse à dents | brosser les dents | dentaire | dents | hygiène | laver | laver les dents | salle de bain
🧽	absorbante | absorbe | laver | nettoyage | nettoyer | poreuse | savonner | éponge
🧯	chaud | extincteur | feu | fire | incendie | éteindre
🛒	caddie | chariot | courses | panier | shopping | supermarché
🚬	cigarette | cigarette allumée | fumer | fumeur | signe Fumeur
⚰️	cercueil | enterrement | mort | obsèques | vampire
🪦	RIP | cimetière | enterrement | funérailles | mort | mémorial | pierre tombale | stèle | sépulture | tombe
⚱️	cendres | mort | obsèques | urne | urne funéraire
🧿	amulette | l’oeil bleu | mauvais oeil | mauvais œil | nazar | nazar boncuk | nazarboncuk | perle | superstition | talisman | talisman turc | œil bleu
🪬	Fatma | Myriam | amulette | chance | hamsa | khamsa | main de Fatma | protection
🗿	moai | moaï | monolithe | statue | voyage | île de Pâques
🪧	affiche | grève | manifestation | pancarte | panneau | protestation | signe | écriteau
🪪	carte d’identité | justificatif | papiers | permis de conduire | pièce d’identité | sécurité
🏧	argent | banque | dab | distributeur | distributeur automatiques de billets | distributeur de billets | guichet automatique | retrait
🚮	corbeille | déchets | icône Poubelle | jeter | poubelle
🚰	eau | eau du robinet | eau potable | robinet
♿	accès | accès handicapés | fauteuil roulant | mobilité réduite | symbole Accès handicapés
🚹	WC | homme | symbole Homme | symbole Toilettes hommes | toilettes
🚺	WC | femme | symbole Femme | symbole Toilettes femmes | toilettes
🚻	WC | panneau Toilettes | toilettes
🚼	bébé | espace de change | symbole Bébé
🚾	WC | toilettes
🛂	contrôle | contrôle des passeports | passeport
🛃	douane | douanes
🛄	arrivée | avion | aéroport | bagages | retrait des bagages | valise | voyage
🛅	bagages | casier | clé | consigne | valise
⚠️	attention | avertissement | symbole d’avertissement
🚸	circulation | enfants | piétons | traversée d’enfants | école
⛔	circulation | entrée interdite | interdiction | interdit | non | panneau | sens interdit
🚫	entrée interdite | interdiction | interdit | symbole d’interdiction
🚳	bicyclette | interdiction | interdit | vélo | vélos interdits
🚭	cigarette barrée | fumer | interdiction | interdiction de fumer | interdit | interdit de fumer
🚯	déchets | dépôt d’ordures interdit | interdiction | interdit | ne pas jeter
🚱	eau | eau non potable | imbuvable | interdiction | interdit | ne pas boire
🚷	interdiction | interdit | interdit aux piétons
📵	interdiction | interdit | portable | téléphone | téléphones portables interdits
🔞	18 ans et plus | dix-huit | interdiction | interdit | interdit aux mineurs | interdit aux moins de dix-huit ans | limite d’âge | majorité | mineur
☢️	radioactif | radioactivité | symbole
☣️	danger | danger biologique | symbole
⬆️	direction | flèche | flèche haut | nord | sens
↗️	direction | flèche | flèche haut droite | nord-est | sens
➡️	direction | droite | est | flèche | flèche droite | sens
↘️	direction | flèche | flèche bas droite | sens | sud-est
⬇️	direction | flèche | flèche bas | sens | sud
↙️	direction | flèche | flèche bas gauche | sens | sud-ouest
⬅️	direction | flèche | flèche gauche | ouest | sens
↖️	direction | flèche | flèche haut gauche | nord-ouest | sens
↕️	flèche | flèche dans les deux sens | flèche haut bas
↔️	flèche | flèche gauche droite
↩️	flèche | flèche courbe gauche
↪️	flèche | flèche courbe droite
⤴️	flèche | flèche courbe haut | flèche courbe vers la droite et le haut
⤵️	bas | flèche | flèche courbe bas
🔃	actualiser | flèche | flèches dans le sens horaire | sens des aiguilles d’une montre | sens horaire | symbole Recharger
🔄	actualiser | flèche | flèches | flèches dans le sens antihoraire | retour | sens antihoraire | sens contraire des aiguilles d’une montre | sens horaire inverse | sens inverse des aiguilles d’une montre
🔙	flèche | flèche Retour | flèche vers la gauche | retour
🔚	fin | flèche | flèche Fin | flèche vers la gauche
🔛	activé | droite et gauche | flèche | flèche Activé | flèche dans les deux sens
🔜	bientôt | flèche | flèche Bientôt
🔝	flèche | flèche En haut | flèche vers le haut | haut
🛐	culte | lieu de culte | prier | religion
⚛️	athée | atome | symbole de l’atome
🕉️	hindou | om | religion
✡️	David | Juif | judaïsme | juif | juive | religion | étoile | étoile de David
☸️	bouddhisme | bouddhiste | dharma | religion | roue | roue de dharma | roue du Dharma
☯️	complémentaire | religion | tao | taoïsme | yang | yin | yin yang
✝️	chrétien | chrétienne | croix | croix latine | religion
☦️	chrétien | chrétienne | croix | croix orthodoxe | religion
☪️	islam | lune | lune et étoile | musulman | musulmane | ramadan | religion | étoile
☮️	paix | paix et amour | peace and love | symbole de paix
🕎	Hanoucca | Hanoukka | candélabre | chandelier | chandelier à sept branches | judaïsme | juif | juive | menora | menorah | religion
🔯	chance | judaïsme | juif | juive | étoile | étoile à 6 branches
🪯	deg tegh fateh | foi | khalsa | khanda | religion | sikh | sikhisme
♈	Bélier | astrologie | bélier zodiaque | horoscope | zodiaque
♉	Taureau | astrologie | horoscope | taureau | zodiaque
♊	Gémeaux | astrologie | gémeaux | horoscope | zodiaque
♋	Cancer | astrologie | cancer | crabe | horoscope | zodiaque
♌	Lion | astrologie | horoscope | lion | zodiaque
♍	Vierge | astrologie | horoscope | vierge | zodiaque
♎	Balance | astrologie | balance | horoscope | justice | zodiaque
♏	Scorpion | astrologie | horoscope | scorpion zodiaque | zodiaque
♐	Sagittaire | astrologie | horoscope | sagittaire | zodiaque
♑	Capricorne | astrologie | capricorne | chèvre | horoscope | zodiaque
♒	Verseau | astrologie | eau | horoscope | verseau | zodiaque
♓	Poissons | astrologie | horoscope | poissons | zodiaque
⛎	Ophiuchus | ophiuchus | serpent | serpentaire | zodiaque
🔀	bouton lecture aléatoire | flèche | flèches croisées | lecture aléatoire
🔁	bouton répéter | bouton répétition | flèche | flèches en cercle | répéter | sens des aiguilles d’une montre | sens horaire
🔂	bouton répétition de la piste | flèche | flèches en cercle avec n°1 | répéter | répéter une fois | sens des aiguilles d’une montre | sens horaire
▶️	bouton lecture | droite | flèche | lecture | lire | triangle
⏩	avance | avance rapide | bouton | bouton avance rapide | double flèche | flèche Avance rapide
⏭️	bouton piste suivante | bouton suivant | double flèche | piste suivante | scène suivante | suivant | triangle
⏯️	bouton lecture/pause | flèche | lecture | pause | triangle
◀️	bouton retour | flèche | gauche | retour | triangle
⏪	bouton | bouton retour rapide | double flèche | flèche | flèche Retour rapide | retour | retour rapide
⏮️	bouton piste précédente | bouton précédent | flèche | piste précédente | précédent | scène précédente | triangle
🔼	bouton haut | flèche | haut | petit triangle haut
⏫	double flèche vers le haut | flèche double | flèche vers le haut | haut | rapide
🔽	bas | bouton bas | flèche | petit triangle bas
⏬	bas | double flèche vers le bas | flèche double | flèche vers le bas | rapide
⏸️	bouton pause | pause
⏹️	bouton stop | carré | stop
⏺️	bouton enregistrer | cercle | enregistrement | enregistrer | point blanc
⏏️	bouton éjecter | éjecter
🎦	caméra | cinéma | film
🔅	brillance | luminosité | luminosité faible | lumière | soleil
🔆	brillance | luminosité | luminosité élevée | lumière | soleil
📶	barres de réseau | communication | couverture | portable | réception | réseau | téléphone
🛜	Wi-Fi | connexion | haut débit | hotspot | internet | ordinateur | routeur | réseau | sans fil | smartphone | wifi | wlan
📳	communication | mode vibreur | portable | téléphone | vibreur
📴	portable | téléphone | téléphone éteint | éteindre
♀️	femme | symbole de la femme
♂️	homme | symbole de l’homme
⚧️	symbole de la communauté transgenre | transgenre
✖️	* | annuler | croix noire | multiplication | multiplier | non | signe multiplier | x | ×
➕	+ | addition | ajouter | arithmétique | mathématiques | plus | signe Plus | signe plus | somme
➖	- | arithmétique | mathématiques | moins | signe Moins | signe moins | soustraction | soustraire | −
➗	algèbre | diviser | division | math | mathématique | mathématiques | signe | signe diviser | ÷
🟰	mathématiques | réponse | signe égal gras | égal | égalité
♾️	illimité | infini | universel | éternité
‼️	! | !! | double point d’exclamation | exclamation | point | ponctuation | surprise
⁉️	! | !? | ? | exclamation | interrogation | point d’exclamation et d’interrogation | points d’exclamation et d’interrogation | ponctuation | question | surprise
❓	? | interrogation | point d’interrogation | point d’interrogation rouge | ponctuation | question
❔	? | interrogation | point d’interrogation blanc | ponctuation | question
❕	! | exclamation | point d’exclamation blanc | ponctuation | surprise
❗	! | exclamation | point d’exclamation | point d’exclamation rouge | ponctuation
〰️	ligne ondulée | ponctuation | tiret | trait d’union ondulé | vague
💱	argent | banque | change | conversion | conversion de devise | devise
💲	argent | devise | dollar | espèces | payer | symbole dollar
⚕️	Esculape | caducée | docteur | médecine | personnel
♻️	recyclage | symbole Recyclage
⚜️	blason | fleur de lis | fleur de lys | reine | roi | royauté française
🔱	Poséidon | ancre | bateau | fourche | mer | trident
📛	badge | badge nominatif | nom
🔰	chevron | chevron jaune et vert | débutant | symbole japonais | symbole japonais de débutant
⭕	0 | O | anneau | cercle | cercle rouge | gros cercle | o | rouge
✅	OK | bouton coché | carré | coche | coche blanche | marque | oui | sélection | terminé | voilà | ✓
☑️	OK | bouton | carré | case cochée | coche | oui | sélection | terminé | voilà | ✓
✔️	OK | coche | coche noire | oui | sélection | terminé | voilà | ✓
❌	annuler | croix | croix rouge | multiplication | multiplier | x | ×
❎	bouton croix | croix | multiplier | vert | x | ×
➰	boucle | bouclette
➿	boucle | double boucle
〽️	alternance | symbole
✳️	* | astérique | astérique huit branches | astérisque | astérisque huit branches | huit | étoile
✴️	* | astérisque | huit | étoile | étoile huit branches
❇️	* | briller | scintiller | éclat | étinceler | étincelle
©️	c | copyright | droits d’auteur | propriété intellectuelle | symbole Copyright | symbole copyright | ©
®️	marque commerciale | marque déposée | r | ®
™️	TM | marque commerciale déposée | marque déposée
🫟	holi | peinture | tache | éclaboussure
#️⃣	touches | touches : #
*️⃣	touches | touches : *
0️⃣	0 | touches | touches : 0 | zéro
1️⃣	1 | touches | touches : 1 | un
2️⃣	2 | deux | touches | touches : 2
3️⃣	3 | touches | touches : 3 | trois
4️⃣	4 | quatre | touches | touches : 4
5️⃣	5 | cinq | touches | touches : 5
6️⃣	6 | six | touches | touches : 6
7️⃣	7 | sept | touches | touches : 7
8️⃣	8 | huit | touches | touches : 8
9️⃣	9 | neuf | touches | touches : 9
🔟	touches | touches : 10
🔠	ABCD | alphabet latin | lettres | lettres latines | majuscules | saisie | saisie en lettres majuscules
🔡	abcd | alphabet latin | lettre | lettres | lettres latines | minuscules | saisie | saisie de lettres minuscules
🔢	1234 | chiffres | saisie | saisie de chiffres
🔣	saisie | saisie de symboles | symboles
🔤	abc | alphabet | alphabet latin | lettres | saisie | saisie de lettres
🅰️	A | groupe sanguin | groupe sanguin A
🆎	AB | groupe sanguin | groupe sanguin AB
🅱️	B | groupe sanguin | groupe sanguin B
🆑	CL | bouton Effacer | effacer | icône Effacer
🆒	bouton Cool | cool | icône Cool
🆓	bouton Gratuit | gratuit | icône Gratuit
ℹ️	guichet d’informations | i | informations | source d’informations
🆔	ID | bouton | bouton Identifiant | icône Identifiant | identifiant
Ⓜ️	cercle | m | m encerclé
🆕	bouton Nouveau | icône Nouveau | nouveau | nouveauté
🆖	NG | bouton NG | bouton Pas bien | interdit | mauvais
🅾️	O | groupe sanguin | groupe sanguin O
🆗	OK | bouton OK | icône OK
🅿️	P | bouton | bouton P | panneau parking | parking
🆘	SOS | au secours | bouton SOS | icône SOS | à l’aide
🆙	bouton Vers le haut | icône Nouveauté | nouveau | nouveauté | up
🆚	bouton VS | contre | icône Contre | versus | vs
🈁	bouton ici en japonais | ici | idéogramme | idéogramme katakana ici | japonais
🈂️	bouton frais de service en japonais | frais de service | idéogramme katakana | japonais
🈷️	bouton montant mensuel en japonais | idéogramme | japonais | montant mensuel
🈶	bouton pas gratuit en japonais | idéogramme | japonais | pas gratuit | payant
🈯	bouton réservé en japonais | idéogramme | japonais | réservé
🉐	bonne affaire | bouton bonne affaire en japonais | idéogramme | idéogramme avantage | japonais
🈹	bouton réduction en japonais | idéogramme | japonais | rabais | réduction
🈚	bouton gratuit en japonais | gratuit | idéogramme | japonais
🈲	bouton interdit en japonais | idéogramme | idéogramme interdit | japonais
🉑	acceptable | accepter | bouton accepter en japonais | idéogramme | japonais
🈸	application | bouton application en japonais | idéogramme | idéogramme appliquer | japonais
🈴	bouton note pour réussir en japonais | idéogramme | japonais | note de passage | note pour réussir
🈳	bouton chambres disponibles en japonais | chambres disponibles | idéogramme | idéogramme vide | japonais
㊗️	bouton félicitations en japonais | félicitations | idéogramme | japonais
㊙️	bouton secret en japonais | idéogramme | japonais | secret
🈺	bouton ouvert pour affaires en japonais | idéogramme | japonais | ouvert | ouvert pour affaires
🈵	bouton complet en japonais | complet | idéogramme | idéogramme plénitude | japonais
🔴	cercle | disque rouge | forme géométrique | géométrie | rond | rouge
🟠	cercle | disque orange | forme géométrique | géométrie | orange | rond
🟡	cercle | disque jaune | forme géométrique | géométrie | jaune | rond
🟢	cercle | disque vert | forme géométrique | géométrie | rond | vert
🔵	bleu | cercle | disque bleu | forme géométrique | géométrie | rond
🟣	cercle | disque violet | forme géométrique | géométrie | rond | violet
🟤	brun | cercle | disque brun | disque marron | forme géométrique | géométrie | marron | rond
⚫	cercle | disque noir | forme géométrique | géométrie | noir | rond
⚪	blanc | cercle | disque blanc | forme géométrique | géométrie | rond
🟥	carré | carré rouge | forme géométrique | géométrie | rouge
🟧	carré | carré orange | forme géométrique | géométrie | orange
🟨	carré | carré jaune | forme géométrique | géométrie | jaune
🟩	carré | carré vert | forme géométrique | géométrie | vert
🟦	bleu | carré | carré bleu | forme géométrique | géométrie
🟪	carré | carré violet | forme géométrique | géométrie | violet
🟫	carré | carré brun | carré marron | forme géométrique | géométrie | marron
⬛	carré | forme | forme géométrique | grand carré noir | géométrie
⬜	carré | forme | grand carré blanc | géométrie
◼️	carré | carré moyen noir | forme | forme géométrique | géométrie
◻️	carré | carré moyen blanc | forme | forme géométrique | géométrie
◾	carré | carré petit moyen noir | forme | géométrie
◽	carré | carré petit moyen blanc | forme | géométrie
▪️	carré | forme | forme géométrique | géométrie | petit carré noir
▫️	carré | forme | forme géométrique | géométrie | petit carré blanc
🔶	forme géométrique | grand losange orange | géométrie | losange
🔷	forme géométrique | grand losange bleu | grand losange orange | géométrie | losange
🔸	forme géométrique | géométrie | losange | petit losange orange
🔹	forme géométrique | géométrie | losange | petit losange bleu
🔺	flèche | forme géométrique | géométrie | rouge | triangle haut | triangle rouge pointant vers le haut | triangle rouge pointé vers le haut
🔻	bas | flèche | forme | géométrie | rouge | triangle bas | triangle rouge pointant vers le bas | triangle rouge pointé vers le bas
💠	BD | bande dessinée | dessin | diamant | diamant avec un point | géométrie | géométrique | intérieur
🔘	bouton | bouton radio | forme | géométrie | géométrique | radio | rond
🔳	bouton | carré | carré blanc | forme | géométrie
🔲	bouton | carré | carré noir | forme | géométrie
🏁	course automobile | damier | drapeau | drapeau à damier | formule 1 | ligne d’arrivée | sport automobile | vainqueur
🚩	drapeau | drapeau rouge | drapeau triangulaire | fanion | golf
🎌	drapeaux | drapeaux croisés | japonais
🏴	drapeau | drapeau noir | drapeau qui flotte au vent
🏳️	drapeau | drapeau blanc | drapeau qui flotte au vent
🏳️‍🌈	arc-en-ciel | drapeau | drapeau arc-en-ciel | lgbt
🏳️‍⚧️	blanc | bleu clair | drapeau transgenre | rose | transgenre
🏴‍☠️	drapeau de pirate | pillage | piller | pirate | trésor
🇦🇨	drapeau | drapeau : Île de l’Ascension
🇦🇩	drapeau | drapeau : Andorre
🇦🇪	drapeau | drapeau : Émirats arabes unis
🇦🇫	drapeau | drapeau : Afghanistan
🇦🇬	drapeau | drapeau : Antigua-et-Barbuda
🇦🇮	drapeau | drapeau : Anguilla
🇦🇱	drapeau | drapeau : Albanie
🇦🇲	drapeau | drapeau : Arménie
🇦🇴	drapeau | drapeau : Angola
🇦🇶	drapeau | drapeau : Antarctique
🇦🇷	drapeau | drapeau : Argentine
🇦🇸	drapeau | drapeau : Samoa américaines
🇦🇹	drapeau | drapeau : Autriche
🇦🇺	drapeau | drapeau : Australie
🇦🇼	drapeau | drapeau : Aruba
🇦🇽	drapeau | drapeau : Îles Åland
🇦🇿	drapeau | drapeau : Azerbaïdjan
🇧🇦	drapeau | drapeau : Bosnie-Herzégovine
🇧🇧	drapeau | drapeau : Barbade
🇧🇩	drapeau | drapeau : Bangladesh
🇧🇪	drapeau | drapeau : Belgique
🇧🇫	drapeau | drapeau : Burkina Faso
🇧🇬	drapeau | drapeau : Bulgarie
🇧🇭	drapeau | drapeau : Bahreïn
🇧🇮	drapeau | drapeau : Burundi
🇧🇯	drapeau | drapeau : Bénin
🇧🇱	drapeau | drapeau : Saint-Barthélemy
🇧🇲	drapeau | drapeau : Bermudes
🇧🇳	drapeau | drapeau : Brunei
🇧🇴	drapeau | drapeau : Bolivie
🇧🇶	drapeau | drapeau : Pays-Bas caribéens
🇧🇷	drapeau | drapeau : Brésil
🇧🇸	drapeau | drapeau : Bahamas
🇧🇹	drapeau | drapeau : Bhoutan
🇧🇻	drapeau | drapeau : Île Bouvet
🇧🇼	drapeau | drapeau : Botswana
🇧🇾	drapeau | drapeau : Biélorussie
🇧🇿	drapeau | drapeau : Belize
🇨🇦	drapeau | drapeau : Canada
🇨🇨	drapeau | drapeau : Îles Cocos
🇨🇩	drapeau | drapeau : Congo-Kinshasa
🇨🇫	drapeau | drapeau : République centrafricaine
🇨🇬	drapeau | drapeau : Congo-Brazzaville
🇨🇭	drapeau | drapeau : Suisse
🇨🇮	drapeau | drapeau : Côte d’Ivoire
🇨🇰	drapeau | drapeau : Îles Cook
🇨🇱	drapeau | drapeau : Chili
🇨🇲	drapeau | drapeau : Cameroun
🇨🇳	drapeau | drapeau : Chine
🇨🇴	drapeau | drapeau : Colombie
🇨🇵	drapeau | drapeau : Île Clipperton
🇨🇶	drapeau | drapeau : Sercq
🇨🇷	drapeau | drapeau : Costa Rica
🇨🇺	drapeau | drapeau : Cuba
🇨🇻	drapeau | drapeau : Cap-Vert
🇨🇼	drapeau | drapeau : Curaçao
🇨🇽	drapeau | drapeau : Île Christmas
🇨🇾	drapeau | drapeau : Chypre
🇨🇿	drapeau | drapeau : Tchéquie
🇩🇪	drapeau | drapeau : Allemagne
🇩🇬	drapeau | drapeau : Diego Garcia
🇩🇯	drapeau | drapeau : Djibouti
🇩🇰	drapeau | drapeau : Danemark
🇩🇲	drapeau | drapeau : Dominique
🇩🇴	drapeau | drapeau : République dominicaine
🇩🇿	drapeau | drapeau : Algérie
🇪🇦	drapeau | drapeau : Ceuta et Melilla
🇪🇨	drapeau | drapeau : Équateur
🇪🇪	drapeau | drapeau : Estonie
🇪🇬	drapeau | drapeau : Égypte
🇪🇭	drapeau | drapeau : Sahara occidental
🇪🇷	drapeau | drapeau : Érythrée
🇪🇸	drapeau | drapeau : Espagne
🇪🇹	drapeau | drapeau : Éthiopie
🇪🇺	drapeau | drapeau : Union européenne
🇫🇮	drapeau | drapeau : Finlande
🇫🇯	drapeau | drapeau : Fidji
🇫🇰	drapeau | drapeau : Îles Malouines
🇫🇲	drapeau | drapeau : Micronésie
🇫🇴	drapeau | drapeau : Îles Féroé
🇫🇷	drapeau | drapeau : France
🇬🇦	drapeau | drapeau : Gabon
🇬🇧	drapeau | drapeau : Royaume-Uni
🇬🇩	drapeau | drapeau : Grenade
🇬🇪	drapeau | drapeau : Géorgie
🇬🇫	drapeau | drapeau : Guyane française
🇬🇬	drapeau | drapeau : Guernesey
🇬🇭	drapeau | drapeau : Ghana
🇬🇮	drapeau | drapeau : Gibraltar
🇬🇱	drapeau | drapeau : Groenland
🇬🇲	drapeau | drapeau : Gambie
🇬🇳	drapeau | drapeau : Guinée
🇬🇵	drapeau | drapeau : Guadeloupe
🇬🇶	drapeau | drapeau : Guinée équatoriale
🇬🇷	drapeau | drapeau : Grèce
🇬🇸	drapeau | drapeau : Géorgie du Sud-et-les Îles Sandwich du Sud
🇬🇹	drapeau | drapeau : Guatemala
🇬🇺	drapeau | drapeau : Guam
🇬🇼	drapeau | drapeau : Guinée-Bissau
🇬🇾	drapeau | drapeau : Guyana
🇭🇰	drapeau | drapeau : R.A.S. chinoise de Hong Kong
🇭🇲	drapeau | drapeau : Îles Heard-et-MacDonald
🇭🇳	drapeau | drapeau : Honduras
🇭🇷	drapeau | drapeau : Croatie
🇭🇹	drapeau | drapeau : Haïti
🇭🇺	drapeau | drapeau : Hongrie
🇮🇨	drapeau | drapeau : Îles Canaries
🇮🇩	drapeau | drapeau : Indonésie
🇮🇪	drapeau | drapeau : Irlande
🇮🇱	drapeau | drapeau : Israël
🇮🇲	drapeau | drapeau : Île de Man
🇮🇳	drapeau | drapeau : Inde
🇮🇴	drapeau | drapeau : Territoire britannique de l’océan Indien
🇮🇶	drapeau | drapeau : Irak
🇮🇷	drapeau | drapeau : Iran
🇮🇸	drapeau | drapeau : Islande
🇮🇹	drapeau | drapeau : Italie
🇯🇪	drapeau | drapeau : Jersey
🇯🇲	drapeau | drapeau : Jamaïque
🇯🇴	drapeau | drapeau : Jordanie
🇯🇵	drapeau | drapeau : Japon
🇰🇪	drapeau | drapeau : Kenya
🇰🇬	drapeau | drapeau : Kirghizstan
🇰🇭	drapeau | drapeau : Cambodge
🇰🇮	drapeau | drapeau : Kiribati
🇰🇲	drapeau | drapeau : Comores
🇰🇳	drapeau | drapeau : Saint-Christophe-et-Niévès
🇰🇵	drapeau | drapeau : Corée du Nord
🇰🇷	drapeau | drapeau : Corée du Sud
🇰🇼	drapeau | drapeau : Koweït
🇰🇾	drapeau | drapeau : Îles Caïmans
🇰🇿	drapeau | drapeau : Kazakhstan
🇱🇦	drapeau | drapeau : Laos
🇱🇧	drapeau | drapeau : Liban
🇱🇨	drapeau | drapeau : Sainte-Lucie
🇱🇮	drapeau | drapeau : Liechtenstein
🇱🇰	drapeau | drapeau : Sri Lanka
🇱🇷	drapeau | drapeau : Liberia
🇱🇸	drapeau | drapeau : Lesotho
🇱🇹	drapeau | drapeau : Lituanie
🇱🇺	drapeau | drapeau : Luxembourg
🇱🇻	drapeau | drapeau : Lettonie
🇱🇾	drapeau | drapeau : Libye
🇲🇦	drapeau | drapeau : Maroc
🇲🇨	drapeau | drapeau : Monaco
🇲🇩	drapeau | drapeau : Moldavie
🇲🇪	drapeau | drapeau : Monténégro
🇲🇫	drapeau | drapeau : Saint-Martin
🇲🇬	drapeau | drapeau : Madagascar
🇲🇭	drapeau | drapeau : Îles Marshall
🇲🇰	drapeau | drapeau : Macédoine du Nord
🇲🇱	drapeau | drapeau : Mali
🇲🇲	drapeau | drapeau : Myanmar (Birmanie)
🇲🇳	drapeau | drapeau : Mongolie
🇲🇴	drapeau | drapeau : R.A.S. chinoise de Macao
🇲🇵	drapeau | drapeau : Îles Mariannes du Nord
🇲🇶	drapeau | drapeau : Martinique
🇲🇷	drapeau | drapeau : Mauritanie
🇲🇸	drapeau | drapeau : Montserrat
🇲🇹	drapeau | drapeau : Malte
🇲🇺	drapeau | drapeau : Maurice
🇲🇻	drapeau | drapeau : Maldives
🇲🇼	drapeau | drapeau : Malawi
🇲🇽	drapeau | drapeau : Mexique
🇲🇾	drapeau | drapeau : Malaisie
🇲🇿	drapeau | drapeau : Mozambique
🇳🇦	drapeau | drapeau : Namibie
🇳🇨	drapeau | drapeau : Nouvelle-Calédonie
🇳🇪	drapeau | drapeau : Niger
🇳🇫	drapeau | drapeau : Île Norfolk
🇳🇬	drapeau | drapeau : Nigeria
🇳🇮	drapeau | drapeau : Nicaragua
🇳🇱	drapeau | drapeau : Pays-Bas
🇳🇴	drapeau | drapeau : Norvège
🇳🇵	drapeau | drapeau : Népal
🇳🇷	drapeau | drapeau : Nauru
🇳🇺	drapeau | drapeau : Niue
🇳🇿	drapeau | drapeau : Nouvelle-Zélande
🇴🇲	drapeau | drapeau : Oman
🇵🇦	drapeau | drapeau : Panama
🇵🇪	drapeau | drapeau : Pérou
🇵🇫	drapeau | drapeau : Polynésie française
🇵🇬	drapeau | drapeau : Papouasie-Nouvelle-Guinée
🇵🇭	drapeau | drapeau : Philippines
🇵🇰	drapeau | drapeau : Pakistan
🇵🇱	drapeau | drapeau : Pologne
🇵🇲	drapeau | drapeau : Saint-Pierre-et-Miquelon
🇵🇳	drapeau | drapeau : Îles Pitcairn
🇵🇷	drapeau | drapeau : Porto Rico
🇵🇸	drapeau | drapeau : Territoires palestiniens
🇵🇹	drapeau | drapeau : Portugal
🇵🇼	drapeau | drapeau : Palaos
🇵🇾	drapeau | drapeau : Paraguay
🇶🇦	drapeau | drapeau : Qatar
🇷🇪	drapeau | drapeau : La Réunion
🇷🇴	drapeau | drapeau : Roumanie
🇷🇸	drapeau | drapeau : Serbie
🇷🇺	drapeau | drapeau : Russie
🇷🇼	drapeau | drapeau : Rwanda
🇸🇦	drapeau | drapeau : Arabie saoudite
🇸🇧	drapeau | drapeau : Îles Salomon
🇸🇨	drapeau | drapeau : Seychelles
🇸🇩	drapeau | drapeau : Soudan
🇸🇪	drapeau | drapeau : Suède
🇸🇬	drapeau | drapeau : Singapour
🇸🇭	drapeau | drapeau : Sainte-Hélène
🇸🇮	drapeau | drapeau : Slovénie
🇸🇯	drapeau | drapeau : Svalbard et Jan Mayen
🇸🇰	drapeau | drapeau : Slovaquie
🇸🇱	drapeau | drapeau : Sierra Leone
🇸🇲	drapeau | drapeau : Saint-Marin
🇸🇳	drapeau | drapeau : Sénégal
🇸🇴	drapeau | drapeau : Somalie
🇸🇷	drapeau | drapeau : Suriname
🇸🇸	drapeau | drapeau : Soudan du Sud
🇸🇹	drapeau | drapeau : Sao Tomé-et-Principe
🇸🇻	drapeau | drapeau : Salvador
🇸🇽	drapeau | drapeau : Saint-Martin (partie néerlandaise)
🇸🇾	drapeau | drapeau : Syrie
🇸🇿	drapeau | drapeau : Eswatini
🇹🇦	drapeau | drapeau : Tristan da Cunha
🇹🇨	drapeau | drapeau : Îles Turques-et-Caïques
🇹🇩	drapeau | drapeau : Tchad
🇹🇫	drapeau | drapeau : Terres australes françaises
🇹🇬	drapeau | drapeau : Togo
🇹🇭	drapeau | drapeau : Thaïlande
🇹🇯	drapeau | drapeau : Tadjikistan
🇹🇰	drapeau | drapeau : Tokelau
🇹🇱	drapeau | drapeau : Timor oriental
🇹🇲	drapeau | drapeau : Turkménistan
🇹🇳	drapeau | drapeau : Tunisie
🇹🇴	drapeau | drapeau : Tonga
🇹🇷	drapeau | drapeau : Turquie
🇹🇹	drapeau | drapeau : Trinité-et-Tobago
🇹🇻	drapeau | drapeau : Tuvalu
🇹🇼	drapeau | drapeau : Taïwan
🇹🇿	drapeau | drapeau : Tanzanie
🇺🇦	drapeau | drapeau : Ukraine
🇺🇬	drapeau | drapeau : Ouganda
🇺🇲	drapeau | drapeau : Îles mineures éloignées des États-Unis
🇺🇳	drapeau | drapeau : Nations Unies
🇺🇸	drapeau | drapeau : États-Unis
🇺🇾	drapeau | drapeau : Uruguay
🇺🇿	drapeau | drapeau : Ouzbékistan
🇻🇦	drapeau | drapeau : État de la Cité du Vatican
🇻🇨	drapeau | drapeau : Saint-Vincent-et-les Grenadines
🇻🇪	drapeau | drapeau : Venezuela
🇻🇬	drapeau | drapeau : Îles Vierges britanniques
🇻🇮	drapeau | drapeau : Îles Vierges des États-Unis
🇻🇳	drapeau | drapeau : Viêt Nam
🇻🇺	drapeau | drapeau : Vanuatu
🇼🇫	drapeau | drapeau : Wallis-et-Futuna
🇼🇸	drapeau | drapeau : Samoa
🇽🇰	drapeau | drapeau : Kosovo
🇾🇪	drapeau | drapeau : Yémen
🇾🇹	drapeau | drapeau : Mayotte
🇿🇦	drapeau | drapeau : Afrique du Sud
🇿🇲	drapeau | drapeau : Zambie
🇿🇼	drapeau | drapeau : Zimbabwe
🏴󠁧󠁢󠁥󠁮󠁧󠁿	drapeau | drapeau : Angleterre
🏴󠁧󠁢󠁳󠁣󠁴󠁿	drapeau | drapeau : Écosse
🏴󠁧󠁢󠁷󠁬󠁳󠁿	drapeau | drapeau : Pays de Galles
